page,selector,sample_text,px,weight,is_large_text,threshold,fg,bg_sampled,ratio,verdict,method
https://eyalamit-co-il-2026.s887.upress.link/,nav.nav>ul.nav__l>li>a.nav__dd,טיפול בדיג׳רידו▾,18.36,400,False,4.5,"rgb(255,255,255) a=0.82","rgb(82,64,45)",7.264,PASS,"backdrop-only screenshot (text ink hidden via color:transparent), 4x4 grid sample per element, darkest-vs-lightest kept, WCAG relative-luminance ratio against the worse extreme"
https://eyalamit-co-il-2026.s887.upress.link/,ul.nav__l>li>a.nav__dd>span.nav__caret,▾,11.02,400,False,4.5,"rgb(255,255,255) a=0.82","rgb(52,38,25)",10.282,PASS,"backdrop-only screenshot (text ink hidden via color:transparent), 4x4 grid sample per element, darkest-vs-lightest kept, WCAG relative-luminance ratio against the worse extreme"
https://eyalamit-co-il-2026.s887.upress.link/,nav.nav>ul.nav__l>li>a,השיטה,18.36,400,False,4.5,"rgb(255,255,255) a=0.82","rgb(67,51,33)",8.718,PASS,"backdrop-only screenshot (text ink hidden via color:transparent), 4x4 grid sample per element, darkest-vs-lightest kept, WCAG relative-luminance ratio against the worse extreme"
https://eyalamit-co-il-2026.s887.upress.link/,nav.nav>ul.nav__l>li>a,שיעורי דיג׳רידו,18.36,400,False,4.5,"rgb(255,255,255) a=0.82","rgb(65,51,37)",8.762,PASS,"backdrop-only screenshot (text ink hidden via color:transparent), 4x4 grid sample per element, darkest-vs-lightest kept, WCAG relative-luminance ratio against the worse extreme"
https://eyalamit-co-il-2026.s887.upress.link/,nav.nav>ul.nav__l>li>a,סאונד הילינג,18.36,400,False,4.5,"rgb(255,255,255) a=0.82","rgb(66,53,37)",8.575,PASS,"backdrop-only screenshot (text ink hidden via color:transparent), 4x4 grid sample per element, darkest-vs-lightest kept, WCAG relative-luminance ratio against the worse extreme"
https://eyalamit-co-il-2026.s887.upress.link/,nav.nav>ul.nav__l>li>button.nav__dd,לימוד והכשרה▾,18.36,400,False,4.5,"rgb(255,255,255) a=0.82","rgb(27,21,18)",12.315,PASS,"backdrop-only screenshot (text ink hidden via color:transparent), 4x4 grid sample per element, darkest-vs-lightest kept, WCAG relative-luminance ratio against the worse extreme"
https://eyalamit-co-il-2026.s887.upress.link/,ul.nav__l>li>button.nav__dd>span.nav__caret,▾,11.02,400,False,4.5,"rgb(255,255,255) a=0.82","rgb(26,20,17)",12.406,PASS,"backdrop-only screenshot (text ink hidden via color:transparent), 4x4 grid sample per element, darkest-vs-lightest kept, WCAG relative-luminance ratio against the worse extreme"
https://eyalamit-co-il-2026.s887.upress.link/,nav.nav>ul.nav__l>li>a.nav__dd,כלים ואביזרים▾,18.36,400,False,4.5,"rgb(255,255,255) a=0.82","rgb(28,23,19)",12.157,PASS,"backdrop-only screenshot (text ink hidden via color:transparent), 4x4 grid sample per element, darkest-vs-lightest kept, WCAG relative-luminance ratio against the worse extreme"
https://eyalamit-co-il-2026.s887.upress.link/,ul.nav__l>li>a.nav__dd>span.nav__caret,▾,11.02,400,False,4.5,"rgb(255,255,255) a=0.82","rgb(27,21,17)",12.321,PASS,"backdrop-only screenshot (text ink hidden via color:transparent), 4x4 grid sample per element, darkest-vs-lightest kept, WCAG relative-luminance ratio against the worse extreme"
https://eyalamit-co-il-2026.s887.upress.link/,nav.nav>ul.nav__l>li>a.nav__dd,ספרים▾,18.36,400,False,4.5,"rgb(255,255,255) a=0.82","rgb(28,22,20)",12.216,PASS,"backdrop-only screenshot (text ink hidden via color:transparent), 4x4 grid sample per element, darkest-vs-lightest kept, WCAG relative-luminance ratio against the worse extreme"
https://eyalamit-co-il-2026.s887.upress.link/,ul.nav__l>li>a.nav__dd>span.nav__caret,▾,11.02,400,False,4.5,"rgb(255,255,255) a=0.82","rgb(23,18,15)",12.6,PASS,"backdrop-only screenshot (text ink hidden via color:transparent), 4x4 grid sample per element, darkest-vs-lightest kept, WCAG relative-luminance ratio against the worse extreme"
https://eyalamit-co-il-2026.s887.upress.link/,nav.nav>ul.nav__l>li>a,בלוג דיג׳רידו,18.36,400,False,4.5,"rgb(255,255,255) a=0.82","rgb(77,62,46)",7.537,PASS,"backdrop-only screenshot (text ink hidden via color:transparent), 4x4 grid sample per element, darkest-vs-lightest kept, WCAG relative-luminance ratio against the worse extreme"
https://eyalamit-co-il-2026.s887.upress.link/,nav.nav>ul.nav__l>li>button.nav__dd,אייל עמית▾,18.36,400,False,4.5,"rgb(255,255,255) a=0.82","rgb(91,73,53)",6.414,PASS,"backdrop-only screenshot (text ink hidden via color:transparent), 4x4 grid sample per element, darkest-vs-lightest kept, WCAG relative-luminance ratio against the worse extreme"
https://eyalamit-co-il-2026.s887.upress.link/,ul.nav__l>li>button.nav__dd>span.nav__caret,▾,11.02,400,False,4.5,"rgb(255,255,255) a=0.82","rgb(65,31,9)",10.313,PASS,"backdrop-only screenshot (text ink hidden via color:transparent), 4x4 grid sample per element, darkest-vs-lightest kept, WCAG relative-luminance ratio against the worse extreme"
https://eyalamit-co-il-2026.s887.upress.link/,nav.nav>ul.nav__l>li>a,צור קשר,18.36,400,False,4.5,"rgb(255,255,255) a=0.82","rgb(73,35,13)",9.689,PASS,"backdrop-only screenshot (text ink hidden via color:transparent), 4x4 grid sample per element, darkest-vs-lightest kept, WCAG relative-luminance ratio against the worse extreme"
https://eyalamit-co-il-2026.s887.upress.link/,#soundtg,שמע,12.24,400,False,4.5,"rgb(255,255,255) a=0.85","rgb(72,39,13)",10.064,PASS,"backdrop-only screenshot (text ink hidden via color:transparent), 4x4 grid sample per element, darkest-vs-lightest kept, WCAG relative-luminance ratio against the worse extreme"
https://eyalamit-co-il-2026.s887.upress.link/,body.rtl.home>nav.nav>div.nav__r>a.nav__en,EN,12.24,300,False,4.5,"rgb(255,255,255) a=0.85","rgb(70,37,25)",10.262,PASS,"backdrop-only screenshot (text ink hidden via color:transparent), 4x4 grid sample per element, darkest-vs-lightest kept, WCAG relative-luminance ratio against the worse extreme"
https://eyalamit-co-il-2026.s887.upress.link/,main.chapters-main>header.hero>div.hero__c>span.hero__trust,אייל עמית · פועל מאז 1999 · מהוותיקים בארץ בתחוםמט,13.6,500,False,4.5,"rgb(255,255,255) a=0.93","rgb(164,162,150)",2.425,FAIL,"backdrop-only screenshot (text ink hidden via color:transparent), 4x4 grid sample per element, darkest-vs-lightest kept, WCAG relative-luminance ratio against the worse extreme"
https://eyalamit-co-il-2026.s887.upress.link/,main.chapters-main>header.hero>div.hero__c>h1.hero__h,המרכז לטיפול בנשימה באמצעות דיג'רידו –שיטת cbDIDG ,44.2,300,True,3.0,"rgb(255,255,255)","rgb(162,155,135)",2.772,FAIL,"backdrop-only screenshot (text ink hidden via color:transparent), 4x4 grid sample per element, darkest-vs-lightest kept, WCAG relative-luminance ratio against the worse extreme"
https://eyalamit-co-il-2026.s887.upress.link/,main.chapters-main>header.hero>div.hero__c>p.hero__s,"להחזיר שליטה על הנשימה דרך עבודה עם דיג'רידו, תרגו",19.55,300,False,4.5,"rgb(255,255,255) a=0.88","rgb(154,147,141)",2.71,FAIL,"backdrop-only screenshot (text ink hidden via color:transparent), 4x4 grid sample per element, darkest-vs-lightest kept, WCAG relative-luminance ratio against the worse extreme"
https://eyalamit-co-il-2026.s887.upress.link/,main.chapters-main>header.hero>div.hero__c>a.btn.btn--terra,לתיאום שיחת היכרות,15.3,500,False,4.5,"rgb(255,255,255)","rgb(176,95,56)",4.626,PASS,"backdrop-only screenshot (text ink hidden via color:transparent), 4x4 grid sample per element, darkest-vs-lightest kept, WCAG relative-luminance ratio against the worse extreme"
https://eyalamit-co-il-2026.s887.upress.link/,main.chapters-main>section.sec.sec--alt>div.wrap>h2.h2.r,מה זה טיפול בנשימה באמצעות דיג'רידו,24.65,400,True,3.0,"rgb(47,32,19)","rgb(239,234,225)",13.11,PASS,"backdrop-only screenshot (text ink hidden via color:transparent), 4x4 grid sample per element, darkest-vs-lightest kept, WCAG relative-luminance ratio against the worse extreme"
https://eyalamit-co-il-2026.s887.upress.link/,section.sec.sec--alt>div.wrap>div.intro-body.r>p,"בטיפול בנשימה באמצעות דיג'רידו, הדיג'רידו הוא כלי ",17,300,False,4.5,"rgb(103,72,45)","rgb(239,234,225)",6.896,PASS,"backdrop-only screenshot (text ink hidden via color:transparent), 4x4 grid sample per element, darkest-vs-lightest kept, WCAG relative-luminance ratio against the worse extreme"
https://eyalamit-co-il-2026.s887.upress.link/,section.sec.sec--alt>div.wrap>div.intro-body.r>p,"יש הבדל בין טכניקת הנשימה המעגלית, המשמשת בזמן נגי",17,300,False,4.5,"rgb(103,72,45)","rgb(239,234,225)",6.896,PASS,"backdrop-only screenshot (text ink hidden via color:transparent), 4x4 grid sample per element, darkest-vs-lightest kept, WCAG relative-luminance ratio against the worse extreme"
https://eyalamit-co-il-2026.s887.upress.link/,section.sec.sec--alt>div.wrap>div.intro-body.r>p,"העבודה עם הדיג'רידו משפיעה על שתיהן, אך הכוונה היא",17,300,False,4.5,"rgb(103,72,45)","rgb(239,234,225)",6.896,PASS,"backdrop-only screenshot (text ink hidden via color:transparent), 4x4 grid sample per element, darkest-vs-lightest kept, WCAG relative-luminance ratio against the worse extreme"
https://eyalamit-co-il-2026.s887.upress.link/,section.sec.sec--alt>div.wrap>div.intro-body.r>p,בטיפול נוצר קשר הדוק ומודע עם הנשימה היומיומית. אנ,17,300,False,4.5,"rgb(103,72,45)","rgb(239,234,225)",6.896,PASS,"backdrop-only screenshot (text ink hidden via color:transparent), 4x4 grid sample per element, darkest-vs-lightest kept, WCAG relative-luminance ratio against the worse extreme"
https://eyalamit-co-il-2026.s887.upress.link/,section.sec.sec--alt>div.wrap>div.intro-body.r>p,"הנגינה בדיג'רידו מתפתחת לאורך התהליך, ונשארת אמצעי",17,300,False,4.5,"rgb(103,72,45)","rgb(239,234,225)",6.896,PASS,"backdrop-only screenshot (text ink hidden via color:transparent), 4x4 grid sample per element, darkest-vs-lightest kept, WCAG relative-luminance ratio against the worse extreme"
https://eyalamit-co-il-2026.s887.upress.link/,section.sec.sec--alt>div.wrap>div.intro-body.r>p,"המטרה היא לא רק להבין את הנשימה היומיומית, אלא ליצ",17,300,False,4.5,"rgb(103,72,45)","rgb(239,234,225)",6.896,PASS,"backdrop-only screenshot (text ink hidden via color:transparent), 4x4 grid sample per element, darkest-vs-lightest kept, WCAG relative-luminance ratio against the worse extreme"
https://eyalamit-co-il-2026.s887.upress.link/,section.sec.sec--alt>div.wrap>div.intro-body.r>p,"מי שירצה בהמשך להעמיק גם בפן המוזיקלי, יוכל לעשות ",17,300,False,4.5,"rgb(103,72,45)","rgb(239,234,225)",6.896,PASS,"backdrop-only screenshot (text ink hidden via color:transparent), 4x4 grid sample per element, darkest-vs-lightest kept, WCAG relative-luminance ratio against the worse extreme"
https://eyalamit-co-il-2026.s887.upress.link/,section.sec.sec--alt>div.wrap>div.intro-body.r>p,"יש דרכים שונות לעבוד עם הנשימה, והדיג'רידו מציע דר",17,300,False,4.5,"rgb(103,72,45)","rgb(239,234,225)",6.896,PASS,"backdrop-only screenshot (text ink hidden via color:transparent), 4x4 grid sample per element, darkest-vs-lightest kept, WCAG relative-luminance ratio against the worse extreme"
https://eyalamit-co-il-2026.s887.upress.link/,main.chapters-main>section.sec.sec--alt>div.wrap>h2.h2.r,וידאו,24.65,400,True,3.0,"rgb(47,32,19)","rgb(239,234,225)",13.11,PASS,"backdrop-only screenshot (text ink hidden via color:transparent), 4x4 grid sample per element, darkest-vs-lightest kept, WCAG relative-luminance ratio against the worse extreme"
https://eyalamit-co-il-2026.s887.upress.link/,section.sec.sec--alt>div.wrap>div.intro-body.r>p,"Lorem ipsum dolor sit amet, consectetur adipiscing",17,300,False,4.5,"rgb(103,72,45)","rgb(239,234,225)",6.896,PASS,"backdrop-only screenshot (text ink hidden via color:transparent), 4x4 grid sample per element, darkest-vs-lightest kept, WCAG relative-luminance ratio against the worse extreme"
https://eyalamit-co-il-2026.s887.upress.link/,div.wrap>div.videoblk.r>div.ea-pending-approval>span.ea-pending-approval__badge,ממתין לאישור,12.24,700,False,4.5,"rgb(255,255,255)","rgb(230,81,0)",3.79,FAIL,"backdrop-only screenshot (text ink hidden via color:transparent), 4x4 grid sample per element, darkest-vs-lightest kept, WCAG relative-luminance ratio against the worse extreme"
https://eyalamit-co-il-2026.s887.upress.link/,div.wrap>div.videoblk.r>div.ea-pending-approval>p.ea-pending-approval__title,כאן ייכנס וידאו 16:9,17,700,False,4.5,"rgb(191,54,12)","rgb(255,224,130)",4.332,FAIL,"backdrop-only screenshot (text ink hidden via color:transparent), 4x4 grid sample per element, darkest-vs-lightest kept, WCAG relative-luminance ratio against the worse extreme"
https://eyalamit-co-il-2026.s887.upress.link/,main.chapters-main>section.sec>div.wrap.center>h2.h2.r,טיפול בדיג'רידו או סאונד הילינג – מה ההבדל?,24.65,400,True,3.0,"rgb(47,32,19)","rgb(255,255,250)",15.661,PASS,"backdrop-only screenshot (text ink hidden via color:transparent), 4x4 grid sample per element, darkest-vs-lightest kept, WCAG relative-luminance ratio against the worse extreme"
https://eyalamit-co-il-2026.s887.upress.link/,div.cmp>div.cmpc.r>div.cmpc__b>h3.cmpc__t,טיפול בדיג'רידו,21.25,500,False,4.5,"rgb(255,255,255)","rgb(91,85,87)",7.287,PASS,"backdrop-only screenshot (text ink hidden via color:transparent), 4x4 grid sample per element, darkest-vs-lightest kept, WCAG relative-luminance ratio against the worse extreme"
https://eyalamit-co-il-2026.s887.upress.link/,div.cmp>div.cmpc.r>div.cmpc__b>p.cmpc__p,"מה זה:עבודה אקטיבית ותהליכית עם הנשימה, שבה המטופל",15.3,300,False,4.5,"rgb(255,255,255) a=0.85","rgb(113,108,106)",4.269,FAIL,"backdrop-only screenshot (text ink hidden via color:transparent), 4x4 grid sample per element, darkest-vs-lightest kept, WCAG relative-luminance ratio against the worse extreme"
https://eyalamit-co-il-2026.s887.upress.link/,div.cmpc.r>div.cmpc__b>p.cmpc__p>strong,מה זה:,15.3,700,False,4.5,"rgb(255,255,255) a=0.85","rgb(111,105,101)",4.439,FAIL,"backdrop-only screenshot (text ink hidden via color:transparent), 4x4 grid sample per element, darkest-vs-lightest kept, WCAG relative-luminance ratio against the worse extreme"
https://eyalamit-co-il-2026.s887.upress.link/,div.cmpc.r>div.cmpc__b>p.cmpc__p>strong,למי זה מתאים:,15.3,700,False,4.5,"rgb(255,255,255) a=0.85","rgb(64,53,40)",9.128,PASS,"backdrop-only screenshot (text ink hidden via color:transparent), 4x4 grid sample per element, darkest-vs-lightest kept, WCAG relative-luminance ratio against the worse extreme"
https://eyalamit-co-il-2026.s887.upress.link/,div.cmp>div.cmpc.r>div.cmpc__b>a.btn.btn--gw,למידע נוסף על טיפול בדיג'רידו,15.3,500,False,4.5,"rgb(255,255,255)","rgb(74,68,49)",9.712,PASS,"backdrop-only screenshot (text ink hidden via color:transparent), 4x4 grid sample per element, darkest-vs-lightest kept, WCAG relative-luminance ratio against the worse extreme"
https://eyalamit-co-il-2026.s887.upress.link/,div.cmp>div.cmpc.r>div.cmpc__b>h3.cmpc__t,סאונד הילינג,21.25,500,False,4.5,"rgb(255,255,255)","rgb(108,107,107)",5.312,PASS,"backdrop-only screenshot (text ink hidden via color:transparent), 4x4 grid sample per element, darkest-vs-lightest kept, WCAG relative-luminance ratio against the worse extreme"
https://eyalamit-co-il-2026.s887.upress.link/,div.cmp>div.cmpc.r>div.cmpc__b>p.cmpc__p,"מה זה:חוויה פאסיבית, בדרך כלל חד פעמית, של הקשבה ל",15.3,300,False,4.5,"rgb(255,255,255) a=0.85","rgb(89,98,104)",5.047,PASS,"backdrop-only screenshot (text ink hidden via color:transparent), 4x4 grid sample per element, darkest-vs-lightest kept, WCAG relative-luminance ratio against the worse extreme"
https://eyalamit-co-il-2026.s887.upress.link/,div.cmpc.r>div.cmpc__b>p.cmpc__p>strong,מה זה:,15.3,700,False,4.5,"rgb(255,255,255) a=0.85","rgb(88,96,103)",5.17,PASS,"backdrop-only screenshot (text ink hidden via color:transparent), 4x4 grid sample per element, darkest-vs-lightest kept, WCAG relative-luminance ratio against the worse extreme"
https://eyalamit-co-il-2026.s887.upress.link/,div.cmpc.r>div.cmpc__b>p.cmpc__p>strong,למי זה מתאים:,15.3,700,False,4.5,"rgb(255,255,255) a=0.85","rgb(83,90,96)",5.615,PASS,"backdrop-only screenshot (text ink hidden via color:transparent), 4x4 grid sample per element, darkest-vs-lightest kept, WCAG relative-luminance ratio against the worse extreme"
https://eyalamit-co-il-2026.s887.upress.link/,div.cmp>div.cmpc.r>div.cmpc__b>a.btn.btn--gw,למידע נוסף על סאונד הילינג,15.3,500,False,4.5,"rgb(255,255,255)","rgb(68,49,39)",12.249,PASS,"backdrop-only screenshot (text ink hidden via color:transparent), 4x4 grid sample per element, darkest-vs-lightest kept, WCAG relative-luminance ratio against the worse extreme"
https://eyalamit-co-il-2026.s887.upress.link/,main.chapters-main>section.sec.sec--alt>div.wrap.center>h2.h2.r,למי מתאים התהליך,24.65,400,True,3.0,"rgb(47,32,19)","rgb(239,234,225)",13.11,PASS,"backdrop-only screenshot (text ink hidden via color:transparent), 4x4 grid sample per element, darkest-vs-lightest kept, WCAG relative-luminance ratio against the worse extreme"
https://eyalamit-co-il-2026.s887.upress.link/,div.wrap.center>div.whom>div.whom__i.r>p.whom__p,"מתאים למי שסובל מסימפטומים בריאותיים, גם אם לא תמי",15.3,300,False,4.5,"rgb(103,72,45)","rgb(233,228,220)",6.53,PASS,"backdrop-only screenshot (text ink hidden via color:transparent), 4x4 grid sample per element, darkest-vs-lightest kept, WCAG relative-luminance ratio against the worse extreme"
https://eyalamit-co-il-2026.s887.upress.link/,div.wrap.center>div.whom>div.whom__i.r>p.whom__p,"למי שמבין שמדובר בתהליך אישי עמוק, ולא מחפש פתרון ",15.3,300,False,4.5,"rgb(103,72,45)","rgb(233,228,218)",6.521,PASS,"backdrop-only screenshot (text ink hidden via color:transparent), 4x4 grid sample per element, darkest-vs-lightest kept, WCAG relative-luminance ratio against the worse extreme"
https://eyalamit-co-il-2026.s887.upress.link/,div.wrap.center>div.whom>div.whom__i.r>p.whom__p,למי שרוצה לעבוד עם הנשימה בצורה מעשית ומוכן להקדיש,15.3,300,False,4.5,"rgb(103,72,45)","rgb(233,228,218)",6.521,PASS,"backdrop-only screenshot (text ink hidden via color:transparent), 4x4 grid sample per element, darkest-vs-lightest kept, WCAG relative-luminance ratio against the worse extreme"
https://eyalamit-co-il-2026.s887.upress.link/,div.wrap.center>div.whom>div.whom__i.r>p.whom__p,"למי שמעוניין לבדוק כיוון אחר, לא שגרתי, חווייתי ומ",15.3,300,False,4.5,"rgb(103,72,45)","rgb(233,228,218)",6.521,PASS,"backdrop-only screenshot (text ink hidden via color:transparent), 4x4 grid sample per element, darkest-vs-lightest kept, WCAG relative-luminance ratio against the worse extreme"
https://eyalamit-co-il-2026.s887.upress.link/,main.chapters-main>section.start>div.start__in.center>h2.h2.start__h,איך מתחילים,24.65,400,True,3.0,"rgb(255,255,255)","rgb(52,35,17)",15.059,PASS,"backdrop-only screenshot (text ink hidden via color:transparent), 4x4 grid sample per element, darkest-vs-lightest kept, WCAG relative-luminance ratio against the worse extreme"
https://eyalamit-co-il-2026.s887.upress.link/,div.start__in.center>div.steps3.r>div.st3>div.st3__t,שיחת היכרות,18.7,500,False,4.5,"rgb(255,255,255)","rgb(72,68,60)",9.688,PASS,"backdrop-only screenshot (text ink hidden via color:transparent), 4x4 grid sample per element, darkest-vs-lightest kept, WCAG relative-luminance ratio against the worse extreme"
https://eyalamit-co-il-2026.s887.upress.link/,div.start__in.center>div.steps3.r>div.st3>p.st3__p,"אפשר להתחיל בשיחת היכרות קצרה, להבין את הצורך ולבד",15.3,300,False,4.5,"rgb(255,255,255) a=0.72","rgb(71,66,58)",6.091,PASS,"backdrop-only screenshot (text ink hidden via color:transparent), 4x4 grid sample per element, darkest-vs-lightest kept, WCAG relative-luminance ratio against the worse extreme"
https://eyalamit-co-il-2026.s887.upress.link/,div.start__in.center>div.steps3.r>div.st3>div.st3__t,שאלות וכיוון,18.7,500,False,4.5,"rgb(255,255,255)","rgb(94,73,44)",8.518,PASS,"backdrop-only screenshot (text ink hidden via color:transparent), 4x4 grid sample per element, darkest-vs-lightest kept, WCAG relative-luminance ratio against the worse extreme"
https://eyalamit-co-il-2026.s887.upress.link/,div.start__in.center>div.steps3.r>div.st3>p.st3__p,השיחה מאפשרת לשאול שאלות ולקבל כיוון ראשוני.,15.3,300,False,4.5,"rgb(255,255,255) a=0.72","rgb(87,68,39)",5.737,PASS,"backdrop-only screenshot (text ink hidden via color:transparent), 4x4 grid sample per element, darkest-vs-lightest kept, WCAG relative-luminance ratio against the worse extreme"
https://eyalamit-co-il-2026.s887.upress.link/,div.start__in.center>div.steps3.r>div.st3>div.st3__t,ללא התחייבות,18.7,500,False,4.5,"rgb(255,255,255)","rgb(83,76,67)",8.459,PASS,"backdrop-only screenshot (text ink hidden via color:transparent), 4x4 grid sample per element, darkest-vs-lightest kept, WCAG relative-luminance ratio against the worse extreme"
https://eyalamit-co-il-2026.s887.upress.link/,div.start__in.center>div.steps3.r>div.st3>p.st3__p,אין צורך להתחייב מראש לתהליך.,15.3,300,False,4.5,"rgb(255,255,255) a=0.72","rgb(78,72,64)",5.622,PASS,"backdrop-only screenshot (text ink hidden via color:transparent), 4x4 grid sample per element, darkest-vs-lightest kept, WCAG relative-luminance ratio against the worse extreme"
https://eyalamit-co-il-2026.s887.upress.link/,section.start>div.start__in.center>div.center>a.btn.btn--terra,לתיאום שיחת היכרות,15.3,500,False,4.5,"rgb(255,255,255)","rgb(176,95,56)",4.626,PASS,"backdrop-only screenshot (text ink hidden via color:transparent), 4x4 grid sample per element, darkest-vs-lightest kept, WCAG relative-luminance ratio against the worse extreme"
https://eyalamit-co-il-2026.s887.upress.link/,main.chapters-main>section.sec.sec--dark>div.wrap>h2.h2.r,מה קורה במפגש טיפול בדיג'רידו,24.65,400,True,3.0,"rgb(255,255,255)","rgb(29,18,10)",18.37,PASS,"backdrop-only screenshot (text ink hidden via color:transparent), 4x4 grid sample per element, darkest-vs-lightest kept, WCAG relative-luminance ratio against the worse extreme"
https://eyalamit-co-il-2026.s887.upress.link/,section.sec.sec--dark>div.wrap>div.intro-body.r>p,"המפגש מתקיים בסביבה שקטה ונעימה, שמאפשרת לעצור ולה",17,300,False,4.5,"rgb(255,255,255) a=0.82","rgb(33,20,10)",12.247,PASS,"backdrop-only screenshot (text ink hidden via color:transparent), 4x4 grid sample per element, darkest-vs-lightest kept, WCAG relative-luminance ratio against the worse extreme"
https://eyalamit-co-il-2026.s887.upress.link/,section.sec.sec--dark>div.wrap>div.intro-body.r>p,"העבודה משלבת תרגול, הקשבה והדרכה אישית, בקצב שמתאי",17,300,False,4.5,"rgb(255,255,255) a=0.82","rgb(35,21,10)",12.126,PASS,"backdrop-only screenshot (text ink hidden via color:transparent), 4x4 grid sample per element, darkest-vs-lightest kept, WCAG relative-luminance ratio against the worse extreme"
https://eyalamit-co-il-2026.s887.upress.link/,section.sec.sec--dark>div.wrap>div.intro-body.r>p,"הדגש הוא על תרגול מעשי, חיבור לגוף ולנשימה ופיתוח ",17,300,False,4.5,"rgb(255,255,255) a=0.82","rgb(37,23,11)",11.936,PASS,"backdrop-only screenshot (text ink hidden via color:transparent), 4x4 grid sample per element, darkest-vs-lightest kept, WCAG relative-luminance ratio against the worse extreme"
https://eyalamit-co-il-2026.s887.upress.link/,div.wrap>div.intro-body.r>p>a.tlink,למידע נוסף על טיפול בדיג'רידו,17,300,False,4.5,"rgb(208,138,94)","rgb(40,25,12)",6.058,PASS,"backdrop-only screenshot (text ink hidden via color:transparent), 4x4 grid sample per element, darkest-vs-lightest kept, WCAG relative-luminance ratio against the worse extreme"
https://eyalamit-co-il-2026.s887.upress.link/,section.bleed>div.bleed__c>div.bleed__in>p.bleed__q.r,נשימה היא הבסיס להכל,34,400,True,3.0,"rgb(255,255,255)","rgb(124,124,80)",4.325,PASS,"backdrop-only screenshot (text ink hidden via color:transparent), 4x4 grid sample per element, darkest-vs-lightest kept, WCAG relative-luminance ratio against the worse extreme"
https://eyalamit-co-il-2026.s887.upress.link/,section.bleed>div.bleed__c>div.bleed__in>p.bleed__a.r,חיה עזריה,12.24,300,False,4.5,"rgb(208,138,94)","rgb(127,146,114)",1.195,FAIL,"backdrop-only screenshot (text ink hidden via color:transparent), 4x4 grid sample per element, darkest-vs-lightest kept, WCAG relative-luminance ratio against the worse extreme"
https://eyalamit-co-il-2026.s887.upress.link/,section.sec>div.studio>div.studio__t.r>h2.studio__h,הסטודיו והמרחב,34,500,True,3.0,"rgb(255,255,255)","rgb(14,9,5)",19.812,PASS,"backdrop-only screenshot (text ink hidden via color:transparent), 4x4 grid sample per element, darkest-vs-lightest kept, WCAG relative-luminance ratio against the worse extreme"
https://eyalamit-co-il-2026.s887.upress.link/,section.sec>div.studio>div.studio__t.r>p.studio__p,הסטודיו שבו מתקיימת העבודה תוכנן מתוך הבנה עמוקה ש,17,300,False,4.5,"rgb(255,255,255) a=0.82","rgb(14,9,5)",13.216,PASS,"backdrop-only screenshot (text ink hidden via color:transparent), 4x4 grid sample per element, darkest-vs-lightest kept, WCAG relative-luminance ratio against the worse extreme"
https://eyalamit-co-il-2026.s887.upress.link/,section.sec>div.studio>div.studio__t.r>a.btn.btn--gw,למידע נוסף על סאונד הילינג,15.3,500,False,4.5,"rgb(255,255,255)","rgb(37,32,29)",16.117,PASS,"backdrop-only screenshot (text ink hidden via color:transparent), 4x4 grid sample per element, darkest-vs-lightest kept, WCAG relative-luminance ratio against the worse extreme"
https://eyalamit-co-il-2026.s887.upress.link/,main.chapters-main>section.sec>div.wrap>h2.h2.r,הצצה נוספת לחוויה,24.65,400,True,3.0,"rgb(47,32,19)","rgb(255,255,250)",15.661,PASS,"backdrop-only screenshot (text ink hidden via color:transparent), 4x4 grid sample per element, darkest-vs-lightest kept, WCAG relative-luminance ratio against the worse extreme"
https://eyalamit-co-il-2026.s887.upress.link/,section.sec>div.wrap>div.intro-body.r>p,"החוויה משלבת בין תרגול, הקשבה ונוכחות.",17,300,False,4.5,"rgb(103,72,45)","rgb(255,255,250)",8.238,PASS,"backdrop-only screenshot (text ink hidden via color:transparent), 4x4 grid sample per element, darkest-vs-lightest kept, WCAG relative-luminance ratio against the worse extreme"
https://eyalamit-co-il-2026.s887.upress.link/,section.sec>div.wrap>div.intro-body.r>p,"זהו מרחב שמאפשר לעצור, להתבונן פנימה ולפתח קשר מוד",17,300,False,4.5,"rgb(103,72,45)","rgb(255,255,250)",8.238,PASS,"backdrop-only screenshot (text ink hidden via color:transparent), 4x4 grid sample per element, darkest-vs-lightest kept, WCAG relative-luminance ratio against the worse extreme"
https://eyalamit-co-il-2026.s887.upress.link/,section.sec>div.wrap>div.intro-body.r>p,"עבור רבים, זו הפעם הראשונה שהם פוגשים את הנשימה של",17,300,False,4.5,"rgb(103,72,45)","rgb(255,255,250)",8.238,PASS,"backdrop-only screenshot (text ink hidden via color:transparent), 4x4 grid sample per element, darkest-vs-lightest kept, WCAG relative-luminance ratio against the worse extreme"
https://eyalamit-co-il-2026.s887.upress.link/,section.sec>div.wrap>p.r.in>a.btn.btn--terra,לתיאום שיחת היכרות,15.3,500,False,4.5,"rgb(255,255,255)","rgb(176,95,56)",4.626,PASS,"backdrop-only screenshot (text ink hidden via color:transparent), 4x4 grid sample per element, darkest-vs-lightest kept, WCAG relative-luminance ratio against the worse extreme"
https://eyalamit-co-il-2026.s887.upress.link/,main.chapters-main>section.sec.sec--alt>div.wrap.center>h2.h2.r,עדויות והמלצות,24.65,400,True,3.0,"rgb(47,32,19)","rgb(239,234,225)",13.11,PASS,"backdrop-only screenshot (text ink hidden via color:transparent), 4x4 grid sample per element, darkest-vs-lightest kept, WCAG relative-luminance ratio against the worse extreme"
https://eyalamit-co-il-2026.s887.upress.link/,div.wrap>div.testi-mq.r>button.testi-mq__btn.testi-mq__btn--right>span,›,25.6,400,True,3.0,"rgb(181,102,61)","rgb(245,241,233)",3.779,PASS,"backdrop-only screenshot (text ink hidden via color:transparent), 4x4 grid sample per element, darkest-vs-lightest kept, WCAG relative-luminance ratio against the worse extreme"
https://eyalamit-co-il-2026.s887.upress.link/,div.testi-mq__viewport>div.testi-mq__track>figure.tmq>blockquote.tmq__q,אייל עמית הציל אותנו ובזכותו חזרנו כולנו לנשום…נשי,17,400,False,4.5,"rgb(47,32,19)","rgb(255,255,255)",15.708,PASS,"backdrop-only screenshot (text ink hidden via color:transparent), 4x4 grid sample per element, darkest-vs-lightest kept, WCAG relative-luminance ratio against the worse extreme"
https://eyalamit-co-il-2026.s887.upress.link/,div.testi-mq__track>figure.tmq>figcaption.tmq__n>a.tmq__nl,חיה עזריה,12.24,500,False,4.5,"rgb(154,79,43)","rgb(255,255,255)",5.954,PASS,"backdrop-only screenshot (text ink hidden via color:transparent), 4x4 grid sample per element, darkest-vs-lightest kept, WCAG relative-luminance ratio against the worse extreme"
https://eyalamit-co-il-2026.s887.upress.link/,div.testi-mq__viewport>div.testi-mq__track>figure.tmq>blockquote.tmq__q,"גיליתי מסע עוצמתי של נשימה, שקט וחיבור לעצמימעבר ל",17,400,False,4.5,"rgb(47,32,19)","rgb(255,255,255)",15.708,PASS,"backdrop-only screenshot (text ink hidden via color:transparent), 4x4 grid sample per element, darkest-vs-lightest kept, WCAG relative-luminance ratio against the worse extreme"
https://eyalamit-co-il-2026.s887.upress.link/,div.testi-mq__track>figure.tmq>figcaption.tmq__n>a.tmq__nl,שירי אלקבץ,12.24,500,False,4.5,"rgb(154,79,43)","rgb(255,255,255)",5.954,PASS,"backdrop-only screenshot (text ink hidden via color:transparent), 4x4 grid sample per element, darkest-vs-lightest kept, WCAG relative-luminance ratio against the worse extreme"
https://eyalamit-co-il-2026.s887.upress.link/,div.testi-mq__viewport>div.testi-mq__track>figure.tmq>blockquote.tmq__q,אני לומדת לנשום מחדשלהיות בנוכחות בנשימה זה להיות ,17,400,False,4.5,"rgb(47,32,19)","rgb(255,255,255)",15.708,PASS,"backdrop-only screenshot (text ink hidden via color:transparent), 4x4 grid sample per element, darkest-vs-lightest kept, WCAG relative-luminance ratio against the worse extreme"
https://eyalamit-co-il-2026.s887.upress.link/,div.testi-mq__track>figure.tmq>figcaption.tmq__n>a.tmq__nl,נוית צוף שטראוס,12.24,500,False,4.5,"rgb(154,79,43)","rgb(255,255,255)",5.954,PASS,"backdrop-only screenshot (text ink hidden via color:transparent), 4x4 grid sample per element, darkest-vs-lightest kept, WCAG relative-luminance ratio against the worse extreme"
https://eyalamit-co-il-2026.s887.upress.link/,div.testi-mq__viewport>div.testi-mq__track>figure.tmq>blockquote.tmq__q,פעם ראשונה בחיים שלמדתי לנשום נכוןאין לנו מושג בכל,17,400,False,4.5,"rgb(47,32,19)","rgb(239,234,225)",13.11,PASS,"backdrop-only screenshot (text ink hidden via color:transparent), 4x4 grid sample per element, darkest-vs-lightest kept, WCAG relative-luminance ratio against the worse extreme"
https://eyalamit-co-il-2026.s887.upress.link/,div.testi-mq__track>figure.tmq>figcaption.tmq__n>a.tmq__nl,אלון גרזון רז,12.24,500,False,4.5,"rgb(154,79,43)","rgb(239,234,225)",4.969,PASS,"backdrop-only screenshot (text ink hidden via color:transparent), 4x4 grid sample per element, darkest-vs-lightest kept, WCAG relative-luminance ratio against the worse extreme"
https://eyalamit-co-il-2026.s887.upress.link/,div.wrap>div.testi-mq.r>button.testi-mq__btn.testi-mq__btn--left>span,‹,25.6,400,True,3.0,"rgb(181,102,61)","rgb(255,255,250)",4.244,PASS,"backdrop-only screenshot (text ink hidden via color:transparent), 4x4 grid sample per element, darkest-vs-lightest kept, WCAG relative-luminance ratio against the worse extreme"
https://eyalamit-co-il-2026.s887.upress.link/,main.chapters-main>section.sec.sec--alt>div.wrap.center>a.btn.btn--gd,לכל ההמלצות,15.3,500,False,4.5,"rgb(181,102,61)","rgb(239,234,225)",3.553,FAIL,"backdrop-only screenshot (text ink hidden via color:transparent), 4x4 grid sample per element, darkest-vs-lightest kept, WCAG relative-luminance ratio against the worse extreme"
https://eyalamit-co-il-2026.s887.upress.link/,div.wrap>div.about>div.r.in>h2.h2,אייל עמית,24.65,400,True,3.0,"rgb(47,32,19)","rgb(255,255,250)",15.661,PASS,"backdrop-only screenshot (text ink hidden via color:transparent), 4x4 grid sample per element, darkest-vs-lightest kept, WCAG relative-luminance ratio against the worse extreme"
https://eyalamit-co-il-2026.s887.upress.link/,div.about>div.r.in>div.about__body>p,העבודה של אייל עמית עם נשימה ודיג'רידו התחילה מתוך,17,300,False,4.5,"rgb(103,72,45)","rgb(255,255,250)",8.238,PASS,"backdrop-only screenshot (text ink hidden via color:transparent), 4x4 grid sample per element, darkest-vs-lightest kept, WCAG relative-luminance ratio against the worse extreme"
https://eyalamit-co-il-2026.s887.upress.link/,div.about>div.r.in>div.about__body>p,"רק בהמשך הדרך, לאחר שנים של למידה אצל המאסטר ההודי",17,300,False,4.5,"rgb(103,72,45)","rgb(255,255,250)",8.238,PASS,"backdrop-only screenshot (text ink hidden via color:transparent), 4x4 grid sample per element, darkest-vs-lightest kept, WCAG relative-luminance ratio against the worse extreme"
https://eyalamit-co-il-2026.s887.upress.link/,div.about>div.r.in>div.about__body>p,"מתוך התרגול והחקירה העצמית, התגלה גם הקשר הישיר לנ",17,300,False,4.5,"rgb(103,72,45)","rgb(255,255,250)",8.238,PASS,"backdrop-only screenshot (text ink hidden via color:transparent), 4x4 grid sample per element, darkest-vs-lightest kept, WCAG relative-luminance ratio against the worse extreme"
https://eyalamit-co-il-2026.s887.upress.link/,div.about>div.r.in>div.about__body>p,בהדרגה חל שינוי משמעותי במצב הבריאותי – מערכת הנשי,17,300,False,4.5,"rgb(103,72,45)","rgb(255,255,250)",8.238,PASS,"backdrop-only screenshot (text ink hidden via color:transparent), 4x4 grid sample per element, darkest-vs-lightest kept, WCAG relative-luminance ratio against the worse extreme"
https://eyalamit-co-il-2026.s887.upress.link/,div.about>div.r.in>div.about__body>p,"התהליך הזה חוזר על עצמו אצל רבים מהאנשים שמבקשים """,17,300,False,4.5,"rgb(103,72,45)","rgb(255,255,250)",8.238,PASS,"backdrop-only screenshot (text ink hidden via color:transparent), 4x4 grid sample per element, darkest-vs-lightest kept, WCAG relative-luminance ratio against the worse extreme"
https://eyalamit-co-il-2026.s887.upress.link/,div.about>div.r.in>div.about__body>p,הרקע ההנדסי של אייל איפשר לו לפרק תהליכים מורכבים ,17,300,False,4.5,"rgb(103,72,45)","rgb(255,255,250)",8.238,PASS,"backdrop-only screenshot (text ink hidden via color:transparent), 4x4 grid sample per element, darkest-vs-lightest kept, WCAG relative-luminance ratio against the worse extreme"
https://eyalamit-co-il-2026.s887.upress.link/,div.about>div.r.in>div.about__body>p,"את המרכז לטיפול בדיג'רידו הקים מתוך רצון לקדם, להנ",17,300,False,4.5,"rgb(103,72,45)","rgb(255,255,250)",8.238,PASS,"backdrop-only screenshot (text ink hidden via color:transparent), 4x4 grid sample per element, darkest-vs-lightest kept, WCAG relative-luminance ratio against the worse extreme"
https://eyalamit-co-il-2026.s887.upress.link/,div.r.in>div.about__body>p>a.tlink,לקריאה נוספת אודות אייל עמית,17,300,False,4.5,"rgb(154,79,43)","rgb(255,255,250)",5.936,PASS,"backdrop-only screenshot (text ink hidden via color:transparent), 4x4 grid sample per element, darkest-vs-lightest kept, WCAG relative-luminance ratio against the worse extreme"
https://eyalamit-co-il-2026.s887.upress.link/,section.cta-band.cta-band--row>div.cta-band__in>div.cta-band__txt.r>p.cta-band__p,"אם אתם מרגישים שהגיע הזמן להתחבר לנשימה שלכם, לחזק",17,300,False,4.5,"rgb(255,255,255) a=0.82","rgb(92,82,73)",5.775,PASS,"backdrop-only screenshot (text ink hidden via color:transparent), 4x4 grid sample per element, darkest-vs-lightest kept, WCAG relative-luminance ratio against the worse extreme"
https://eyalamit-co-il-2026.s887.upress.link/,section.cta-band.cta-band--row>div.cta-band__in>div.cta-band__act.r>a.btn.btn--terra,לתיאום שיחת היכרות,15.3,500,False,4.5,"rgb(255,255,255)","rgb(176,95,56)",4.626,PASS,"backdrop-only screenshot (text ink hidden via color:transparent), 4x4 grid sample per element, darkest-vs-lightest kept, WCAG relative-luminance ratio against the worse extreme"
https://eyalamit-co-il-2026.s887.upress.link/,footer.foot>div.foot__in>div>p.foot__col-title,מה מציעים,11.05,500,False,4.5,"rgb(208,138,94)","rgb(14,9,5)",7.056,PASS,"backdrop-only screenshot (text ink hidden via color:transparent), 4x4 grid sample per element, darkest-vs-lightest kept, WCAG relative-luminance ratio against the worse extreme"
https://eyalamit-co-il-2026.s887.upress.link/,footer.foot>div.foot__in>div>a,טיפול בדיג׳רידו,13.6,300,False,4.5,"rgb(255,255,255) a=0.60","rgb(14,9,5)",7.298,PASS,"backdrop-only screenshot (text ink hidden via color:transparent), 4x4 grid sample per element, darkest-vs-lightest kept, WCAG relative-luminance ratio against the worse extreme"
https://eyalamit-co-il-2026.s887.upress.link/,footer.foot>div.foot__in>div>a,שיעורי דיג׳רידו,13.6,300,False,4.5,"rgb(255,255,255) a=0.60","rgb(14,9,5)",7.298,PASS,"backdrop-only screenshot (text ink hidden via color:transparent), 4x4 grid sample per element, darkest-vs-lightest kept, WCAG relative-luminance ratio against the worse extreme"
https://eyalamit-co-il-2026.s887.upress.link/,footer.foot>div.foot__in>div>a,סאונד הילינג,13.6,300,False,4.5,"rgb(255,255,255) a=0.60","rgb(14,9,5)",7.298,PASS,"backdrop-only screenshot (text ink hidden via color:transparent), 4x4 grid sample per element, darkest-vs-lightest kept, WCAG relative-luminance ratio against the worse extreme"
https://eyalamit-co-il-2026.s887.upress.link/,footer.foot>div.foot__in>div>a,השיטה cbDIDG,13.6,300,False,4.5,"rgb(255,255,255) a=0.60","rgb(14,9,5)",7.298,PASS,"backdrop-only screenshot (text ink hidden via color:transparent), 4x4 grid sample per element, darkest-vs-lightest kept, WCAG relative-luminance ratio against the worse extreme"
https://eyalamit-co-il-2026.s887.upress.link/,footer.foot>div.foot__in>div>p.foot__col-title,עוד,11.05,500,False,4.5,"rgb(208,138,94)","rgb(14,9,5)",7.056,PASS,"backdrop-only screenshot (text ink hidden via color:transparent), 4x4 grid sample per element, darkest-vs-lightest kept, WCAG relative-luminance ratio against the worse extreme"
https://eyalamit-co-il-2026.s887.upress.link/,footer.foot>div.foot__in>div>a,בלוג,13.6,300,False,4.5,"rgb(255,255,255) a=0.60","rgb(14,9,5)",7.298,PASS,"backdrop-only screenshot (text ink hidden via color:transparent), 4x4 grid sample per element, darkest-vs-lightest kept, WCAG relative-luminance ratio against the worse extreme"
https://eyalamit-co-il-2026.s887.upress.link/,footer.foot>div.foot__in>div>a,ספרים · מוזה,13.6,300,False,4.5,"rgb(255,255,255) a=0.60","rgb(14,9,5)",7.298,PASS,"backdrop-only screenshot (text ink hidden via color:transparent), 4x4 grid sample per element, darkest-vs-lightest kept, WCAG relative-luminance ratio against the worse extreme"
https://eyalamit-co-il-2026.s887.upress.link/,footer.foot>div.foot__in>div>a,אודות אייל,13.6,300,False,4.5,"rgb(255,255,255) a=0.60","rgb(14,9,5)",7.298,PASS,"backdrop-only screenshot (text ink hidden via color:transparent), 4x4 grid sample per element, darkest-vs-lightest kept, WCAG relative-luminance ratio against the worse extreme"
https://eyalamit-co-il-2026.s887.upress.link/,footer.foot>div.foot__in>div>a,צור קשר,13.6,300,False,4.5,"rgb(255,255,255) a=0.60","rgb(14,9,5)",7.298,PASS,"backdrop-only screenshot (text ink hidden via color:transparent), 4x4 grid sample per element, darkest-vs-lightest kept, WCAG relative-luminance ratio against the worse extreme"
https://eyalamit-co-il-2026.s887.upress.link/,footer.foot>div.foot__in>div.foot__brand>b,המרכז לטיפול בנשימה באמצעות דיג׳רידו,21.25,700,True,3.0,"rgb(255,255,255)","rgb(39,34,31)",15.732,PASS,"backdrop-only screenshot (text ink hidden via color:transparent), 4x4 grid sample per element, darkest-vs-lightest kept, WCAG relative-luminance ratio against the worse extreme"
https://eyalamit-co-il-2026.s887.upress.link/,footer.foot>div.foot__in>div.foot__brand>p,"פרדס חנה, ישראל. שיטת cbDIDG, מאז 1999.",13.6,300,False,4.5,"rgb(255,255,255) a=0.45","rgb(14,9,5)",4.496,FAIL,"backdrop-only screenshot (text ink hidden via color:transparent), 4x4 grid sample per element, darkest-vs-lightest kept, WCAG relative-luminance ratio against the worse extreme"
https://eyalamit-co-il-2026.s887.upress.link/,footer.foot>div.foot__in>div.foot__brand>p.foot__nap,"רח' עמל 8 ב', פרדס חנה-כרכור",13.6,300,False,4.5,"rgb(255,255,255) a=0.45","rgb(14,9,5)",4.496,FAIL,"backdrop-only screenshot (text ink hidden via color:transparent), 4x4 grid sample per element, darkest-vs-lightest kept, WCAG relative-luminance ratio against the worse extreme"
https://eyalamit-co-il-2026.s887.upress.link/,div.foot__in>div.foot__brand>p.foot__tel>a,052-4822842,13.6,300,False,4.5,"rgb(255,255,255) a=0.60","rgb(14,9,5)",7.298,PASS,"backdrop-only screenshot (text ink hidden via color:transparent), 4x4 grid sample per element, darkest-vs-lightest kept, WCAG relative-luminance ratio against the worse extreme"
https://eyalamit-co-il-2026.s887.upress.link/,body.rtl.home>footer.foot>div.foot__legal>p.foot__disc,"המידע באתר זה אינו מהווה ייעוץ רפואי, אבחון או טיפ",12.24,300,False,4.5,"rgb(255,255,255) a=0.62","rgb(14,9,5)",7.744,PASS,"backdrop-only screenshot (text ink hidden via color:transparent), 4x4 grid sample per element, darkest-vs-lightest kept, WCAG relative-luminance ratio against the worse extreme"
https://eyalamit-co-il-2026.s887.upress.link/,body.rtl.home>footer.foot>div.foot__legal>p.foot__base,© 2026 אייל עמית · כל הזכויות שמורות · הצהרת נגישו,12.24,300,False,4.5,"rgb(255,255,255) a=0.62","rgb(14,9,5)",7.744,PASS,"backdrop-only screenshot (text ink hidden via color:transparent), 4x4 grid sample per element, darkest-vs-lightest kept, WCAG relative-luminance ratio against the worse extreme"
https://eyalamit-co-il-2026.s887.upress.link/,footer.foot>div.foot__legal>p.foot__base>a,הצהרת נגישות,13.6,300,False,4.5,"rgb(255,255,255) a=0.55","rgb(14,9,5)",6.258,PASS,"backdrop-only screenshot (text ink hidden via color:transparent), 4x4 grid sample per element, darkest-vs-lightest kept, WCAG relative-luminance ratio against the worse extreme"
https://eyalamit-co-il-2026.s887.upress.link/,footer.foot>div.foot__legal>p.foot__base>a,מדיניות פרטיות,13.6,300,False,4.5,"rgb(255,255,255) a=0.55","rgb(14,9,5)",6.258,PASS,"backdrop-only screenshot (text ink hidden via color:transparent), 4x4 grid sample per element, darkest-vs-lightest kept, WCAG relative-luminance ratio against the worse extreme"
https://eyalamit-co-il-2026.s887.upress.link/treatment/,nav.nav>ul.nav__l>li>a.nav__dd,טיפול בדיג׳רידו▾,18.36,400,False,4.5,"rgb(255,255,255) a=0.82","rgb(75,67,53)",7.199,PASS,"backdrop-only screenshot (text ink hidden via color:transparent), 4x4 grid sample per element, darkest-vs-lightest kept, WCAG relative-luminance ratio against the worse extreme"
https://eyalamit-co-il-2026.s887.upress.link/treatment/,ul.nav__l>li>a.nav__dd>span.nav__caret,▾,11.02,400,False,4.5,"rgb(255,255,255) a=0.82","rgb(71,67,56)",7.278,PASS,"backdrop-only screenshot (text ink hidden via color:transparent), 4x4 grid sample per element, darkest-vs-lightest kept, WCAG relative-luminance ratio against the worse extreme"
https://eyalamit-co-il-2026.s887.upress.link/treatment/,nav.nav>ul.nav__l>li>a,השיטה,18.36,400,False,4.5,"rgb(255,255,255) a=0.82","rgb(91,97,80)",4.962,PASS,"backdrop-only screenshot (text ink hidden via color:transparent), 4x4 grid sample per element, darkest-vs-lightest kept, WCAG relative-luminance ratio against the worse extreme"
https://eyalamit-co-il-2026.s887.upress.link/treatment/,nav.nav>ul.nav__l>li>a,שיעורי דיג׳רידו,18.36,400,False,4.5,"rgb(255,255,255) a=0.82","rgb(99,108,104)",4.268,FAIL,"backdrop-only screenshot (text ink hidden via color:transparent), 4x4 grid sample per element, darkest-vs-lightest kept, WCAG relative-luminance ratio against the worse extreme"
https://eyalamit-co-il-2026.s887.upress.link/treatment/,nav.nav>ul.nav__l>li>a,סאונד הילינג,18.36,400,False,4.5,"rgb(255,255,255) a=0.82","rgb(93,87,71)",5.489,PASS,"backdrop-only screenshot (text ink hidden via color:transparent), 4x4 grid sample per element, darkest-vs-lightest kept, WCAG relative-luminance ratio against the worse extreme"
https://eyalamit-co-il-2026.s887.upress.link/treatment/,nav.nav>ul.nav__l>li>button.nav__dd,לימוד והכשרה▾,18.36,400,False,4.5,"rgb(255,255,255) a=0.82","rgb(109,104,93)",4.354,FAIL,"backdrop-only screenshot (text ink hidden via color:transparent), 4x4 grid sample per element, darkest-vs-lightest kept, WCAG relative-luminance ratio against the worse extreme"
https://eyalamit-co-il-2026.s887.upress.link/treatment/,ul.nav__l>li>button.nav__dd>span.nav__caret,▾,11.02,400,False,4.5,"rgb(255,255,255) a=0.82","rgb(88,81,70)",5.924,PASS,"backdrop-only screenshot (text ink hidden via color:transparent), 4x4 grid sample per element, darkest-vs-lightest kept, WCAG relative-luminance ratio against the worse extreme"
https://eyalamit-co-il-2026.s887.upress.link/treatment/,nav.nav>ul.nav__l>li>a.nav__dd,כלים ואביזרים▾,18.36,400,False,4.5,"rgb(255,255,255) a=0.82","rgb(78,76,71)",6.423,PASS,"backdrop-only screenshot (text ink hidden via color:transparent), 4x4 grid sample per element, darkest-vs-lightest kept, WCAG relative-luminance ratio against the worse extreme"
https://eyalamit-co-il-2026.s887.upress.link/treatment/,ul.nav__l>li>a.nav__dd>span.nav__caret,▾,11.02,400,False,4.5,"rgb(255,255,255) a=0.82","rgb(71,68,63)",7.163,PASS,"backdrop-only screenshot (text ink hidden via color:transparent), 4x4 grid sample per element, darkest-vs-lightest kept, WCAG relative-luminance ratio against the worse extreme"
https://eyalamit-co-il-2026.s887.upress.link/treatment/,nav.nav>ul.nav__l>li>a.nav__dd,ספרים▾,18.36,400,False,4.5,"rgb(255,255,255) a=0.82","rgb(61,55,53)",8.46,PASS,"backdrop-only screenshot (text ink hidden via color:transparent), 4x4 grid sample per element, darkest-vs-lightest kept, WCAG relative-luminance ratio against the worse extreme"
https://eyalamit-co-il-2026.s887.upress.link/treatment/,ul.nav__l>li>a.nav__dd>span.nav__caret,▾,11.02,400,False,4.5,"rgb(255,255,255) a=0.82","rgb(25,17,15)",12.61,PASS,"backdrop-only screenshot (text ink hidden via color:transparent), 4x4 grid sample per element, darkest-vs-lightest kept, WCAG relative-luminance ratio against the worse extreme"
https://eyalamit-co-il-2026.s887.upress.link/treatment/,nav.nav>ul.nav__l>li>a,בלוג דיג׳רידו,18.36,400,False,4.5,"rgb(255,255,255) a=0.82","rgb(76,72,67)",6.751,PASS,"backdrop-only screenshot (text ink hidden via color:transparent), 4x4 grid sample per element, darkest-vs-lightest kept, WCAG relative-luminance ratio against the worse extreme"
https://eyalamit-co-il-2026.s887.upress.link/treatment/,nav.nav>ul.nav__l>li>button.nav__dd,אייל עמית▾,18.36,400,False,4.5,"rgb(255,255,255) a=0.82","rgb(79,73,68)",6.615,PASS,"backdrop-only screenshot (text ink hidden via color:transparent), 4x4 grid sample per element, darkest-vs-lightest kept, WCAG relative-luminance ratio against the worse extreme"
https://eyalamit-co-il-2026.s887.upress.link/treatment/,ul.nav__l>li>button.nav__dd>span.nav__caret,▾,11.02,400,False,4.5,"rgb(255,255,255) a=0.82","rgb(76,69,63)",6.979,PASS,"backdrop-only screenshot (text ink hidden via color:transparent), 4x4 grid sample per element, darkest-vs-lightest kept, WCAG relative-luminance ratio against the worse extreme"
https://eyalamit-co-il-2026.s887.upress.link/treatment/,nav.nav>ul.nav__l>li>a,צור קשר,18.36,400,False,4.5,"rgb(255,255,255) a=0.82","rgb(72,68,63)",7.14,PASS,"backdrop-only screenshot (text ink hidden via color:transparent), 4x4 grid sample per element, darkest-vs-lightest kept, WCAG relative-luminance ratio against the worse extreme"
https://eyalamit-co-il-2026.s887.upress.link/treatment/,body.rtl.wp-singular>nav.nav>div.nav__r>a.nav__en,EN,12.24,300,False,4.5,"rgb(255,255,255) a=0.85","rgb(91,82,70)",6.096,PASS,"backdrop-only screenshot (text ink hidden via color:transparent), 4x4 grid sample per element, darkest-vs-lightest kept, WCAG relative-luminance ratio against the worse extreme"
https://eyalamit-co-il-2026.s887.upress.link/treatment/,main.chapters-main>header.phero.phero--media>div.phero__in>h1.phero__h,טיפול בדיג׳רידו,44.2,300,True,3.0,"rgb(255,255,255)","rgb(114,108,91)",5.235,PASS,"backdrop-only screenshot (text ink hidden via color:transparent), 4x4 grid sample per element, darkest-vs-lightest kept, WCAG relative-luminance ratio against the worse extreme"
https://eyalamit-co-il-2026.s887.upress.link/treatment/,header.phero.phero--media>div.phero__in>h1.phero__h>em,דיג׳רידו,44.2,300,True,3.0,"rgb(208,138,94)","rgb(80,74,74)",3.091,PASS,"backdrop-only screenshot (text ink hidden via color:transparent), 4x4 grid sample per element, darkest-vs-lightest kept, WCAG relative-luminance ratio against the worse extreme"
https://eyalamit-co-il-2026.s887.upress.link/treatment/,main.chapters-main>header.phero.phero--media>div.phero__in>p.phero__s,להחזיר שליטה על הנשימה דרך עבודה אקטיבית עם דיג׳רי,19.55,300,False,4.5,"rgb(255,255,255) a=0.86","rgb(92,83,66)",6.129,PASS,"backdrop-only screenshot (text ink hidden via color:transparent), 4x4 grid sample per element, darkest-vs-lightest kept, WCAG relative-luminance ratio against the worse extreme"
https://eyalamit-co-il-2026.s887.upress.link/treatment/,header.phero.phero--media>div.phero__in>p.phero__cta>a.btn.btn--gw,לתיאום שיחת היכרות,15.3,500,False,4.5,"rgb(255,255,255)","rgb(43,38,34)",14.967,PASS,"backdrop-only screenshot (text ink hidden via color:transparent), 4x4 grid sample per element, darkest-vs-lightest kept, WCAG relative-luminance ratio against the worse extreme"
https://eyalamit-co-il-2026.s887.upress.link/treatment/,main.chapters-main>section.sec>div.wrap>h2.h2.r,משהו בנשימה שלך מבקש תשומת לב,24.65,400,True,3.0,"rgb(47,32,19)","rgb(255,255,250)",15.661,PASS,"backdrop-only screenshot (text ink hidden via color:transparent), 4x4 grid sample per element, darkest-vs-lightest kept, WCAG relative-luminance ratio against the worse extreme"
https://eyalamit-co-il-2026.s887.upress.link/treatment/,section.sec>div.wrap>div.intro-body.r>p,הנשימה היא לא פעולה אוטומטית לחלוטין. רוב הזמן היא,19.52,300,False,4.5,"rgb(103,72,45)","rgb(255,255,250)",8.238,PASS,"backdrop-only screenshot (text ink hidden via color:transparent), 4x4 grid sample per element, darkest-vs-lightest kept, WCAG relative-luminance ratio against the worse extreme"
https://eyalamit-co-il-2026.s887.upress.link/treatment/,section.sec>div.wrap>div.intro-body.r>p,"אבל ברגע שמפנים אליה תשומת לב, יש לנו יכולת להשפיע",17,300,False,4.5,"rgb(103,72,45)","rgb(255,255,250)",8.238,PASS,"backdrop-only screenshot (text ink hidden via color:transparent), 4x4 grid sample per element, darkest-vs-lightest kept, WCAG relative-luminance ratio against the worse extreme"
https://eyalamit-co-il-2026.s887.upress.link/treatment/,section.sec>div.wrap>div.intro-body.r>p,ובדיוק שם מתחילה העבודה.,17,300,False,4.5,"rgb(103,72,45)","rgb(255,255,250)",8.238,PASS,"backdrop-only screenshot (text ink hidden via color:transparent), 4x4 grid sample per element, darkest-vs-lightest kept, WCAG relative-luminance ratio against the worse extreme"
https://eyalamit-co-il-2026.s887.upress.link/treatment/,section.sec>div.wrap>div.intro-body.r>p,העבודה במרכז מבוססת על שיטת cbDIDG שפותחה לאורך הש,17,300,False,4.5,"rgb(103,72,45)","rgb(255,255,250)",8.238,PASS,"backdrop-only screenshot (text ink hidden via color:transparent), 4x4 grid sample per element, darkest-vs-lightest kept, WCAG relative-luminance ratio against the worse extreme"
https://eyalamit-co-il-2026.s887.upress.link/treatment/,div.wrap>div.intro-body.r>p>a.tlink,cbDIDG,17,300,False,4.5,"rgb(154,79,43)","rgb(255,255,250)",5.936,PASS,"backdrop-only screenshot (text ink hidden via color:transparent), 4x4 grid sample per element, darkest-vs-lightest kept, WCAG relative-luminance ratio against the worse extreme"
https://eyalamit-co-il-2026.s887.upress.link/treatment/,div.wrap>div.intro-body.r>p>a.tlink,מוקש דהימן,17,300,False,4.5,"rgb(154,79,43)","rgb(255,255,250)",5.936,PASS,"backdrop-only screenshot (text ink hidden via color:transparent), 4x4 grid sample per element, darkest-vs-lightest kept, WCAG relative-luminance ratio against the worse extreme"
https://eyalamit-co-il-2026.s887.upress.link/treatment/,section.sec>div.wrap>div.intro-body.r>p,"סטרס, עומס והרגלים יומיומיים משנים עם הזמן את האופ",17,300,False,4.5,"rgb(103,72,45)","rgb(255,255,250)",8.238,PASS,"backdrop-only screenshot (text ink hidden via color:transparent), 4x4 grid sample per element, darkest-vs-lightest kept, WCAG relative-luminance ratio against the worse extreme"
https://eyalamit-co-il-2026.s887.upress.link/treatment/,section.sec>div.wrap>div.intro-body.r>p,"וכשזה קורה לאורך זמן, הנשימה כבר לא תומכת בנו כמו ",17,300,False,4.5,"rgb(103,72,45)","rgb(255,255,250)",8.238,PASS,"backdrop-only screenshot (text ink hidden via color:transparent), 4x4 grid sample per element, darkest-vs-lightest kept, WCAG relative-luminance ratio against the worse extreme"
https://eyalamit-co-il-2026.s887.upress.link/treatment/,section.sec>div.wrap>div.intro-body.r>p,"העבודה כאן מתחילה מהמקום הזה, להחזיר מודעות, ולהחז",17,300,False,4.5,"rgb(103,72,45)","rgb(255,255,250)",8.238,PASS,"backdrop-only screenshot (text ink hidden via color:transparent), 4x4 grid sample per element, darkest-vs-lightest kept, WCAG relative-luminance ratio against the worse extreme"
https://eyalamit-co-il-2026.s887.upress.link/treatment/,div.wrap>div.split2>div.r.in>h2.h2,מה זה טיפול בדיג׳רידו,24.65,400,True,3.0,"rgb(47,32,19)","rgb(255,255,250)",15.661,PASS,"backdrop-only screenshot (text ink hidden via color:transparent), 4x4 grid sample per element, darkest-vs-lightest kept, WCAG relative-luminance ratio against the worse extreme"
https://eyalamit-co-il-2026.s887.upress.link/treatment/,div.split2>div.r.in>div.intro-body>p,טיפול בדיג׳רידו הוא תהליך אישי שבו עובדים באופן אק,17,300,False,4.5,"rgb(103,72,45)","rgb(255,255,250)",8.238,PASS,"backdrop-only screenshot (text ink hidden via color:transparent), 4x4 grid sample per element, darkest-vs-lightest kept, WCAG relative-luminance ratio against the worse extreme"
https://eyalamit-co-il-2026.s887.upress.link/treatment/,div.split2>div.r.in>div.intro-body>p,"הדיג׳רידו משמש כאן ככלי עבודה, לא כמטרה. העבודה אי",17,300,False,4.5,"rgb(103,72,45)","rgb(255,255,250)",8.238,PASS,"backdrop-only screenshot (text ink hidden via color:transparent), 4x4 grid sample per element, darkest-vs-lightest kept, WCAG relative-luminance ratio against the worse extreme"
https://eyalamit-co-il-2026.s887.upress.link/treatment/,div.split2>div.r.in>div.intro-body>p,במהלך המפגשים לומדים:,17,300,False,4.5,"rgb(103,72,45)","rgb(255,255,250)",8.238,PASS,"backdrop-only screenshot (text ink hidden via color:transparent), 4x4 grid sample per element, darkest-vs-lightest kept, WCAG relative-luminance ratio against the worse extreme"
https://eyalamit-co-il-2026.s887.upress.link/treatment/,div.r.in>div.intro-body>ul>li,איך מערכת הנשימה פועלת בפועל,17,300,False,4.5,"rgb(47,32,19)","rgb(255,255,250)",15.661,PASS,"backdrop-only screenshot (text ink hidden via color:transparent), 4x4 grid sample per element, darkest-vs-lightest kept, WCAG relative-luminance ratio against the worse extreme"
https://eyalamit-co-il-2026.s887.upress.link/treatment/,div.r.in>div.intro-body>ul>li,"כיצד הנשימה משפיעה על הגוף, התודעה ואיכות החיים",17,300,False,4.5,"rgb(47,32,19)","rgb(255,255,250)",15.661,PASS,"backdrop-only screenshot (text ink hidden via color:transparent), 4x4 grid sample per element, darkest-vs-lightest kept, WCAG relative-luminance ratio against the worse extreme"
https://eyalamit-co-il-2026.s887.upress.link/treatment/,div.r.in>div.intro-body>ul>li,לזהות דפוסים אוטומטיים ואופני נשימה,17,300,False,4.5,"rgb(47,32,19)","rgb(255,255,250)",15.661,PASS,"backdrop-only screenshot (text ink hidden via color:transparent), 4x4 grid sample per element, darkest-vs-lightest kept, WCAG relative-luminance ratio against the worse extreme"
https://eyalamit-co-il-2026.s887.upress.link/treatment/,div.r.in>div.intro-body>ul>li,"לפתח שליטה, יציבות ויכולת ויסות במערכת הנשימה",17,300,False,4.5,"rgb(47,32,19)","rgb(255,255,250)",15.661,PASS,"backdrop-only screenshot (text ink hidden via color:transparent), 4x4 grid sample per element, darkest-vs-lightest kept, WCAG relative-luminance ratio against the worse extreme"
https://eyalamit-co-il-2026.s887.upress.link/treatment/,div.split2>div.r.in>div.intro-body>p,הנגינה בדיג׳רידו מתאפשרת באמצעות טכניקת נשימה מעגל,17,300,False,4.5,"rgb(103,72,45)","rgb(255,255,250)",8.238,PASS,"backdrop-only screenshot (text ink hidden via color:transparent), 4x4 grid sample per element, darkest-vs-lightest kept, WCAG relative-luminance ratio against the worse extreme"
https://eyalamit-co-il-2026.s887.upress.link/treatment/,div.split2>div.r.in>div.intro-body>p,"זו טכניקה שדורשת למידה, דיוק ותרגול.",17,300,False,4.5,"rgb(103,72,45)","rgb(255,255,250)",8.238,PASS,"backdrop-only screenshot (text ink hidden via color:transparent), 4x4 grid sample per element, darkest-vs-lightest kept, WCAG relative-luminance ratio against the worse extreme"
https://eyalamit-co-il-2026.s887.upress.link/treatment/,div.split2>div.r.in>div.intro-body>p,"וכשזה קורה, משהו בנשימה היומיומית מתחיל להשתנות.",17,300,False,4.5,"rgb(103,72,45)","rgb(255,255,250)",8.238,PASS,"backdrop-only screenshot (text ink hidden via color:transparent), 4x4 grid sample per element, darkest-vs-lightest kept, WCAG relative-luminance ratio against the worse extreme"
https://eyalamit-co-il-2026.s887.upress.link/treatment/,div.split2>div.r.in>div.intro-body>p,"בטיפול בדיג׳רידו, טכניקת הנשימה המעגלית בדיג׳רידו ",17,300,False,4.5,"rgb(103,72,45)","rgb(255,255,250)",8.238,PASS,"backdrop-only screenshot (text ink hidden via color:transparent), 4x4 grid sample per element, darkest-vs-lightest kept, WCAG relative-luminance ratio against the worse extreme"
https://eyalamit-co-il-2026.s887.upress.link/treatment/,div.split2>div.r.in>div.intro-body>p,"המטרה היא שינוי של הדרך שבה נושמים ביומיום, זו שמל",17,300,False,4.5,"rgb(103,72,45)","rgb(255,255,250)",8.238,PASS,"backdrop-only screenshot (text ink hidden via color:transparent), 4x4 grid sample per element, darkest-vs-lightest kept, WCAG relative-luminance ratio against the worse extreme"
https://eyalamit-co-il-2026.s887.upress.link/treatment/,main.chapters-main>section.sec>div.wrap>h2.h2.r,למי זה מתאים,24.65,400,True,3.0,"rgb(47,32,19)","rgb(255,255,250)",15.661,PASS,"backdrop-only screenshot (text ink hidden via color:transparent), 4x4 grid sample per element, darkest-vs-lightest kept, WCAG relative-luminance ratio against the worse extreme"
https://eyalamit-co-il-2026.s887.upress.link/treatment/,section.sec>div.wrap>div.intro-body.r>p,זה יכול להתאים למי ש:,17,300,False,4.5,"rgb(103,72,45)","rgb(255,255,250)",8.238,PASS,"backdrop-only screenshot (text ink hidden via color:transparent), 4x4 grid sample per element, darkest-vs-lightest kept, WCAG relative-luminance ratio against the worse extreme"
https://eyalamit-co-il-2026.s887.upress.link/treatment/,div.wrap>div.intro-body.r>ul>li,מתמודד עם סטרס כרוני,17,300,False,4.5,"rgb(47,32,19)","rgb(255,255,250)",15.661,PASS,"backdrop-only screenshot (text ink hidden via color:transparent), 4x4 grid sample per element, darkest-vs-lightest kept, WCAG relative-luminance ratio against the worse extreme"
https://eyalamit-co-il-2026.s887.upress.link/treatment/,div.wrap>div.intro-body.r>ul>li,"חווה מתח, חרדה או עומס רגשי מתמשך",17,300,False,4.5,"rgb(47,32,19)","rgb(255,255,250)",15.661,PASS,"backdrop-only screenshot (text ink hidden via color:transparent), 4x4 grid sample per element, darkest-vs-lightest kept, WCAG relative-luminance ratio against the worse extreme"
https://eyalamit-co-il-2026.s887.upress.link/treatment/,div.wrap>div.intro-body.r>ul>li,סובל מנחירות או דום נשימה בשינה,17,300,False,4.5,"rgb(47,32,19)","rgb(255,255,250)",15.661,PASS,"backdrop-only screenshot (text ink hidden via color:transparent), 4x4 grid sample per element, darkest-vs-lightest kept, WCAG relative-luminance ratio against the worse extreme"
https://eyalamit-co-il-2026.s887.upress.link/treatment/,div.wrap>div.intro-body.r>ul>li,מרגיש עייפות או חוסר יציבות אנרגטית,17,300,False,4.5,"rgb(47,32,19)","rgb(255,255,250)",15.661,PASS,"backdrop-only screenshot (text ink hidden via color:transparent), 4x4 grid sample per element, darkest-vs-lightest kept, WCAG relative-luminance ratio against the worse extreme"
https://eyalamit-co-il-2026.s887.upress.link/treatment/,div.wrap>div.intro-body.r>ul>li,מתמודד עם מחלה ורוצה לתמוך בתהליך בעזרת הנשימה,17,300,False,4.5,"rgb(47,32,19)","rgb(255,255,250)",15.661,PASS,"backdrop-only screenshot (text ink hidden via color:transparent), 4x4 grid sample per element, darkest-vs-lightest kept, WCAG relative-luminance ratio against the worse extreme"
https://eyalamit-co-il-2026.s887.upress.link/treatment/,div.wrap>div.intro-body.r>ul>li,"רוצה ללמוד לנשום בצורה מדויקת, נכונה ומטיבה יותר",17,300,False,4.5,"rgb(47,32,19)","rgb(255,255,250)",15.661,PASS,"backdrop-only screenshot (text ink hidden via color:transparent), 4x4 grid sample per element, darkest-vs-lightest kept, WCAG relative-luminance ratio against the worse extreme"
https://eyalamit-co-il-2026.s887.upress.link/treatment/,section.sec>div.wrap>div.intro-body.r>p,"וגם למי שפשוט רוצה לעצור רגע, ולהכניס יותר שקט, מו",17,300,False,4.5,"rgb(103,72,45)","rgb(255,255,250)",8.238,PASS,"backdrop-only screenshot (text ink hidden via color:transparent), 4x4 grid sample per element, darkest-vs-lightest kept, WCAG relative-luminance ratio against the worse extreme"
https://eyalamit-co-il-2026.s887.upress.link/treatment/,main.chapters-main>section.sec>div.wrap>h2.h2.r,איך עובד הטיפול בדיג׳רידו,24.65,400,True,3.0,"rgb(47,32,19)","rgb(255,255,250)",15.661,PASS,"backdrop-only screenshot (text ink hidden via color:transparent), 4x4 grid sample per element, darkest-vs-lightest kept, WCAG relative-luminance ratio against the worse extreme"
https://eyalamit-co-il-2026.s887.upress.link/treatment/,section.sec>div.wrap>div.intro-body.r>p,"הנשימה היומיומית מושפעת ממה שקורה בגוף ובתודעה, וה",17,300,False,4.5,"rgb(103,72,45)","rgb(255,255,250)",8.238,PASS,"backdrop-only screenshot (text ink hidden via color:transparent), 4x4 grid sample per element, darkest-vs-lightest kept, WCAG relative-luminance ratio against the worse extreme"
https://eyalamit-co-il-2026.s887.upress.link/treatment/,section.sec>div.wrap>div.intro-body.r>p,"ברוב הזמן היא מתרחשת מעצמה, ומשקפת את המצב שבו אנח",17,300,False,4.5,"rgb(103,72,45)","rgb(255,255,250)",8.238,PASS,"backdrop-only screenshot (text ink hidden via color:transparent), 4x4 grid sample per element, darkest-vs-lightest kept, WCAG relative-luminance ratio against the worse extreme"
https://eyalamit-co-il-2026.s887.upress.link/treatment/,section.sec>div.wrap>div.intro-body.r>p,"אבל כשמפנים אליה תשומת לב, מתגלה האפשרות לעבוד אית",17,300,False,4.5,"rgb(103,72,45)","rgb(255,255,250)",8.238,PASS,"backdrop-only screenshot (text ink hidden via color:transparent), 4x4 grid sample per element, darkest-vs-lightest kept, WCAG relative-luminance ratio against the worse extreme"
https://eyalamit-co-il-2026.s887.upress.link/treatment/,section.sec>div.wrap>div.intro-body.r>p,הנגינה בדיג׳רידו מתאפשרת באמצעות טכניקת נשימה מעגל,17,300,False,4.5,"rgb(103,72,45)","rgb(255,255,250)",8.238,PASS,"backdrop-only screenshot (text ink hidden via color:transparent), 4x4 grid sample per element, darkest-vs-lightest kept, WCAG relative-luminance ratio against the worse extreme"
https://eyalamit-co-il-2026.s887.upress.link/treatment/,section.sec>div.wrap>div.intro-body.r>p,"דרך תהליך של למידה, דיוק ותרגול של טכניקת הנשימה ה",17,300,False,4.5,"rgb(103,72,45)","rgb(255,255,250)",8.238,PASS,"backdrop-only screenshot (text ink hidden via color:transparent), 4x4 grid sample per element, darkest-vs-lightest kept, WCAG relative-luminance ratio against the worse extreme"
https://eyalamit-co-il-2026.s887.upress.link/treatment/,section.sec>div.wrap>div.intro-body.r>p,"בטיפול בדיג׳רידו, טכניקת הנשימה המעגלית בדיג׳רידו ",17,300,False,4.5,"rgb(103,72,45)","rgb(255,255,250)",8.238,PASS,"backdrop-only screenshot (text ink hidden via color:transparent), 4x4 grid sample per element, darkest-vs-lightest kept, WCAG relative-luminance ratio against the worse extreme"
https://eyalamit-co-il-2026.s887.upress.link/treatment/,section.sec>div.wrap>div.intro-body.r>p,"המטרה היא להשפיע על הנשימה היומיומית, זו שמלווה את",17,300,False,4.5,"rgb(103,72,45)","rgb(255,255,250)",8.238,PASS,"backdrop-only screenshot (text ink hidden via color:transparent), 4x4 grid sample per element, darkest-vs-lightest kept, WCAG relative-luminance ratio against the worse extreme"
https://eyalamit-co-il-2026.s887.upress.link/treatment/,section.sec>div.wrap>div.intro-body.r>p,הטיפול בדיג׳רידו הוא תהליך שנבנה בהדרגה. לא מפגש א,17,300,False,4.5,"rgb(103,72,45)","rgb(255,255,250)",8.238,PASS,"backdrop-only screenshot (text ink hidden via color:transparent), 4x4 grid sample per element, darkest-vs-lightest kept, WCAG relative-luminance ratio against the worse extreme"
https://eyalamit-co-il-2026.s887.upress.link/treatment/,section.sec>div.wrap>div.intro-body.r>p,"בהתחלה, פוגשים את הנשימה היומיומית כפי שהיא. לומדי",17,300,False,4.5,"rgb(103,72,45)","rgb(255,255,250)",8.238,PASS,"backdrop-only screenshot (text ink hidden via color:transparent), 4x4 grid sample per element, darkest-vs-lightest kept, WCAG relative-luminance ratio against the worse extreme"
https://eyalamit-co-il-2026.s887.upress.link/treatment/,section.sec>div.wrap>div.intro-body.r>p,"בהמשך, העבודה נעשית מדויקת יותר. מתרגלים, מחזקים ו",17,300,False,4.5,"rgb(103,72,45)","rgb(255,255,250)",8.238,PASS,"backdrop-only screenshot (text ink hidden via color:transparent), 4x4 grid sample per element, darkest-vs-lightest kept, WCAG relative-luminance ratio against the worse extreme"
https://eyalamit-co-il-2026.s887.upress.link/treatment/,section.sec>div.wrap>div.intro-body.r>p,"הדיג׳רידו משמש ככלי שמכוון ומדייק, ומאפשר לחוות בז",17,300,False,4.5,"rgb(103,72,45)","rgb(255,255,250)",8.238,PASS,"backdrop-only screenshot (text ink hidden via color:transparent), 4x4 grid sample per element, darkest-vs-lightest kept, WCAG relative-luminance ratio against the worse extreme"
https://eyalamit-co-il-2026.s887.upress.link/treatment/,section.sec>div.wrap>div.intro-body.r>p,"עם הזמן, משהו מתחיל להתבסס. הנשימה היומיומית נעשית",17,300,False,4.5,"rgb(103,72,45)","rgb(255,255,250)",8.238,PASS,"backdrop-only screenshot (text ink hidden via color:transparent), 4x4 grid sample per element, darkest-vs-lightest kept, WCAG relative-luminance ratio against the worse extreme"
https://eyalamit-co-il-2026.s887.upress.link/treatment/,section.sec>div.wrap>div.intro-body.r>p,והשינוי לא נשאר רק בתוך המפגש. הוא מתחיל להופיע גם,17,300,False,4.5,"rgb(103,72,45)","rgb(255,255,250)",8.238,PASS,"backdrop-only screenshot (text ink hidden via color:transparent), 4x4 grid sample per element, darkest-vs-lightest kept, WCAG relative-luminance ratio against the worse extreme"
https://eyalamit-co-il-2026.s887.upress.link/treatment/,section.sec>div.wrap>div.intro-body.r>p,העבודה כוללת גם תרגול בין המפגשים. שם מתרחש חלק מש,17,300,False,4.5,"rgb(103,72,45)","rgb(255,255,250)",8.238,PASS,"backdrop-only screenshot (text ink hidden via color:transparent), 4x4 grid sample per element, darkest-vs-lightest kept, WCAG relative-luminance ratio against the worse extreme"
https://eyalamit-co-il-2026.s887.upress.link/treatment/,section.sec>div.wrap>div.intro-body.r>p,"זה לא תהליך מהיר, ודורש סבלנות, נחישות והתמדה, אבל",17,300,False,4.5,"rgb(103,72,45)","rgb(255,255,250)",8.238,PASS,"backdrop-only screenshot (text ink hidden via color:transparent), 4x4 grid sample per element, darkest-vs-lightest kept, WCAG relative-luminance ratio against the worse extreme"
https://eyalamit-co-il-2026.s887.upress.link/treatment/,section.bleed>div.bleed__c>div.bleed__in>p.bleed__q.r,הנשימה היא לכולם.,34,400,True,3.0,"rgb(255,255,255)","rgb(116,118,100)",4.648,PASS,"backdrop-only screenshot (text ink hidden via color:transparent), 4x4 grid sample per element, darkest-vs-lightest kept, WCAG relative-luminance ratio against the worse extreme"
https://eyalamit-co-il-2026.s887.upress.link/treatment/,section.bleed>div.bleed__c>div.bleed__in>p.bleed__a.r,אייל עמית,12.24,300,False,4.5,"rgb(208,138,94)","rgb(127,147,115)",1.183,FAIL,"backdrop-only screenshot (text ink hidden via color:transparent), 4x4 grid sample per element, darkest-vs-lightest kept, WCAG relative-luminance ratio against the worse extreme"
https://eyalamit-co-il-2026.s887.upress.link/treatment/,section.sec.sec--alt>div.wrap>div>h2.h2.r,איך נראה מפגש,24.65,400,True,3.0,"rgb(47,32,19)","rgb(239,234,225)",13.11,PASS,"backdrop-only screenshot (text ink hidden via color:transparent), 4x4 grid sample per element, darkest-vs-lightest kept, WCAG relative-luminance ratio against the worse extreme"
https://eyalamit-co-il-2026.s887.upress.link/treatment/,div.wrap>div>div.intro-body.r>p,העבודה במפגשים מבוססת על שיטת cbDIDG שפותחה לאורך ,17,300,False,4.5,"rgb(103,72,45)","rgb(239,234,225)",6.896,PASS,"backdrop-only screenshot (text ink hidden via color:transparent), 4x4 grid sample per element, darkest-vs-lightest kept, WCAG relative-luminance ratio against the worse extreme"
https://eyalamit-co-il-2026.s887.upress.link/treatment/,div>div.intro-body.r>p>a.tlink,cbDIDG,17,300,False,4.5,"rgb(154,79,43)","rgb(239,234,225)",4.969,PASS,"backdrop-only screenshot (text ink hidden via color:transparent), 4x4 grid sample per element, darkest-vs-lightest kept, WCAG relative-luminance ratio against the worse extreme"
https://eyalamit-co-il-2026.s887.upress.link/treatment/,div>div.intro-body.r>p>a.tlink,מוקש דהימן,17,300,False,4.5,"rgb(154,79,43)","rgb(239,234,225)",4.969,PASS,"backdrop-only screenshot (text ink hidden via color:transparent), 4x4 grid sample per element, darkest-vs-lightest kept, WCAG relative-luminance ratio against the worse extreme"
https://eyalamit-co-il-2026.s887.upress.link/treatment/,div.wrap>div>div.intro-body.r>p,"המפגשים מתקיימים אחד על אחד, בסטודיו בפרדס חנה.",17,300,False,4.5,"rgb(103,72,45)","rgb(239,234,225)",6.896,PASS,"backdrop-only screenshot (text ink hidden via color:transparent), 4x4 grid sample per element, darkest-vs-lightest kept, WCAG relative-luminance ratio against the worse extreme"
https://eyalamit-co-il-2026.s887.upress.link/treatment/,div.wrap>div>div.intro-body.r>p,"זהו מרחב שקט ונעים, הממוקם בלב חצר ירוקה עם עצי פר",17,300,False,4.5,"rgb(103,72,45)","rgb(239,234,225)",6.896,PASS,"backdrop-only screenshot (text ink hidden via color:transparent), 4x4 grid sample per element, darkest-vs-lightest kept, WCAG relative-luminance ratio against the worse extreme"
https://eyalamit-co-il-2026.s887.upress.link/treatment/,div.wrap>div>div.intro-body.r>p,"במהלך המפגש עובדים בצורה הדרגתית, בקצב שמתאים לאדם",17,300,False,4.5,"rgb(103,72,45)","rgb(239,234,225)",6.896,PASS,"backdrop-only screenshot (text ink hidden via color:transparent), 4x4 grid sample per element, darkest-vs-lightest kept, WCAG relative-luminance ratio against the worse extreme"
https://eyalamit-co-il-2026.s887.upress.link/treatment/,div.wrap>div>div.intro-body.r>p,העבודה משלבת:,17,300,False,4.5,"rgb(103,72,45)","rgb(239,234,225)",6.896,PASS,"backdrop-only screenshot (text ink hidden via color:transparent), 4x4 grid sample per element, darkest-vs-lightest kept, WCAG relative-luminance ratio against the worse extreme"
https://eyalamit-co-il-2026.s887.upress.link/treatment/,div>div.intro-body.r>ul>li,תרגול עם הנשימה היומיומית,17,300,False,4.5,"rgb(47,32,19)","rgb(239,234,225)",13.11,PASS,"backdrop-only screenshot (text ink hidden via color:transparent), 4x4 grid sample per element, darkest-vs-lightest kept, WCAG relative-luminance ratio against the worse extreme"
https://eyalamit-co-il-2026.s887.upress.link/treatment/,div>div.intro-body.r>ul>li,לימוד טכניקת הנשימה המעגלית בדיג׳רידו,17,300,False,4.5,"rgb(47,32,19)","rgb(239,234,225)",13.11,PASS,"backdrop-only screenshot (text ink hidden via color:transparent), 4x4 grid sample per element, darkest-vs-lightest kept, WCAG relative-luminance ratio against the worse extreme"
https://eyalamit-co-il-2026.s887.upress.link/treatment/,div>div.intro-body.r>ul>li,עבודה עם הדיג׳רידו ככלי מכוון,17,300,False,4.5,"rgb(47,32,19)","rgb(239,234,225)",13.11,PASS,"backdrop-only screenshot (text ink hidden via color:transparent), 4x4 grid sample per element, darkest-vs-lightest kept, WCAG relative-luminance ratio against the worse extreme"
https://eyalamit-co-il-2026.s887.upress.link/treatment/,div.wrap>div>div.intro-body.r>p,"המפגש הראשון כולל אבחון, ולכן הוא לרוב מעט ארוך יו",17,300,False,4.5,"rgb(103,72,45)","rgb(239,234,225)",6.896,PASS,"backdrop-only screenshot (text ink hidden via color:transparent), 4x4 grid sample per element, darkest-vs-lightest kept, WCAG relative-luminance ratio against the worse extreme"
https://eyalamit-co-il-2026.s887.upress.link/treatment/,div.wrap>div.videoblk.r>div.ea-pending-approval>span.ea-pending-approval__badge,ממתין לאישור,12.24,700,False,4.5,"rgb(255,255,255)","rgb(230,81,0)",3.79,FAIL,"backdrop-only screenshot (text ink hidden via color:transparent), 4x4 grid sample per element, darkest-vs-lightest kept, WCAG relative-luminance ratio against the worse extreme"
https://eyalamit-co-il-2026.s887.upress.link/treatment/,div.wrap>div.videoblk.r>div.ea-pending-approval>p.ea-pending-approval__title,כאן ייכנס סרטון מפגש,17,700,False,4.5,"rgb(191,54,12)","rgb(255,224,130)",4.332,FAIL,"backdrop-only screenshot (text ink hidden via color:transparent), 4x4 grid sample per element, darkest-vs-lightest kept, WCAG relative-luminance ratio against the worse extreme"
https://eyalamit-co-il-2026.s887.upress.link/treatment/,main.chapters-main>section.sec>div.wrap.center>h2.h2.r,"מה ההבדל בין טיפול, סאונד הילינג ושיעורים",24.65,400,True,3.0,"rgb(47,32,19)","rgb(255,255,250)",15.661,PASS,"backdrop-only screenshot (text ink hidden via color:transparent), 4x4 grid sample per element, darkest-vs-lightest kept, WCAG relative-luminance ratio against the worse extreme"
https://eyalamit-co-il-2026.s887.upress.link/treatment/,section.sec>div.wrap.center>div.lead.r>p,לא כל עבודה עם דיג׳רידו היא אותו דבר.,17,300,False,4.5,"rgb(103,72,45)","rgb(255,255,250)",8.238,PASS,"backdrop-only screenshot (text ink hidden via color:transparent), 4x4 grid sample per element, darkest-vs-lightest kept, WCAG relative-luminance ratio against the worse extreme"
https://eyalamit-co-il-2026.s887.upress.link/treatment/,section.sec>div.wrap.center>div.lead.r>p,ההבדל המרכזי הוא פשוט.,17,300,False,4.5,"rgb(103,72,45)","rgb(255,255,250)",8.238,PASS,"backdrop-only screenshot (text ink hidden via color:transparent), 4x4 grid sample per element, darkest-vs-lightest kept, WCAG relative-luminance ratio against the worse extreme"
https://eyalamit-co-il-2026.s887.upress.link/treatment/,section.sec>div.wrap.center>div.lead.r>p,בטיפול בדיג׳רידו נכנסים לתהליך אישי ולומדים לעבוד ,17,300,False,4.5,"rgb(103,72,45)","rgb(255,255,250)",8.238,PASS,"backdrop-only screenshot (text ink hidden via color:transparent), 4x4 grid sample per element, darkest-vs-lightest kept, WCAG relative-luminance ratio against the worse extreme"
https://eyalamit-co-il-2026.s887.upress.link/treatment/,section.sec>div.wrap.center>div.lead.r>p,בסאונד הילינג חווים מפגש נקודתי של הקשבה פאסיבית ל,17,300,False,4.5,"rgb(103,72,45)","rgb(255,255,250)",8.238,PASS,"backdrop-only screenshot (text ink hidden via color:transparent), 4x4 grid sample per element, darkest-vs-lightest kept, WCAG relative-luminance ratio against the worse extreme"
https://eyalamit-co-il-2026.s887.upress.link/treatment/,section.sec>div.wrap.center>div.lead.r>p,ובשיעורים מתמקדים בלימוד נגינה ובהתפתחות מוזיקלית ,17,300,False,4.5,"rgb(103,72,45)","rgb(255,255,250)",8.238,PASS,"backdrop-only screenshot (text ink hidden via color:transparent), 4x4 grid sample per element, darkest-vs-lightest kept, WCAG relative-luminance ratio against the worse extreme"
https://eyalamit-co-il-2026.s887.upress.link/treatment/,details.dd__item.dd__item--active>summary.dd__sum>span.dd__sum-main>span.dd__tag,תהליך אישי,11.05,300,False,4.5,"rgb(255,255,255)","rgb(176,95,56)",4.626,PASS,"backdrop-only screenshot (text ink hidden via color:transparent), 4x4 grid sample per element, darkest-vs-lightest kept, WCAG relative-luminance ratio against the worse extreme"
https://eyalamit-co-il-2026.s887.upress.link/treatment/,details.dd__item.dd__item--active>summary.dd__sum>span.dd__sum-main>span.dd__t,טיפול בדיג׳רידו,18.7,600,False,4.5,"rgb(47,32,19)","rgb(255,255,250)",15.661,PASS,"backdrop-only screenshot (text ink hidden via color:transparent), 4x4 grid sample per element, darkest-vs-lightest kept, WCAG relative-luminance ratio against the worse extreme"
https://eyalamit-co-il-2026.s887.upress.link/treatment/,div.dd.r>details.dd__item.dd__item--active>div.dd__body>p,"עבודה אקטיבית עם הנשימה היומיומית, דרך תרגול בדיג׳",17,300,False,4.5,"rgb(103,72,45)","rgb(255,255,250)",8.238,PASS,"backdrop-only screenshot (text ink hidden via color:transparent), 4x4 grid sample per element, darkest-vs-lightest kept, WCAG relative-luminance ratio against the worse extreme"
https://eyalamit-co-il-2026.s887.upress.link/treatment/,div.dd.r>details.dd__item.dd__item--active>div.dd__body>p,תהליך מתמשך שמשפיע על הנשימה ועל איכות החיים לטווח,17,300,False,4.5,"rgb(103,72,45)","rgb(255,255,250)",8.238,PASS,"backdrop-only screenshot (text ink hidden via color:transparent), 4x4 grid sample per element, darkest-vs-lightest kept, WCAG relative-luminance ratio against the worse extreme"
https://eyalamit-co-il-2026.s887.upress.link/treatment/,div.dd.r>details.dd__item.dd__item--active>div.dd__body>p,"למי זה מתאים: למי שמוכן להיכנס לתהליך אישי הדרגתי,",17,300,False,4.5,"rgb(103,72,45)","rgb(255,255,250)",8.238,PASS,"backdrop-only screenshot (text ink hidden via color:transparent), 4x4 grid sample per element, darkest-vs-lightest kept, WCAG relative-luminance ratio against the worse extreme"
https://eyalamit-co-il-2026.s887.upress.link/treatment/,details.dd__item.dd__item--active>div.dd__body>p>a.tlink,למידע נוסף על טיפול בדיג׳רידו,17,300,False,4.5,"rgb(154,79,43)","rgb(255,255,250)",5.936,PASS,"backdrop-only screenshot (text ink hidden via color:transparent), 4x4 grid sample per element, darkest-vs-lightest kept, WCAG relative-luminance ratio against the worse extreme"
https://eyalamit-co-il-2026.s887.upress.link/treatment/,details.dd__item>summary.dd__sum>span.dd__sum-main>span.dd__tag,הקשבה פאסיבית,11.05,300,False,4.5,"rgb(255,255,255)","rgb(120,102,81)",5.5,PASS,"backdrop-only screenshot (text ink hidden via color:transparent), 4x4 grid sample per element, darkest-vs-lightest kept, WCAG relative-luminance ratio against the worse extreme"
https://eyalamit-co-il-2026.s887.upress.link/treatment/,details.dd__item>summary.dd__sum>span.dd__sum-main>span.dd__t,סאונד הילינג בדיג׳רידו,18.7,600,False,4.5,"rgb(47,32,19)","rgb(255,255,250)",15.661,PASS,"backdrop-only screenshot (text ink hidden via color:transparent), 4x4 grid sample per element, darkest-vs-lightest kept, WCAG relative-luminance ratio against the worse extreme"
https://eyalamit-co-il-2026.s887.upress.link/treatment/,div.dd.r>details.dd__item>div.dd__body>p,עבודה פאסיבית של הקשבה לצליל דרך הגוף. הצליל פועל ,17,300,False,4.5,"rgb(103,72,45)","rgb(255,255,250)",8.238,PASS,"backdrop-only screenshot (text ink hidden via color:transparent), 4x4 grid sample per element, darkest-vs-lightest kept, WCAG relative-luminance ratio against the worse extreme"
https://eyalamit-co-il-2026.s887.upress.link/treatment/,div.dd.r>details.dd__item>div.dd__body>p,"לרוב מדובר במפגש נקודתי, עם השפעה מיידית הפועלת בע",17,300,False,4.5,"rgb(103,72,45)","rgb(120,102,81)",1.502,FAIL,"backdrop-only screenshot (text ink hidden via color:transparent), 4x4 grid sample per element, darkest-vs-lightest kept, WCAG relative-luminance ratio against the worse extreme"
https://eyalamit-co-il-2026.s887.upress.link/treatment/,div.dd.r>details.dd__item>div.dd__body>p,"למי זה מתאים: למי שמחפש חוויה של הרפיה עמוקה, עציר",17,300,False,4.5,"rgb(103,72,45)","rgb(255,255,250)",8.238,PASS,"backdrop-only screenshot (text ink hidden via color:transparent), 4x4 grid sample per element, darkest-vs-lightest kept, WCAG relative-luminance ratio against the worse extreme"
https://eyalamit-co-il-2026.s887.upress.link/treatment/,details.dd__item>div.dd__body>p>a.tlink,למידע נוסף על סאונד הילינג בדיג׳רידו,17,300,False,4.5,"rgb(154,79,43)","rgb(255,255,250)",5.936,PASS,"backdrop-only screenshot (text ink hidden via color:transparent), 4x4 grid sample per element, darkest-vs-lightest kept, WCAG relative-luminance ratio against the worse extreme"
https://eyalamit-co-il-2026.s887.upress.link/treatment/,details.dd__item>summary.dd__sum>span.dd__sum-main>span.dd__tag,לימוד נגינה,11.05,300,False,4.5,"rgb(255,255,255)","rgb(120,102,81)",5.5,PASS,"backdrop-only screenshot (text ink hidden via color:transparent), 4x4 grid sample per element, darkest-vs-lightest kept, WCAG relative-luminance ratio against the worse extreme"
https://eyalamit-co-il-2026.s887.upress.link/treatment/,details.dd__item>summary.dd__sum>span.dd__sum-main>span.dd__t,שיעורי נגינה בדיג׳רידו,18.7,600,False,4.5,"rgb(47,32,19)","rgb(255,255,250)",15.661,PASS,"backdrop-only screenshot (text ink hidden via color:transparent), 4x4 grid sample per element, darkest-vs-lightest kept, WCAG relative-luminance ratio against the worse extreme"
https://eyalamit-co-il-2026.s887.upress.link/treatment/,div.dd.r>details.dd__item>div.dd__body>p,לימוד נגינה והתפתחות מוזיקלית. העבודה מתמקדת בשליט,17,300,False,4.5,"rgb(103,72,45)","rgb(255,255,250)",8.238,PASS,"backdrop-only screenshot (text ink hidden via color:transparent), 4x4 grid sample per element, darkest-vs-lightest kept, WCAG relative-luminance ratio against the worse extreme"
https://eyalamit-co-il-2026.s887.upress.link/treatment/,div.dd.r>details.dd__item>div.dd__body>p,"למי זה מתאים: למי שרוצה ללמוד לנגן, להתפתח מוזיקלי",17,300,False,4.5,"rgb(103,72,45)","rgb(255,255,250)",8.238,PASS,"backdrop-only screenshot (text ink hidden via color:transparent), 4x4 grid sample per element, darkest-vs-lightest kept, WCAG relative-luminance ratio against the worse extreme"
https://eyalamit-co-il-2026.s887.upress.link/treatment/,details.dd__item>div.dd__body>p>a.tlink,למידע נוסף על שיעורי נגינה בדיג׳רידו,17,300,False,4.5,"rgb(154,79,43)","rgb(239,234,225)",4.969,PASS,"backdrop-only screenshot (text ink hidden via color:transparent), 4x4 grid sample per element, darkest-vs-lightest kept, WCAG relative-luminance ratio against the worse extreme"
https://eyalamit-co-il-2026.s887.upress.link/treatment/,main.chapters-main>section.sec.sec--alt>div.wrap.center>h2.h2.r,עדויות והמלצות,24.65,400,True,3.0,"rgb(47,32,19)","rgb(239,234,225)",13.11,PASS,"backdrop-only screenshot (text ink hidden via color:transparent), 4x4 grid sample per element, darkest-vs-lightest kept, WCAG relative-luminance ratio against the worse extreme"
https://eyalamit-co-il-2026.s887.upress.link/treatment/,div.wrap>div.testi-mq.r>button.testi-mq__btn.testi-mq__btn--right>span,›,25.6,400,True,3.0,"rgb(181,102,61)","rgb(245,241,233)",3.779,PASS,"backdrop-only screenshot (text ink hidden via color:transparent), 4x4 grid sample per element, darkest-vs-lightest kept, WCAG relative-luminance ratio against the worse extreme"
https://eyalamit-co-il-2026.s887.upress.link/treatment/,div.testi-mq__viewport>div.testi-mq__track>figure.tmq>blockquote.tmq__q,"שימו לב, זה לא פוסט פרגון, זה פוסט המלצה. כמו רבים",17,400,False,4.5,"rgb(47,32,19)","rgb(255,255,255)",15.708,PASS,"backdrop-only screenshot (text ink hidden via color:transparent), 4x4 grid sample per element, darkest-vs-lightest kept, WCAG relative-luminance ratio against the worse extreme"
https://eyalamit-co-il-2026.s887.upress.link/treatment/,div.testi-mq__track>figure.tmq>figcaption.tmq__n>a.tmq__nl,שירי אלקבץ,12.24,500,False,4.5,"rgb(154,79,43)","rgb(255,255,255)",5.954,PASS,"backdrop-only screenshot (text ink hidden via color:transparent), 4x4 grid sample per element, darkest-vs-lightest kept, WCAG relative-luminance ratio against the worse extreme"
https://eyalamit-co-il-2026.s887.upress.link/treatment/,div.testi-mq__viewport>div.testi-mq__track>figure.tmq>blockquote.tmq__q,מליון מילים לא יספיקו לתאר את אייל. מה שאני לומדת ,17,400,False,4.5,"rgb(47,32,19)","rgb(255,255,255)",15.708,PASS,"backdrop-only screenshot (text ink hidden via color:transparent), 4x4 grid sample per element, darkest-vs-lightest kept, WCAG relative-luminance ratio against the worse extreme"
https://eyalamit-co-il-2026.s887.upress.link/treatment/,div.testi-mq__track>figure.tmq>figcaption.tmq__n>a.tmq__nl,נוית צוף שטראוס,12.24,500,False,4.5,"rgb(154,79,43)","rgb(255,255,255)",5.954,PASS,"backdrop-only screenshot (text ink hidden via color:transparent), 4x4 grid sample per element, darkest-vs-lightest kept, WCAG relative-luminance ratio against the worse extreme"
https://eyalamit-co-il-2026.s887.upress.link/treatment/,div.testi-mq__viewport>div.testi-mq__track>figure.tmq>blockquote.tmq__q,זו כנראה המתנה הכי טובה שנתתי לעצמי. הנשימה נפתחת ,17,400,False,4.5,"rgb(47,32,19)","rgb(255,255,255)",15.708,PASS,"backdrop-only screenshot (text ink hidden via color:transparent), 4x4 grid sample per element, darkest-vs-lightest kept, WCAG relative-luminance ratio against the worse extreme"
https://eyalamit-co-il-2026.s887.upress.link/treatment/,div.testi-mq__track>figure.tmq>figcaption.tmq__n>a.tmq__nl,ענת קרמנר ויינשטיין,12.24,500,False,4.5,"rgb(154,79,43)","rgb(255,255,255)",5.954,PASS,"backdrop-only screenshot (text ink hidden via color:transparent), 4x4 grid sample per element, darkest-vs-lightest kept, WCAG relative-luminance ratio against the worse extreme"
https://eyalamit-co-il-2026.s887.upress.link/treatment/,div.testi-mq__viewport>div.testi-mq__track>figure.tmq>blockquote.tmq__q,אייל עמית הציל אותנו ובזכותו חזרנו לנשום. סופר מקצ,17,400,False,4.5,"rgb(47,32,19)","rgb(239,234,225)",13.11,PASS,"backdrop-only screenshot (text ink hidden via color:transparent), 4x4 grid sample per element, darkest-vs-lightest kept, WCAG relative-luminance ratio against the worse extreme"
https://eyalamit-co-il-2026.s887.upress.link/treatment/,div.testi-mq__track>figure.tmq>figcaption.tmq__n>a.tmq__nl,חיה עזריה,12.24,500,False,4.5,"rgb(154,79,43)","rgb(239,234,225)",4.969,PASS,"backdrop-only screenshot (text ink hidden via color:transparent), 4x4 grid sample per element, darkest-vs-lightest kept, WCAG relative-luminance ratio against the worse extreme"
https://eyalamit-co-il-2026.s887.upress.link/treatment/,div.wrap>div.testi-mq.r>button.testi-mq__btn.testi-mq__btn--left>span,‹,25.6,400,True,3.0,"rgb(181,102,61)","rgb(255,255,250)",4.244,PASS,"backdrop-only screenshot (text ink hidden via color:transparent), 4x4 grid sample per element, darkest-vs-lightest kept, WCAG relative-luminance ratio against the worse extreme"
https://eyalamit-co-il-2026.s887.upress.link/treatment/,main.chapters-main>section.ea-faq-list.ea-faq-list--view-only>div.ea-faq-list__inner>h2.h2.r,שאלות נפוצות,24.65,400,True,3.0,"rgb(47,32,19)","rgb(255,255,250)",15.661,PASS,"backdrop-only screenshot (text ink hidden via color:transparent), 4x4 grid sample per element, darkest-vs-lightest kept, WCAG relative-luminance ratio against the worse extreme"
https://eyalamit-co-il-2026.s887.upress.link/treatment/,div.ea-faq-category>details.ea-faq-item.ea-entrance>summary.ea-faq-item__question>h3.ea-faq-item__question-h,אי אפשר פשוט ללמוד לנשום לבד?,17,500,False,4.5,"rgb(47,32,19)","rgb(255,255,250)",15.661,PASS,"backdrop-only screenshot (text ink hidden via color:transparent), 4x4 grid sample per element, darkest-vs-lightest kept, WCAG relative-luminance ratio against the worse extreme"
https://eyalamit-co-il-2026.s887.upress.link/treatment/,div.ea-faq-category>details.ea-faq-item.ea-entrance>div.ea-faq-item__answer>p,השאלה הזו יכולה להתייחס לשני דברים שונים: נשימה יו,17,300,False,4.5,"rgb(138,90,68)","rgb(255,255,250)",5.773,PASS,"backdrop-only screenshot (text ink hidden via color:transparent), 4x4 grid sample per element, darkest-vs-lightest kept, WCAG relative-luminance ratio against the worse extreme"
https://eyalamit-co-il-2026.s887.upress.link/treatment/,div.ea-faq-category>details.ea-faq-item.ea-entrance>div.ea-faq-item__answer>p,"אפשר לשים לב לנשימה, אבל לרוב קשה לראות לבד מה באמ",17,300,False,4.5,"rgb(138,90,68)","rgb(255,255,250)",5.773,PASS,"backdrop-only screenshot (text ink hidden via color:transparent), 4x4 grid sample per element, darkest-vs-lightest kept, WCAG relative-luminance ratio against the worse extreme"
https://eyalamit-co-il-2026.s887.upress.link/treatment/,div.ea-faq-category>details.ea-faq-item.ea-entrance>div.ea-faq-item__answer>p,"הדיג׳רידו והליווי האישי יוצרים מסגרת ברורה, שמאפשר",17,300,False,4.5,"rgb(138,90,68)","rgb(255,255,250)",5.773,PASS,"backdrop-only screenshot (text ink hidden via color:transparent), 4x4 grid sample per element, darkest-vs-lightest kept, WCAG relative-luminance ratio against the worse extreme"
https://eyalamit-co-il-2026.s887.upress.link/treatment/,div.ea-faq-category>details.ea-faq-item.ea-entrance>summary.ea-faq-item__question>h3.ea-faq-item__question-h,איך נראה מפגש טיפולי?,17,500,False,4.5,"rgb(47,32,19)","rgb(255,255,250)",15.661,PASS,"backdrop-only screenshot (text ink hidden via color:transparent), 4x4 grid sample per element, darkest-vs-lightest kept, WCAG relative-luminance ratio against the worse extreme"
https://eyalamit-co-il-2026.s887.upress.link/treatment/,div.ea-faq-category>details.ea-faq-item.ea-entrance>div.ea-faq-item__answer>p,"המפגש הוא אישי, אחד על אחד.",17,300,False,4.5,"rgb(138,90,68)","rgb(255,255,250)",5.773,PASS,"backdrop-only screenshot (text ink hidden via color:transparent), 4x4 grid sample per element, darkest-vs-lightest kept, WCAG relative-luminance ratio against the worse extreme"
https://eyalamit-co-il-2026.s887.upress.link/treatment/,div.ea-faq-category>details.ea-faq-item.ea-entrance>div.ea-faq-item__answer>p,במהלך המפגש לומדים בהדרגה איך לעבוד עם הנשימה דרך ,17,300,False,4.5,"rgb(138,90,68)","rgb(255,255,250)",5.773,PASS,"backdrop-only screenshot (text ink hidden via color:transparent), 4x4 grid sample per element, darkest-vs-lightest kept, WCAG relative-luminance ratio against the worse extreme"
https://eyalamit-co-il-2026.s887.upress.link/treatment/,div.ea-faq-category>details.ea-faq-item.ea-entrance>div.ea-faq-item__answer>p,"זה לא שיעור נגינה רגיל, אלא תהליך שמכוון להשפעה על",17,300,False,4.5,"rgb(138,90,68)","rgb(255,255,250)",5.773,PASS,"backdrop-only screenshot (text ink hidden via color:transparent), 4x4 grid sample per element, darkest-vs-lightest kept, WCAG relative-luminance ratio against the worse extreme"
https://eyalamit-co-il-2026.s887.upress.link/treatment/,details.ea-faq-item.ea-entrance>div.ea-faq-item__answer>p>a,השיטה - cbDIDG,17,300,False,4.5,"rgb(138,90,68)","rgb(255,255,250)",5.773,PASS,"backdrop-only screenshot (text ink hidden via color:transparent), 4x4 grid sample per element, darkest-vs-lightest kept, WCAG relative-luminance ratio against the worse extreme"
https://eyalamit-co-il-2026.s887.upress.link/treatment/,div.ea-faq-category>details.ea-faq-item.ea-entrance>summary.ea-faq-item__question>h3.ea-faq-item__question-h,במה זה שונה מטיפולי נשימה אחרים?,17,500,False,4.5,"rgb(47,32,19)","rgb(255,255,250)",15.661,PASS,"backdrop-only screenshot (text ink hidden via color:transparent), 4x4 grid sample per element, darkest-vs-lightest kept, WCAG relative-luminance ratio against the worse extreme"
https://eyalamit-co-il-2026.s887.upress.link/treatment/,div.ea-faq-category>details.ea-faq-item.ea-entrance>div.ea-faq-item__answer>p,יש הרבה דרכים לעבוד עם נשימה.,17,300,False,4.5,"rgb(138,90,68)","rgb(255,255,250)",5.773,PASS,"backdrop-only screenshot (text ink hidden via color:transparent), 4x4 grid sample per element, darkest-vs-lightest kept, WCAG relative-luminance ratio against the worse extreme"
https://eyalamit-co-il-2026.s887.upress.link/treatment/,div.ea-faq-category>details.ea-faq-item.ea-entrance>div.ea-faq-item__answer>p,"הייחוד כאן הוא בשילוב בין כלי פיזי, צליל ותהליך למ",17,300,False,4.5,"rgb(138,90,68)","rgb(255,255,250)",5.773,PASS,"backdrop-only screenshot (text ink hidden via color:transparent), 4x4 grid sample per element, darkest-vs-lightest kept, WCAG relative-luminance ratio against the worse extreme"
https://eyalamit-co-il-2026.s887.upress.link/treatment/,div.ea-faq-category>details.ea-faq-item.ea-entrance>div.ea-faq-item__answer>p,"טכניקת הנשימה המעגלית בדיג'רידו מחייבת דיוק, תזמון",17,300,False,4.5,"rgb(138,90,68)","rgb(255,255,250)",5.773,PASS,"backdrop-only screenshot (text ink hidden via color:transparent), 4x4 grid sample per element, darkest-vs-lightest kept, WCAG relative-luminance ratio against the worse extreme"
https://eyalamit-co-il-2026.s887.upress.link/treatment/,div.ea-faq-category>details.ea-faq-item.ea-entrance>div.ea-faq-item__answer>p,"בנוסף, העבודה עם הדיג'רידו היא חווייתית ומעניינת, ",17,300,False,4.5,"rgb(138,90,68)","rgb(255,255,250)",5.773,PASS,"backdrop-only screenshot (text ink hidden via color:transparent), 4x4 grid sample per element, darkest-vs-lightest kept, WCAG relative-luminance ratio against the worse extreme"
https://eyalamit-co-il-2026.s887.upress.link/treatment/,div.ea-faq-category>details.ea-faq-item.ea-entrance>summary.ea-faq-item__question>h3.ea-faq-item__question-h,האם דיג'רידו באמת עוזר לנחירות?,17,500,False,4.5,"rgb(47,32,19)","rgb(255,255,250)",15.661,PASS,"backdrop-only screenshot (text ink hidden via color:transparent), 4x4 grid sample per element, darkest-vs-lightest kept, WCAG relative-luminance ratio against the worse extreme"
https://eyalamit-co-il-2026.s887.upress.link/treatment/,div.ea-faq-category>details.ea-faq-item.ea-entrance>div.ea-faq-item__answer>p,"מחקרים, ובהם מחקר מבוקר ב-BMJ (2006), מצביעים על כ",17,300,False,4.5,"rgb(138,90,68)","rgb(255,255,250)",5.773,PASS,"backdrop-only screenshot (text ink hidden via color:transparent), 4x4 grid sample per element, darkest-vs-lightest kept, WCAG relative-luminance ratio against the worse extreme"
https://eyalamit-co-il-2026.s887.upress.link/treatment/,div.ea-faq-category>details.ea-faq-item.ea-entrance>div.ea-faq-item__answer>p,לקריאה נוספת אודות נחירות ודום נשימה בשינה: גישה ט,17,300,False,4.5,"rgb(138,90,68)","rgb(255,255,250)",5.773,PASS,"backdrop-only screenshot (text ink hidden via color:transparent), 4x4 grid sample per element, darkest-vs-lightest kept, WCAG relative-luminance ratio against the worse extreme"
https://eyalamit-co-il-2026.s887.upress.link/treatment/,details.ea-faq-item.ea-entrance>div.ea-faq-item__answer>p>a.tlink,עמוד נחירות ודום נשימה,17,300,False,4.5,"rgb(154,79,43)","rgb(255,255,250)",5.936,PASS,"backdrop-only screenshot (text ink hidden via color:transparent), 4x4 grid sample per element, darkest-vs-lightest kept, WCAG relative-luminance ratio against the worse extreme"
https://eyalamit-co-il-2026.s887.upress.link/treatment/,div.ea-faq-category>details.ea-faq-item.ea-entrance>summary.ea-faq-item__question>h3.ea-faq-item__question-h,האם דיג'רידו מחליף מכשיר CPAP?,17,500,False,4.5,"rgb(47,32,19)","rgb(255,255,250)",15.661,PASS,"backdrop-only screenshot (text ink hidden via color:transparent), 4x4 grid sample per element, darkest-vs-lightest kept, WCAG relative-luminance ratio against the worse extreme"
https://eyalamit-co-il-2026.s887.upress.link/treatment/,div.ea-faq-category>details.ea-faq-item.ea-entrance>div.ea-faq-item__answer>p,"לא. CPAP הוא טיפול רפואי שנקבע ע""י רופא. תרגול בדי",17,300,False,4.5,"rgb(138,90,68)","rgb(255,255,250)",5.773,PASS,"backdrop-only screenshot (text ink hidden via color:transparent), 4x4 grid sample per element, darkest-vs-lightest kept, WCAG relative-luminance ratio against the worse extreme"
https://eyalamit-co-il-2026.s887.upress.link/treatment/,div.ea-faq-category>details.ea-faq-item.ea-entrance>div.ea-faq-item__answer>p,לקריאה נוספת אודות נחירות ודום נשימה בשינה: גישה ט,17,300,False,4.5,"rgb(138,90,68)","rgb(255,255,250)",5.773,PASS,"backdrop-only screenshot (text ink hidden via color:transparent), 4x4 grid sample per element, darkest-vs-lightest kept, WCAG relative-luminance ratio against the worse extreme"
https://eyalamit-co-il-2026.s887.upress.link/treatment/,details.ea-faq-item.ea-entrance>div.ea-faq-item__answer>p>a.tlink,עמוד נחירות ודום נשימה,17,300,False,4.5,"rgb(154,79,43)","rgb(255,255,250)",5.936,PASS,"backdrop-only screenshot (text ink hidden via color:transparent), 4x4 grid sample per element, darkest-vs-lightest kept, WCAG relative-luminance ratio against the worse extreme"
https://eyalamit-co-il-2026.s887.upress.link/treatment/,div.ea-faq-category>details.ea-faq-item.ea-entrance>summary.ea-faq-item__question>h3.ea-faq-item__question-h,האם זה טיפול רפואי?,17,500,False,4.5,"rgb(47,32,19)","rgb(255,255,250)",15.661,PASS,"backdrop-only screenshot (text ink hidden via color:transparent), 4x4 grid sample per element, darkest-vs-lightest kept, WCAG relative-luminance ratio against the worse extreme"
https://eyalamit-co-il-2026.s887.upress.link/treatment/,div.ea-faq-category>details.ea-faq-item.ea-entrance>div.ea-faq-item__answer>p,לא.,17,300,False,4.5,"rgb(138,90,68)","rgb(255,255,250)",5.773,PASS,"backdrop-only screenshot (text ink hidden via color:transparent), 4x4 grid sample per element, darkest-vs-lightest kept, WCAG relative-luminance ratio against the worse extreme"
https://eyalamit-co-il-2026.s887.upress.link/treatment/,div.ea-faq-category>details.ea-faq-item.ea-entrance>div.ea-faq-item__answer>p,"העבודה אינה תחליף לטיפול רפואי, ואינה מוצגת ככזו.",17,300,False,4.5,"rgb(138,90,68)","rgb(255,255,250)",5.773,PASS,"backdrop-only screenshot (text ink hidden via color:transparent), 4x4 grid sample per element, darkest-vs-lightest kept, WCAG relative-luminance ratio against the worse extreme"
https://eyalamit-co-il-2026.s887.upress.link/treatment/,div.ea-faq-category>details.ea-faq-item.ea-entrance>div.ea-faq-item__answer>p,"עם זאת, אנשים רבים מגיעים מתוך מצבים שונים שקשורים",17,300,False,4.5,"rgb(138,90,68)","rgb(255,255,250)",5.773,PASS,"backdrop-only screenshot (text ink hidden via color:transparent), 4x4 grid sample per element, darkest-vs-lightest kept, WCAG relative-luminance ratio against the worse extreme"
https://eyalamit-co-il-2026.s887.upress.link/treatment/,div.ea-faq-category>details.ea-faq-item.ea-entrance>summary.ea-faq-item__question>h3.ea-faq-item__question-h,האם זה מתאים גם למי שכבר מכיר נשימה מעגלית?,17,500,False,4.5,"rgb(47,32,19)","rgb(255,255,250)",15.661,PASS,"backdrop-only screenshot (text ink hidden via color:transparent), 4x4 grid sample per element, darkest-vs-lightest kept, WCAG relative-luminance ratio against the worse extreme"
https://eyalamit-co-il-2026.s887.upress.link/treatment/,div.ea-faq-category>details.ea-faq-item.ea-entrance>div.ea-faq-item__answer>p,יש הבדל בין נשימה מעגלית ריברסינג לבין נשימה מעגלי,17,300,False,4.5,"rgb(138,90,68)","rgb(255,255,250)",5.773,PASS,"backdrop-only screenshot (text ink hidden via color:transparent), 4x4 grid sample per element, darkest-vs-lightest kept, WCAG relative-luminance ratio against the worse extreme"
https://eyalamit-co-il-2026.s887.upress.link/treatment/,details.ea-faq-item.ea-entrance>div.ea-faq-item__answer>p>a,ריברסינג,17,300,False,4.5,"rgb(138,90,68)","rgb(255,255,250)",5.773,PASS,"backdrop-only screenshot (text ink hidden via color:transparent), 4x4 grid sample per element, darkest-vs-lightest kept, WCAG relative-luminance ratio against the worse extreme"
https://eyalamit-co-il-2026.s887.upress.link/treatment/,div.ea-faq-category>details.ea-faq-item.ea-entrance>div.ea-faq-item__answer>p,"בנשימה מעגלית ריברסינג, מדובר בתרגול נשימתי רציף, ",17,300,False,4.5,"rgb(138,90,68)","rgb(255,255,250)",5.773,PASS,"backdrop-only screenshot (text ink hidden via color:transparent), 4x4 grid sample per element, darkest-vs-lightest kept, WCAG relative-luminance ratio against the worse extreme"
https://eyalamit-co-il-2026.s887.upress.link/treatment/,div.ea-faq-category>details.ea-faq-item.ea-entrance>div.ea-faq-item__answer>p,"בנשימה מעגלית בדיג'רידו, מדובר בטכניקה פיזית שונה ",17,300,False,4.5,"rgb(138,90,68)","rgb(255,255,250)",5.773,PASS,"backdrop-only screenshot (text ink hidden via color:transparent), 4x4 grid sample per element, darkest-vs-lightest kept, WCAG relative-luminance ratio against the worse extreme"
https://eyalamit-co-il-2026.s887.upress.link/treatment/,div.ea-faq-category>details.ea-faq-item.ea-entrance>summary.ea-faq-item__question>h3.ea-faq-item__question-h,"האם זה מתאים גם למי שלא ""מחובר לעולם הזה""?",17,500,False,4.5,"rgb(47,32,19)","rgb(255,255,250)",15.661,PASS,"backdrop-only screenshot (text ink hidden via color:transparent), 4x4 grid sample per element, darkest-vs-lightest kept, WCAG relative-luminance ratio against the worse extreme"
https://eyalamit-co-il-2026.s887.upress.link/treatment/,div.ea-faq-category>details.ea-faq-item.ea-entrance>div.ea-faq-item__answer>p,כן.,17,300,False,4.5,"rgb(138,90,68)","rgb(255,255,250)",5.773,PASS,"backdrop-only screenshot (text ink hidden via color:transparent), 4x4 grid sample per element, darkest-vs-lightest kept, WCAG relative-luminance ratio against the worse extreme"
https://eyalamit-co-il-2026.s887.upress.link/treatment/,div.ea-faq-category>details.ea-faq-item.ea-entrance>div.ea-faq-item__answer>p,"אין צורך ברקע, אמונה או גישה מסוימת. העבודה היא פש",17,300,False,4.5,"rgb(138,90,68)","rgb(255,255,250)",5.773,PASS,"backdrop-only screenshot (text ink hidden via color:transparent), 4x4 grid sample per element, darkest-vs-lightest kept, WCAG relative-luminance ratio against the worse extreme"
https://eyalamit-co-il-2026.s887.upress.link/treatment/,div.ea-faq-category>details.ea-faq-item.ea-entrance>div.ea-faq-item__answer>p,אל המרכז לטיפול בדיג'רידו מגיעים אנשים מכל קצוות ה,17,300,False,4.5,"rgb(138,90,68)","rgb(255,255,250)",5.773,PASS,"backdrop-only screenshot (text ink hidden via color:transparent), 4x4 grid sample per element, darkest-vs-lightest kept, WCAG relative-luminance ratio against the worse extreme"
https://eyalamit-co-il-2026.s887.upress.link/treatment/,div.ea-faq-category>details.ea-faq-item.ea-entrance>div.ea-faq-item__answer>p,הנשימה היא לכולם.,17,300,False,4.5,"rgb(138,90,68)","rgb(255,255,250)",5.773,PASS,"backdrop-only screenshot (text ink hidden via color:transparent), 4x4 grid sample per element, darkest-vs-lightest kept, WCAG relative-luminance ratio against the worse extreme"
https://eyalamit-co-il-2026.s887.upress.link/treatment/,div.ea-faq-category>details.ea-faq-item.ea-entrance>summary.ea-faq-item__question>h3.ea-faq-item__question-h,האם זה מתאים לדום נשימה חמור?,17,500,False,4.5,"rgb(47,32,19)","rgb(255,255,250)",15.661,PASS,"backdrop-only screenshot (text ink hidden via color:transparent), 4x4 grid sample per element, darkest-vs-lightest kept, WCAG relative-luminance ratio against the worse extreme"
https://eyalamit-co-il-2026.s887.upress.link/treatment/,div.ea-faq-category>details.ea-faq-item.ea-entrance>div.ea-faq-item__answer>p,דום נשימה חמור מחייב מעקב רפואי וטיפול ייעודי. העב,17,300,False,4.5,"rgb(138,90,68)","rgb(255,255,250)",5.773,PASS,"backdrop-only screenshot (text ink hidden via color:transparent), 4x4 grid sample per element, darkest-vs-lightest kept, WCAG relative-luminance ratio against the worse extreme"
https://eyalamit-co-il-2026.s887.upress.link/treatment/,div.ea-faq-category>details.ea-faq-item.ea-entrance>div.ea-faq-item__answer>p,לקריאה נוספת אודות נחירות ודום נשימה בשינה: גישה ט,17,300,False,4.5,"rgb(138,90,68)","rgb(255,255,250)",5.773,PASS,"backdrop-only screenshot (text ink hidden via color:transparent), 4x4 grid sample per element, darkest-vs-lightest kept, WCAG relative-luminance ratio against the worse extreme"
https://eyalamit-co-il-2026.s887.upress.link/treatment/,details.ea-faq-item.ea-entrance>div.ea-faq-item__answer>p>a.tlink,עמוד נחירות ודום נשימה,17,300,False,4.5,"rgb(154,79,43)","rgb(255,255,250)",5.936,PASS,"backdrop-only screenshot (text ink hidden via color:transparent), 4x4 grid sample per element, darkest-vs-lightest kept, WCAG relative-luminance ratio against the worse extreme"
https://eyalamit-co-il-2026.s887.upress.link/treatment/,div.ea-faq-category>details.ea-faq-item.ea-entrance>summary.ea-faq-item__question>h3.ea-faq-item__question-h,האם זה מתאים למי שמתמודד עם סטרס או עומס?,17,500,False,4.5,"rgb(47,32,19)","rgb(255,255,250)",15.661,PASS,"backdrop-only screenshot (text ink hidden via color:transparent), 4x4 grid sample per element, darkest-vs-lightest kept, WCAG relative-luminance ratio against the worse extreme"
https://eyalamit-co-il-2026.s887.upress.link/treatment/,div.ea-faq-category>details.ea-faq-item.ea-entrance>div.ea-faq-item__answer>p,"כן, במקרים רבים אנשים מגיעים בדיוק מהמקום הזה.",17,300,False,4.5,"rgb(138,90,68)","rgb(255,255,250)",5.773,PASS,"backdrop-only screenshot (text ink hidden via color:transparent), 4x4 grid sample per element, darkest-vs-lightest kept, WCAG relative-luminance ratio against the worse extreme"
https://eyalamit-co-il-2026.s887.upress.link/treatment/,div.ea-faq-category>details.ea-faq-item.ea-entrance>div.ea-faq-item__answer>p,"העבודה עם הנשימה יכולה לעזור לייצב ולהרגיע, אבל הי",17,300,False,4.5,"rgb(138,90,68)","rgb(255,255,250)",5.773,PASS,"backdrop-only screenshot (text ink hidden via color:transparent), 4x4 grid sample per element, darkest-vs-lightest kept, WCAG relative-luminance ratio against the worse extreme"
https://eyalamit-co-il-2026.s887.upress.link/treatment/,div.ea-faq-category>details.ea-faq-item.ea-entrance>summary.ea-faq-item__question>h3.ea-faq-item__question-h,האם צריך לתרגל גם בין המפגשים?,17,500,False,4.5,"rgb(47,32,19)","rgb(255,255,250)",15.661,PASS,"backdrop-only screenshot (text ink hidden via color:transparent), 4x4 grid sample per element, darkest-vs-lightest kept, WCAG relative-luminance ratio against the worse extreme"
https://eyalamit-co-il-2026.s887.upress.link/treatment/,div.ea-faq-category>details.ea-faq-item.ea-entrance>div.ea-faq-item__answer>p,כן.,17,300,False,4.5,"rgb(138,90,68)","rgb(255,255,250)",5.773,PASS,"backdrop-only screenshot (text ink hidden via color:transparent), 4x4 grid sample per element, darkest-vs-lightest kept, WCAG relative-luminance ratio against the worse extreme"
https://eyalamit-co-il-2026.s887.upress.link/treatment/,div.ea-faq-category>details.ea-faq-item.ea-entrance>div.ea-faq-item__answer>p,"התרגול בין המפגשים הוא חלק חשוב מהתהליך, ושם הרבה ",17,300,False,4.5,"rgb(138,90,68)","rgb(255,255,250)",5.773,PASS,"backdrop-only screenshot (text ink hidden via color:transparent), 4x4 grid sample per element, darkest-vs-lightest kept, WCAG relative-luminance ratio against the worse extreme"
https://eyalamit-co-il-2026.s887.upress.link/treatment/,div.ea-faq-category>details.ea-faq-item.ea-entrance>summary.ea-faq-item__question>h3.ea-faq-item__question-h,האם צריך ניסיון קודם בנגינה?,17,500,False,4.5,"rgb(47,32,19)","rgb(255,255,250)",15.661,PASS,"backdrop-only screenshot (text ink hidden via color:transparent), 4x4 grid sample per element, darkest-vs-lightest kept, WCAG relative-luminance ratio against the worse extreme"
https://eyalamit-co-il-2026.s887.upress.link/treatment/,div.ea-faq-category>details.ea-faq-item.ea-entrance>div.ea-faq-item__answer>p,לא.,17,300,False,4.5,"rgb(138,90,68)","rgb(255,255,250)",5.773,PASS,"backdrop-only screenshot (text ink hidden via color:transparent), 4x4 grid sample per element, darkest-vs-lightest kept, WCAG relative-luminance ratio against the worse extreme"
https://eyalamit-co-il-2026.s887.upress.link/treatment/,div.ea-faq-category>details.ea-faq-item.ea-entrance>div.ea-faq-item__answer>p,"העבודה מתחילה מהבסיס, ואין צורך בידע קודם.",17,300,False,4.5,"rgb(138,90,68)","rgb(255,255,250)",5.773,PASS,"backdrop-only screenshot (text ink hidden via color:transparent), 4x4 grid sample per element, darkest-vs-lightest kept, WCAG relative-luminance ratio against the worse extreme"
https://eyalamit-co-il-2026.s887.upress.link/treatment/,div.ea-faq-category>details.ea-faq-item.ea-entrance>div.ea-faq-item__answer>p,לומדים בהדרגה גם את הנגינה וגם את העבודה עם הנשימה,17,300,False,4.5,"rgb(138,90,68)","rgb(255,255,250)",5.773,PASS,"backdrop-only screenshot (text ink hidden via color:transparent), 4x4 grid sample per element, darkest-vs-lightest kept, WCAG relative-luminance ratio against the worse extreme"
https://eyalamit-co-il-2026.s887.upress.link/treatment/,div.ea-faq-category>details.ea-faq-item.ea-entrance>summary.ea-faq-item__question>h3.ea-faq-item__question-h,כמה זמן לוקח לראות שינוי?,17,500,False,4.5,"rgb(47,32,19)","rgb(255,255,250)",15.661,PASS,"backdrop-only screenshot (text ink hidden via color:transparent), 4x4 grid sample per element, darkest-vs-lightest kept, WCAG relative-luminance ratio against the worse extreme"
https://eyalamit-co-il-2026.s887.upress.link/treatment/,div.ea-faq-category>details.ea-faq-item.ea-entrance>div.ea-faq-item__answer>p,זה לא תהליך של מפגש אחד.,17,300,False,4.5,"rgb(138,90,68)","rgb(255,255,250)",5.773,PASS,"backdrop-only screenshot (text ink hidden via color:transparent), 4x4 grid sample per element, darkest-vs-lightest kept, WCAG relative-luminance ratio against the worse extreme"
https://eyalamit-co-il-2026.s887.upress.link/treatment/,div.ea-faq-category>details.ea-faq-item.ea-entrance>div.ea-faq-item__answer>p,"העבודה מבוססת על תרגול והתמדה, וההשפעה נבנית לאורך",17,300,False,4.5,"rgb(138,90,68)","rgb(255,255,250)",5.773,PASS,"backdrop-only screenshot (text ink hidden via color:transparent), 4x4 grid sample per element, darkest-vs-lightest kept, WCAG relative-luminance ratio against the worse extreme"
https://eyalamit-co-il-2026.s887.upress.link/treatment/,div.ea-faq-category>details.ea-faq-item.ea-entrance>div.ea-faq-item__answer>p,"רבים מדווחים על שינוי כבר בשלבים הראשונים, אבל המש",17,300,False,4.5,"rgb(138,90,68)","rgb(255,255,250)",5.773,PASS,"backdrop-only screenshot (text ink hidden via color:transparent), 4x4 grid sample per element, darkest-vs-lightest kept, WCAG relative-luminance ratio against the worse extreme"
https://eyalamit-co-il-2026.s887.upress.link/treatment/,div.ea-faq-category>details.ea-faq-item.ea-entrance>summary.ea-faq-item__question>h3.ea-faq-item__question-h,כמה זמן נמשך התהליך?,17,500,False,4.5,"rgb(47,32,19)","rgb(255,255,250)",15.661,PASS,"backdrop-only screenshot (text ink hidden via color:transparent), 4x4 grid sample per element, darkest-vs-lightest kept, WCAG relative-luminance ratio against the worse extreme"
https://eyalamit-co-il-2026.s887.upress.link/treatment/,div.ea-faq-category>details.ea-faq-item.ea-entrance>div.ea-faq-item__answer>p,אין זמן קבוע.,17,300,False,4.5,"rgb(138,90,68)","rgb(255,255,250)",5.773,PASS,"backdrop-only screenshot (text ink hidden via color:transparent), 4x4 grid sample per element, darkest-vs-lightest kept, WCAG relative-luminance ratio against the worse extreme"
https://eyalamit-co-il-2026.s887.upress.link/treatment/,div.ea-faq-category>details.ea-faq-item.ea-entrance>div.ea-faq-item__answer>p,"זה תהליך אישי, שיכול להימשך תקופה קצרה או ארוכה יו",17,300,False,4.5,"rgb(138,90,68)","rgb(255,255,250)",5.773,PASS,"backdrop-only screenshot (text ink hidden via color:transparent), 4x4 grid sample per element, darkest-vs-lightest kept, WCAG relative-luminance ratio against the worse extreme"
https://eyalamit-co-il-2026.s887.upress.link/treatment/,div.ea-faq-category>details.ea-faq-item.ea-entrance>summary.ea-faq-item__question>h3.ea-faq-item__question-h,למי זה פחות מתאים?,17,500,False,4.5,"rgb(47,32,19)","rgb(255,255,250)",15.661,PASS,"backdrop-only screenshot (text ink hidden via color:transparent), 4x4 grid sample per element, darkest-vs-lightest kept, WCAG relative-luminance ratio against the worse extreme"
https://eyalamit-co-il-2026.s887.upress.link/treatment/,div.ea-faq-category>details.ea-faq-item.ea-entrance>div.ea-faq-item__answer>p,"העבודה מתאימה לרוב האנשים, אך יש מצבים שבהם כדאי ל",17,300,False,4.5,"rgb(138,90,68)","rgb(255,255,250)",5.773,PASS,"backdrop-only screenshot (text ink hidden via color:transparent), 4x4 grid sample per element, darkest-vs-lightest kept, WCAG relative-luminance ratio against the worse extreme"
https://eyalamit-co-il-2026.s887.upress.link/treatment/,div.ea-faq-category>details.ea-faq-item.ea-entrance>div.ea-faq-item__answer>p,לדוגמה:,17,300,False,4.5,"rgb(138,90,68)","rgb(255,255,250)",5.773,PASS,"backdrop-only screenshot (text ink hidden via color:transparent), 4x4 grid sample per element, darkest-vs-lightest kept, WCAG relative-luminance ratio against the worse extreme"
https://eyalamit-co-il-2026.s887.upress.link/treatment/,details.ea-faq-item.ea-entrance>div.ea-faq-item__answer>ul>li,נשים בהריון,17,300,False,4.5,"rgb(103,72,45)","rgb(255,255,250)",8.238,PASS,"backdrop-only screenshot (text ink hidden via color:transparent), 4x4 grid sample per element, darkest-vs-lightest kept, WCAG relative-luminance ratio against the worse extreme"
https://eyalamit-co-il-2026.s887.upress.link/treatment/,details.ea-faq-item.ea-entrance>div.ea-faq-item__answer>ul>li,מצבים נפשיים מורכבים,17,300,False,4.5,"rgb(103,72,45)","rgb(255,255,250)",8.238,PASS,"backdrop-only screenshot (text ink hidden via color:transparent), 4x4 grid sample per element, darkest-vs-lightest kept, WCAG relative-luminance ratio against the worse extreme"
https://eyalamit-co-il-2026.s887.upress.link/treatment/,details.ea-faq-item.ea-entrance>div.ea-faq-item__answer>ul>li,מצבים רפואיים חריגים,17,300,False,4.5,"rgb(103,72,45)","rgb(255,255,250)",8.238,PASS,"backdrop-only screenshot (text ink hidden via color:transparent), 4x4 grid sample per element, darkest-vs-lightest kept, WCAG relative-luminance ratio against the worse extreme"
https://eyalamit-co-il-2026.s887.upress.link/treatment/,div.ea-faq-category>details.ea-faq-item.ea-entrance>div.ea-faq-item__answer>p,"בנוסף, העבודה מתאימה בדרך כלל מגיל 17 ומעלה.",17,300,False,4.5,"rgb(138,90,68)","rgb(255,255,250)",5.773,PASS,"backdrop-only screenshot (text ink hidden via color:transparent), 4x4 grid sample per element, darkest-vs-lightest kept, WCAG relative-luminance ratio against the worse extreme"
https://eyalamit-co-il-2026.s887.upress.link/treatment/,div.ea-faq-category>details.ea-faq-item.ea-entrance>summary.ea-faq-item__question>h3.ea-faq-item__question-h,למי טיפול בדיג'רידו יכול להתאים?,17,500,False,4.5,"rgb(47,32,19)","rgb(255,255,250)",15.661,PASS,"backdrop-only screenshot (text ink hidden via color:transparent), 4x4 grid sample per element, darkest-vs-lightest kept, WCAG relative-luminance ratio against the worse extreme"
https://eyalamit-co-il-2026.s887.upress.link/treatment/,div.ea-faq-category>details.ea-faq-item.ea-entrance>div.ea-faq-item__answer>p,"אנשים מגיעים ממגוון סיבות, למשל:",17,300,False,4.5,"rgb(138,90,68)","rgb(255,255,250)",5.773,PASS,"backdrop-only screenshot (text ink hidden via color:transparent), 4x4 grid sample per element, darkest-vs-lightest kept, WCAG relative-luminance ratio against the worse extreme"
https://eyalamit-co-il-2026.s887.upress.link/treatment/,details.ea-faq-item.ea-entrance>div.ea-faq-item__answer>ul>li,תחושה של עומס או סטרס מתמשך,17,300,False,4.5,"rgb(103,72,45)","rgb(255,255,250)",8.238,PASS,"backdrop-only screenshot (text ink hidden via color:transparent), 4x4 grid sample per element, darkest-vs-lightest kept, WCAG relative-luminance ratio against the worse extreme"
https://eyalamit-co-il-2026.s887.upress.link/treatment/,details.ea-faq-item.ea-entrance>div.ea-faq-item__answer>ul>li,קושי בנשימה או הרגלי נשימה לא מודעים,17,300,False,4.5,"rgb(103,72,45)","rgb(255,255,250)",8.238,PASS,"backdrop-only screenshot (text ink hidden via color:transparent), 4x4 grid sample per element, darkest-vs-lightest kept, WCAG relative-luminance ratio against the worse extreme"
https://eyalamit-co-il-2026.s887.upress.link/treatment/,details.ea-faq-item.ea-entrance>div.ea-faq-item__answer>ul>li,נחירות או הפרעות שינה,17,300,False,4.5,"rgb(103,72,45)","rgb(255,255,250)",8.238,PASS,"backdrop-only screenshot (text ink hidden via color:transparent), 4x4 grid sample per element, darkest-vs-lightest kept, WCAG relative-luminance ratio against the worse extreme"
https://eyalamit-co-il-2026.s887.upress.link/treatment/,details.ea-faq-item.ea-entrance>div.ea-faq-item__answer>ul>li,רצון לשפר את הקשר לגוף ולנשימה,17,300,False,4.5,"rgb(103,72,45)","rgb(255,255,250)",8.238,PASS,"backdrop-only screenshot (text ink hidden via color:transparent), 4x4 grid sample per element, darkest-vs-lightest kept, WCAG relative-luminance ratio against the worse extreme"
https://eyalamit-co-il-2026.s887.upress.link/treatment/,div.ea-faq-category>details.ea-faq-item.ea-entrance>div.ea-faq-item__answer>p,אבל לא חייבת להיות בעיה מוגדרת - יש גם מי שמגיעים ,17,300,False,4.5,"rgb(138,90,68)","rgb(255,255,250)",5.773,PASS,"backdrop-only screenshot (text ink hidden via color:transparent), 4x4 grid sample per element, darkest-vs-lightest kept, WCAG relative-luminance ratio against the worse extreme"
https://eyalamit-co-il-2026.s887.upress.link/treatment/,div.ea-faq-category>details.ea-faq-item.ea-entrance>summary.ea-faq-item__question>h3.ea-faq-item__question-h,מה ההבדל בין טיפול בדיג'רידו לסאונד הילינג?,17,500,False,4.5,"rgb(47,32,19)","rgb(255,255,250)",15.661,PASS,"backdrop-only screenshot (text ink hidden via color:transparent), 4x4 grid sample per element, darkest-vs-lightest kept, WCAG relative-luminance ratio against the worse extreme"
https://eyalamit-co-il-2026.s887.upress.link/treatment/,div.ea-faq-category>details.ea-faq-item.ea-entrance>div.ea-faq-item__answer>p,בסאונד הילינג האדם מקשיב לצליל בצורה פאסיבית. הצלי,17,300,False,4.5,"rgb(138,90,68)","rgb(255,255,250)",5.773,PASS,"backdrop-only screenshot (text ink hidden via color:transparent), 4x4 grid sample per element, darkest-vs-lightest kept, WCAG relative-luminance ratio against the worse extreme"
https://eyalamit-co-il-2026.s887.upress.link/treatment/,div.ea-faq-category>details.ea-faq-item.ea-entrance>div.ea-faq-item__answer>p,בטיפול בדיג'רידו העבודה היא אקטיבית. האדם עצמו לומ,17,300,False,4.5,"rgb(138,90,68)","rgb(255,255,250)",5.773,PASS,"backdrop-only screenshot (text ink hidden via color:transparent), 4x4 grid sample per element, darkest-vs-lightest kept, WCAG relative-luminance ratio against the worse extreme"
https://eyalamit-co-il-2026.s887.upress.link/treatment/,div.ea-faq-category>details.ea-faq-item.ea-entrance>div.ea-faq-item__answer>p,"אפשר לומר בפשטות: בסאונד הילינג מקבלים חוויה, ובטי",17,300,False,4.5,"rgb(138,90,68)","rgb(255,255,250)",5.773,PASS,"backdrop-only screenshot (text ink hidden via color:transparent), 4x4 grid sample per element, darkest-vs-lightest kept, WCAG relative-luminance ratio against the worse extreme"
https://eyalamit-co-il-2026.s887.upress.link/treatment/,div.ea-faq-category>details.ea-faq-item.ea-entrance>summary.ea-faq-item__question>h3.ea-faq-item__question-h,מה הקשר בין הנגינה לנשימה היומיומית?,17,500,False,4.5,"rgb(47,32,19)","rgb(255,255,250)",15.661,PASS,"backdrop-only screenshot (text ink hidden via color:transparent), 4x4 grid sample per element, darkest-vs-lightest kept, WCAG relative-luminance ratio against the worse extreme"
https://eyalamit-co-il-2026.s887.upress.link/treatment/,div.ea-faq-category>details.ea-faq-item.ea-entrance>div.ea-faq-item__answer>p,כדי לנגן בדיג'רידו משתמשים בטכניקת נשימה מעגלית בד,17,300,False,4.5,"rgb(138,90,68)","rgb(255,255,250)",5.773,PASS,"backdrop-only screenshot (text ink hidden via color:transparent), 4x4 grid sample per element, darkest-vs-lightest kept, WCAG relative-luminance ratio against the worse extreme"
https://eyalamit-co-il-2026.s887.upress.link/treatment/,div.ea-faq-category>details.ea-faq-item.ea-entrance>div.ea-faq-item__answer>p,"התרגול הזה משפיע בהדרגה על הנשימה היומיומית, ומשנה",17,300,False,4.5,"rgb(138,90,68)","rgb(255,255,250)",5.773,PASS,"backdrop-only screenshot (text ink hidden via color:transparent), 4x4 grid sample per element, darkest-vs-lightest kept, WCAG relative-luminance ratio against the worse extreme"
https://eyalamit-co-il-2026.s887.upress.link/treatment/,div.ea-faq-category>details.ea-faq-item.ea-entrance>summary.ea-faq-item__question>h3.ea-faq-item__question-h,"מה הקשר בין נשימה יומיומית, נחירות ושינה?",17,500,False,4.5,"rgb(47,32,19)","rgb(255,255,250)",15.661,PASS,"backdrop-only screenshot (text ink hidden via color:transparent), 4x4 grid sample per element, darkest-vs-lightest kept, WCAG relative-luminance ratio against the worse extreme"
https://eyalamit-co-il-2026.s887.upress.link/treatment/,div.ea-faq-category>details.ea-faq-item.ea-entrance>div.ea-faq-item__answer>p,דפוסי נשימה לא-יעילים ביום נוטים להימשך גם בשינה. ,17,300,False,4.5,"rgb(138,90,68)","rgb(255,255,250)",5.773,PASS,"backdrop-only screenshot (text ink hidden via color:transparent), 4x4 grid sample per element, darkest-vs-lightest kept, WCAG relative-luminance ratio against the worse extreme"
https://eyalamit-co-il-2026.s887.upress.link/treatment/,div.ea-faq-category>details.ea-faq-item.ea-entrance>div.ea-faq-item__answer>p,לקריאה נוספת אודות נחירות ודום נשימה בשינה: גישה ט,17,300,False,4.5,"rgb(138,90,68)","rgb(255,255,250)",5.773,PASS,"backdrop-only screenshot (text ink hidden via color:transparent), 4x4 grid sample per element, darkest-vs-lightest kept, WCAG relative-luminance ratio against the worse extreme"
https://eyalamit-co-il-2026.s887.upress.link/treatment/,details.ea-faq-item.ea-entrance>div.ea-faq-item__answer>p>a.tlink,עמוד נחירות ודום נשימה,17,300,False,4.5,"rgb(154,79,43)","rgb(255,255,250)",5.936,PASS,"backdrop-only screenshot (text ink hidden via color:transparent), 4x4 grid sample per element, darkest-vs-lightest kept, WCAG relative-luminance ratio against the worse extreme"
https://eyalamit-co-il-2026.s887.upress.link/treatment/,div.ea-faq-category>details.ea-faq-item.ea-entrance>summary.ea-faq-item__question>h3.ea-faq-item__question-h,מה זה בעצם טיפול בדיג'רידו?,17,500,False,4.5,"rgb(47,32,19)","rgb(255,255,250)",15.661,PASS,"backdrop-only screenshot (text ink hidden via color:transparent), 4x4 grid sample per element, darkest-vs-lightest kept, WCAG relative-luminance ratio against the worse extreme"
https://eyalamit-co-il-2026.s887.upress.link/treatment/,div.ea-faq-category>details.ea-faq-item.ea-entrance>div.ea-faq-item__answer>p,טיפול בדיג'רידו הוא תהליך שבו עובדים באופן אקטיבי ,17,300,False,4.5,"rgb(138,90,68)","rgb(255,255,250)",5.773,PASS,"backdrop-only screenshot (text ink hidden via color:transparent), 4x4 grid sample per element, darkest-vs-lightest kept, WCAG relative-luminance ratio against the worse extreme"
https://eyalamit-co-il-2026.s887.upress.link/treatment/,div.ea-faq-category>details.ea-faq-item.ea-entrance>div.ea-faq-item__answer>p,"הדיג'רידו משמש ככלי עבודה שמאפשר לדייק, לחזק ולווס",17,300,False,4.5,"rgb(138,90,68)","rgb(255,255,250)",5.773,PASS,"backdrop-only screenshot (text ink hidden via color:transparent), 4x4 grid sample per element, darkest-vs-lightest kept, WCAG relative-luminance ratio against the worse extreme"
https://eyalamit-co-il-2026.s887.upress.link/treatment/,div.ea-faq-category>details.ea-faq-item.ea-entrance>div.ea-faq-item__answer>p,המטרה היא להטיב ולהשפיע על האופן שבו נושמים ביומיו,17,300,False,4.5,"rgb(138,90,68)","rgb(255,255,250)",5.773,PASS,"backdrop-only screenshot (text ink hidden via color:transparent), 4x4 grid sample per element, darkest-vs-lightest kept, WCAG relative-luminance ratio against the worse extreme"
https://eyalamit-co-il-2026.s887.upress.link/treatment/,div.ea-faq-category>details.ea-faq-item.ea-entrance>summary.ea-faq-item__question>h3.ea-faq-item__question-h,מה קורה במפגש הראשון?,17,500,False,4.5,"rgb(47,32,19)","rgb(255,255,250)",15.661,PASS,"backdrop-only screenshot (text ink hidden via color:transparent), 4x4 grid sample per element, darkest-vs-lightest kept, WCAG relative-luminance ratio against the worse extreme"
https://eyalamit-co-il-2026.s887.upress.link/treatment/,div.ea-faq-category>details.ea-faq-item.ea-entrance>div.ea-faq-item__answer>p,"המפגש הראשון כולל היכרות ואבחון, וניתן להתחיל ב־שי",17,300,False,4.5,"rgb(138,90,68)","rgb(255,255,250)",5.773,PASS,"backdrop-only screenshot (text ink hidden via color:transparent), 4x4 grid sample per element, darkest-vs-lightest kept, WCAG relative-luminance ratio against the worse extreme"
https://eyalamit-co-il-2026.s887.upress.link/treatment/,details.ea-faq-item.ea-entrance>div.ea-faq-item__answer>p>a,שיחת היכרות,17,300,False,4.5,"rgb(138,90,68)","rgb(255,255,250)",5.773,PASS,"backdrop-only screenshot (text ink hidden via color:transparent), 4x4 grid sample per element, darkest-vs-lightest kept, WCAG relative-luminance ratio against the worse extreme"
https://eyalamit-co-il-2026.s887.upress.link/treatment/,div.ea-faq-category>details.ea-faq-item.ea-entrance>summary.ea-faq-item__question>h3.ea-faq-item__question-h,תוך כמה זמן רואים שיפור בנחירות?,17,500,False,4.5,"rgb(47,32,19)","rgb(255,255,250)",15.661,PASS,"backdrop-only screenshot (text ink hidden via color:transparent), 4x4 grid sample per element, darkest-vs-lightest kept, WCAG relative-luminance ratio against the worse extreme"
https://eyalamit-co-il-2026.s887.upress.link/treatment/,div.ea-faq-category>details.ea-faq-item.ea-entrance>div.ea-faq-item__answer>p,משתנה מאדם לאדם. במחקר ה-BMJ נמדד שיפור לאחר כ-4 ח,17,300,False,4.5,"rgb(138,90,68)","rgb(255,255,250)",5.773,PASS,"backdrop-only screenshot (text ink hidden via color:transparent), 4x4 grid sample per element, darkest-vs-lightest kept, WCAG relative-luminance ratio against the worse extreme"
https://eyalamit-co-il-2026.s887.upress.link/treatment/,div.ea-faq-category>details.ea-faq-item.ea-entrance>div.ea-faq-item__answer>p,לקריאה נוספת אודות נחירות ודום נשימה בשינה: גישה ט,17,300,False,4.5,"rgb(138,90,68)","rgb(255,255,250)",5.773,PASS,"backdrop-only screenshot (text ink hidden via color:transparent), 4x4 grid sample per element, darkest-vs-lightest kept, WCAG relative-luminance ratio against the worse extreme"
https://eyalamit-co-il-2026.s887.upress.link/treatment/,details.ea-faq-item.ea-entrance>div.ea-faq-item__answer>p>a.tlink,עמוד נחירות ודום נשימה,17,300,False,4.5,"rgb(154,79,43)","rgb(255,255,250)",5.936,PASS,"backdrop-only screenshot (text ink hidden via color:transparent), 4x4 grid sample per element, darkest-vs-lightest kept, WCAG relative-luminance ratio against the worse extreme"
https://eyalamit-co-il-2026.s887.upress.link/treatment/,main.chapters-main>section.sec>div.wrap>h2.h2.r,מי זה אייל עמית,24.65,400,True,3.0,"rgb(47,32,19)","rgb(255,255,250)",15.661,PASS,"backdrop-only screenshot (text ink hidden via color:transparent), 4x4 grid sample per element, darkest-vs-lightest kept, WCAG relative-luminance ratio against the worse extreme"
https://eyalamit-co-il-2026.s887.upress.link/treatment/,section.sec>div.wrap>div.intro-body.r>p,"אייל עמית עוסק בעבודה עם נשימה ודיג׳רידו מאז 1999,",17,300,False,4.5,"rgb(103,72,45)","rgb(255,255,250)",8.238,PASS,"backdrop-only screenshot (text ink hidden via color:transparent), 4x4 grid sample per element, darkest-vs-lightest kept, WCAG relative-luminance ratio against the worse extreme"
https://eyalamit-co-il-2026.s887.upress.link/treatment/,section.sec>div.wrap>div.intro-body.r>p,"את המרכז לטיפול בנשימה באמצעות דיג׳רידו בפרדס חנה,",17,300,False,4.5,"rgb(103,72,45)","rgb(255,255,250)",8.238,PASS,"backdrop-only screenshot (text ink hidden via color:transparent), 4x4 grid sample per element, darkest-vs-lightest kept, WCAG relative-luminance ratio against the worse extreme"
https://eyalamit-co-il-2026.s887.upress.link/treatment/,section.sec>div.wrap>div.intro-body.r>p,"הוא מטפל ומלמד בשיטה סדורה, שנבנתה לאורך שנים של נ",17,300,False,4.5,"rgb(103,72,45)","rgb(255,255,250)",8.238,PASS,"backdrop-only screenshot (text ink hidden via color:transparent), 4x4 grid sample per element, darkest-vs-lightest kept, WCAG relative-luminance ratio against the worse extreme"
https://eyalamit-co-il-2026.s887.upress.link/treatment/,section.sec>div.wrap>div.intro-body.r>p,"העבודה שלו מבוססת על שיטת cbDIDG, ובהשראת חניכה אי",17,300,False,4.5,"rgb(103,72,45)","rgb(255,255,250)",8.238,PASS,"backdrop-only screenshot (text ink hidden via color:transparent), 4x4 grid sample per element, darkest-vs-lightest kept, WCAG relative-luminance ratio against the worse extreme"
https://eyalamit-co-il-2026.s887.upress.link/treatment/,div.wrap>div.intro-body.r>p>a.tlink,cbDIDG,17,300,False,4.5,"rgb(154,79,43)","rgb(255,255,250)",5.936,PASS,"backdrop-only screenshot (text ink hidden via color:transparent), 4x4 grid sample per element, darkest-vs-lightest kept, WCAG relative-luminance ratio against the worse extreme"
https://eyalamit-co-il-2026.s887.upress.link/treatment/,div.wrap>div.intro-body.r>p>a.tlink,מוקש דהימן,17,300,False,4.5,"rgb(154,79,43)","rgb(255,255,250)",5.936,PASS,"backdrop-only screenshot (text ink hidden via color:transparent), 4x4 grid sample per element, darkest-vs-lightest kept, WCAG relative-luminance ratio against the worse extreme"
https://eyalamit-co-il-2026.s887.upress.link/treatment/,section.sec>div.wrap>div.intro-body.r>p,"לאורך השנים ליווה מאות אנשים בתהליכים אישיים, ובנה",17,300,False,4.5,"rgb(103,72,45)","rgb(255,255,250)",8.238,PASS,"backdrop-only screenshot (text ink hidden via color:transparent), 4x4 grid sample per element, darkest-vs-lightest kept, WCAG relative-luminance ratio against the worse extreme"
https://eyalamit-co-il-2026.s887.upress.link/treatment/,main.chapters-main>section.sec>div.wrap>h2.h2.r,דיסקליימר,24.65,400,True,3.0,"rgb(47,32,19)","rgb(255,255,250)",15.661,PASS,"backdrop-only screenshot (text ink hidden via color:transparent), 4x4 grid sample per element, darkest-vs-lightest kept, WCAG relative-luminance ratio against the worse extreme"
https://eyalamit-co-il-2026.s887.upress.link/treatment/,section.sec>div.wrap>div.intro-body.r>p,"המידע באתר זה אינו מהווה ייעוץ רפואי, אבחון או טיפ",17,300,False,4.5,"rgb(103,72,45)","rgb(255,255,250)",8.238,PASS,"backdrop-only screenshot (text ink hidden via color:transparent), 4x4 grid sample per element, darkest-vs-lightest kept, WCAG relative-luminance ratio against the worse extreme"
https://eyalamit-co-il-2026.s887.upress.link/treatment/,section.sec>div.wrap>div.intro-body.r>p,"במקרים של מצב רפואי או נפשי, יש להתייעץ עם גורם רפ",17,300,False,4.5,"rgb(103,72,45)","rgb(255,255,250)",8.238,PASS,"backdrop-only screenshot (text ink hidden via color:transparent), 4x4 grid sample per element, darkest-vs-lightest kept, WCAG relative-luminance ratio against the worse extreme"
https://eyalamit-co-il-2026.s887.upress.link/treatment/,main.chapters-main>section.sec>div.wrap>h2.h2.r,סיום והזמנה לתהליך,24.65,400,True,3.0,"rgb(47,32,19)","rgb(255,255,250)",15.661,PASS,"backdrop-only screenshot (text ink hidden via color:transparent), 4x4 grid sample per element, darkest-vs-lightest kept, WCAG relative-luminance ratio against the worse extreme"
https://eyalamit-co-il-2026.s887.upress.link/treatment/,section.sec>div.wrap>div.intro-body.r>p,לא כל אחד מגיע לכאן מאותה סיבה.,17,300,False,4.5,"rgb(103,72,45)","rgb(255,255,250)",8.238,PASS,"backdrop-only screenshot (text ink hidden via color:transparent), 4x4 grid sample per element, darkest-vs-lightest kept, WCAG relative-luminance ratio against the worse extreme"
https://eyalamit-co-il-2026.s887.upress.link/treatment/,section.sec>div.wrap>div.intro-body.r>p,"יש מי שמרגיש עומס, יש מי שמחפש שקט, ויש מי שפשוט ר",17,300,False,4.5,"rgb(103,72,45)","rgb(255,255,250)",8.238,PASS,"backdrop-only screenshot (text ink hidden via color:transparent), 4x4 grid sample per element, darkest-vs-lightest kept, WCAG relative-luminance ratio against the worse extreme"
https://eyalamit-co-il-2026.s887.upress.link/treatment/,section.sec>div.wrap>div.intro-body.r>p,"אבל אצל כולם, בשלב מסוים, עולה אותה תחושה, שמשהו ב",17,300,False,4.5,"rgb(103,72,45)","rgb(255,255,250)",8.238,PASS,"backdrop-only screenshot (text ink hidden via color:transparent), 4x4 grid sample per element, darkest-vs-lightest kept, WCAG relative-luminance ratio against the worse extreme"
https://eyalamit-co-il-2026.s887.upress.link/treatment/,section.sec>div.wrap>div.intro-body.r>p,"אם זה מדבר אליך, אפשר להתחיל.",17,300,False,4.5,"rgb(103,72,45)","rgb(255,255,250)",8.238,PASS,"backdrop-only screenshot (text ink hidden via color:transparent), 4x4 grid sample per element, darkest-vs-lightest kept, WCAG relative-luminance ratio against the worse extreme"
https://eyalamit-co-il-2026.s887.upress.link/treatment/,section.sec>div.wrap>div.intro-body.r>p,"לא צריך ניסיון קודם, ולא צריך לדעת לאן זה יוביל.",17,300,False,4.5,"rgb(103,72,45)","rgb(255,255,250)",8.238,PASS,"backdrop-only screenshot (text ink hidden via color:transparent), 4x4 grid sample per element, darkest-vs-lightest kept, WCAG relative-luminance ratio against the worse extreme"
https://eyalamit-co-il-2026.s887.upress.link/treatment/,section.sec>div.wrap>div.intro-body.r>p,"רק להגיע, ולהתחיל להקשיב.",17,300,False,4.5,"rgb(103,72,45)","rgb(255,255,250)",8.238,PASS,"backdrop-only screenshot (text ink hidden via color:transparent), 4x4 grid sample per element, darkest-vs-lightest kept, WCAG relative-luminance ratio against the worse extreme"
https://eyalamit-co-il-2026.s887.upress.link/treatment/,section.sec>div.wrap>div.intro-body.r>p,"המפגשים מתקיימים בפרדס חנה, בתיאום מראש.",17,300,False,4.5,"rgb(103,72,45)","rgb(255,255,250)",8.238,PASS,"backdrop-only screenshot (text ink hidden via color:transparent), 4x4 grid sample per element, darkest-vs-lightest kept, WCAG relative-luminance ratio against the worse extreme"
https://eyalamit-co-il-2026.s887.upress.link/treatment/,div.wrap>div.intro-body.r>p>a.btn.btn--terra,לתיאום שיחת היכרות,15.3,500,False,4.5,"rgb(255,255,255)","rgb(176,95,56)",4.626,PASS,"backdrop-only screenshot (text ink hidden via color:transparent), 4x4 grid sample per element, darkest-vs-lightest kept, WCAG relative-luminance ratio against the worse extreme"
https://eyalamit-co-il-2026.s887.upress.link/treatment/,footer.foot>div.foot__in>div>p.foot__col-title,מה מציעים,11.05,500,False,4.5,"rgb(208,138,94)","rgb(14,9,5)",7.056,PASS,"backdrop-only screenshot (text ink hidden via color:transparent), 4x4 grid sample per element, darkest-vs-lightest kept, WCAG relative-luminance ratio against the worse extreme"
https://eyalamit-co-il-2026.s887.upress.link/treatment/,footer.foot>div.foot__in>div>a,טיפול בדיג׳רידו,13.6,300,False,4.5,"rgb(255,255,255) a=0.60","rgb(14,9,5)",7.298,PASS,"backdrop-only screenshot (text ink hidden via color:transparent), 4x4 grid sample per element, darkest-vs-lightest kept, WCAG relative-luminance ratio against the worse extreme"
https://eyalamit-co-il-2026.s887.upress.link/treatment/,footer.foot>div.foot__in>div>a,שיעורי דיג׳רידו,13.6,300,False,4.5,"rgb(255,255,255) a=0.60","rgb(14,9,5)",7.298,PASS,"backdrop-only screenshot (text ink hidden via color:transparent), 4x4 grid sample per element, darkest-vs-lightest kept, WCAG relative-luminance ratio against the worse extreme"
https://eyalamit-co-il-2026.s887.upress.link/treatment/,footer.foot>div.foot__in>div>a,סאונד הילינג,13.6,300,False,4.5,"rgb(255,255,255) a=0.60","rgb(14,9,5)",7.298,PASS,"backdrop-only screenshot (text ink hidden via color:transparent), 4x4 grid sample per element, darkest-vs-lightest kept, WCAG relative-luminance ratio against the worse extreme"
https://eyalamit-co-il-2026.s887.upress.link/treatment/,footer.foot>div.foot__in>div>a,השיטה cbDIDG,13.6,300,False,4.5,"rgb(255,255,255) a=0.60","rgb(14,9,5)",7.298,PASS,"backdrop-only screenshot (text ink hidden via color:transparent), 4x4 grid sample per element, darkest-vs-lightest kept, WCAG relative-luminance ratio against the worse extreme"
https://eyalamit-co-il-2026.s887.upress.link/treatment/,footer.foot>div.foot__in>div>p.foot__col-title,עוד,11.05,500,False,4.5,"rgb(208,138,94)","rgb(14,9,5)",7.056,PASS,"backdrop-only screenshot (text ink hidden via color:transparent), 4x4 grid sample per element, darkest-vs-lightest kept, WCAG relative-luminance ratio against the worse extreme"
https://eyalamit-co-il-2026.s887.upress.link/treatment/,footer.foot>div.foot__in>div>a,בלוג,13.6,300,False,4.5,"rgb(255,255,255) a=0.60","rgb(14,9,5)",7.298,PASS,"backdrop-only screenshot (text ink hidden via color:transparent), 4x4 grid sample per element, darkest-vs-lightest kept, WCAG relative-luminance ratio against the worse extreme"
https://eyalamit-co-il-2026.s887.upress.link/treatment/,footer.foot>div.foot__in>div>a,ספרים · מוזה,13.6,300,False,4.5,"rgb(255,255,255) a=0.60","rgb(14,9,5)",7.298,PASS,"backdrop-only screenshot (text ink hidden via color:transparent), 4x4 grid sample per element, darkest-vs-lightest kept, WCAG relative-luminance ratio against the worse extreme"
https://eyalamit-co-il-2026.s887.upress.link/treatment/,footer.foot>div.foot__in>div>a,אודות אייל,13.6,300,False,4.5,"rgb(255,255,255) a=0.60","rgb(14,9,5)",7.298,PASS,"backdrop-only screenshot (text ink hidden via color:transparent), 4x4 grid sample per element, darkest-vs-lightest kept, WCAG relative-luminance ratio against the worse extreme"
https://eyalamit-co-il-2026.s887.upress.link/treatment/,footer.foot>div.foot__in>div>a,צור קשר,13.6,300,False,4.5,"rgb(255,255,255) a=0.60","rgb(14,9,5)",7.298,PASS,"backdrop-only screenshot (text ink hidden via color:transparent), 4x4 grid sample per element, darkest-vs-lightest kept, WCAG relative-luminance ratio against the worse extreme"
https://eyalamit-co-il-2026.s887.upress.link/treatment/,footer.foot>div.foot__in>div.foot__brand>b,המרכז לטיפול בנשימה באמצעות דיג׳רידו,21.25,700,True,3.0,"rgb(255,255,255)","rgb(39,34,31)",15.732,PASS,"backdrop-only screenshot (text ink hidden via color:transparent), 4x4 grid sample per element, darkest-vs-lightest kept, WCAG relative-luminance ratio against the worse extreme"
https://eyalamit-co-il-2026.s887.upress.link/treatment/,footer.foot>div.foot__in>div.foot__brand>p,"פרדס חנה, ישראל. שיטת cbDIDG, מאז 1999.",13.6,300,False,4.5,"rgb(255,255,255) a=0.45","rgb(14,9,5)",4.496,FAIL,"backdrop-only screenshot (text ink hidden via color:transparent), 4x4 grid sample per element, darkest-vs-lightest kept, WCAG relative-luminance ratio against the worse extreme"
https://eyalamit-co-il-2026.s887.upress.link/treatment/,footer.foot>div.foot__in>div.foot__brand>p.foot__nap,"רח' עמל 8 ב', פרדס חנה-כרכור",13.6,300,False,4.5,"rgb(255,255,255) a=0.45","rgb(14,9,5)",4.496,FAIL,"backdrop-only screenshot (text ink hidden via color:transparent), 4x4 grid sample per element, darkest-vs-lightest kept, WCAG relative-luminance ratio against the worse extreme"
https://eyalamit-co-il-2026.s887.upress.link/treatment/,div.foot__in>div.foot__brand>p.foot__tel>a,052-4822842,13.6,300,False,4.5,"rgb(255,255,255) a=0.60","rgb(14,9,5)",7.298,PASS,"backdrop-only screenshot (text ink hidden via color:transparent), 4x4 grid sample per element, darkest-vs-lightest kept, WCAG relative-luminance ratio against the worse extreme"
https://eyalamit-co-il-2026.s887.upress.link/treatment/,body.rtl.wp-singular>footer.foot>div.foot__legal>p.foot__disc,"המידע באתר זה אינו מהווה ייעוץ רפואי, אבחון או טיפ",12.24,300,False,4.5,"rgb(255,255,255) a=0.62","rgb(14,9,5)",7.744,PASS,"backdrop-only screenshot (text ink hidden via color:transparent), 4x4 grid sample per element, darkest-vs-lightest kept, WCAG relative-luminance ratio against the worse extreme"
https://eyalamit-co-il-2026.s887.upress.link/treatment/,body.rtl.wp-singular>footer.foot>div.foot__legal>p.foot__base,© 2026 אייל עמית · כל הזכויות שמורות · הצהרת נגישו,12.24,300,False,4.5,"rgb(255,255,255) a=0.62","rgb(14,9,5)",7.744,PASS,"backdrop-only screenshot (text ink hidden via color:transparent), 4x4 grid sample per element, darkest-vs-lightest kept, WCAG relative-luminance ratio against the worse extreme"
https://eyalamit-co-il-2026.s887.upress.link/treatment/,footer.foot>div.foot__legal>p.foot__base>a,הצהרת נגישות,13.6,300,False,4.5,"rgb(255,255,255) a=0.55","rgb(14,9,5)",6.258,PASS,"backdrop-only screenshot (text ink hidden via color:transparent), 4x4 grid sample per element, darkest-vs-lightest kept, WCAG relative-luminance ratio against the worse extreme"
https://eyalamit-co-il-2026.s887.upress.link/treatment/,footer.foot>div.foot__legal>p.foot__base>a,מדיניות פרטיות,13.6,300,False,4.5,"rgb(255,255,255) a=0.55","rgb(14,9,5)",6.258,PASS,"backdrop-only screenshot (text ink hidden via color:transparent), 4x4 grid sample per element, darkest-vs-lightest kept, WCAG relative-luminance ratio against the worse extreme"
https://eyalamit-co-il-2026.s887.upress.link/method/,nav.nav>ul.nav__l>li>a.nav__dd,טיפול בדיג׳רידו▾,18.36,400,False,4.5,"rgb(255,255,255) a=0.82","rgb(50,26,11)",11.273,PASS,"backdrop-only screenshot (text ink hidden via color:transparent), 4x4 grid sample per element, darkest-vs-lightest kept, WCAG relative-luminance ratio against the worse extreme"
https://eyalamit-co-il-2026.s887.upress.link/method/,ul.nav__l>li>a.nav__dd>span.nav__caret,▾,11.02,400,False,4.5,"rgb(255,255,255) a=0.82","rgb(25,16,10)",12.682,PASS,"backdrop-only screenshot (text ink hidden via color:transparent), 4x4 grid sample per element, darkest-vs-lightest kept, WCAG relative-luminance ratio against the worse extreme"
https://eyalamit-co-il-2026.s887.upress.link/method/,nav.nav>ul.nav__l>li>a,השיטה,18.36,400,False,4.5,"rgb(255,255,255) a=0.82","rgb(84,58,35)",7.651,PASS,"backdrop-only screenshot (text ink hidden via color:transparent), 4x4 grid sample per element, darkest-vs-lightest kept, WCAG relative-luminance ratio against the worse extreme"
https://eyalamit-co-il-2026.s887.upress.link/method/,nav.nav>ul.nav__l>li>a,שיעורי דיג׳רידו,18.36,400,False,4.5,"rgb(255,255,255) a=0.82","rgb(96,71,43)",6.444,PASS,"backdrop-only screenshot (text ink hidden via color:transparent), 4x4 grid sample per element, darkest-vs-lightest kept, WCAG relative-luminance ratio against the worse extreme"
https://eyalamit-co-il-2026.s887.upress.link/method/,nav.nav>ul.nav__l>li>a,סאונד הילינג,18.36,400,False,4.5,"rgb(255,255,255) a=0.82","rgb(97,73,46)",6.291,PASS,"backdrop-only screenshot (text ink hidden via color:transparent), 4x4 grid sample per element, darkest-vs-lightest kept, WCAG relative-luminance ratio against the worse extreme"
https://eyalamit-co-il-2026.s887.upress.link/method/,nav.nav>ul.nav__l>li>button.nav__dd,לימוד והכשרה▾,18.36,400,False,4.5,"rgb(255,255,255) a=0.82","rgb(76,43,23)",9.009,PASS,"backdrop-only screenshot (text ink hidden via color:transparent), 4x4 grid sample per element, darkest-vs-lightest kept, WCAG relative-luminance ratio against the worse extreme"
https://eyalamit-co-il-2026.s887.upress.link/method/,ul.nav__l>li>button.nav__dd>span.nav__caret,▾,11.02,400,False,4.5,"rgb(255,255,255) a=0.82","rgb(67,38,21)",9.73,PASS,"backdrop-only screenshot (text ink hidden via color:transparent), 4x4 grid sample per element, darkest-vs-lightest kept, WCAG relative-luminance ratio against the worse extreme"
https://eyalamit-co-il-2026.s887.upress.link/method/,nav.nav>ul.nav__l>li>a.nav__dd,כלים ואביזרים▾,18.36,400,False,4.5,"rgb(255,255,255) a=0.82","rgb(81,87,98)",5.541,PASS,"backdrop-only screenshot (text ink hidden via color:transparent), 4x4 grid sample per element, darkest-vs-lightest kept, WCAG relative-luminance ratio against the worse extreme"
https://eyalamit-co-il-2026.s887.upress.link/method/,ul.nav__l>li>a.nav__dd>span.nav__caret,▾,11.02,400,False,4.5,"rgb(255,255,255) a=0.82","rgb(70,76,85)",6.477,PASS,"backdrop-only screenshot (text ink hidden via color:transparent), 4x4 grid sample per element, darkest-vs-lightest kept, WCAG relative-luminance ratio against the worse extreme"
https://eyalamit-co-il-2026.s887.upress.link/method/,nav.nav>ul.nav__l>li>a.nav__dd,ספרים▾,18.36,400,False,4.5,"rgb(255,255,255) a=0.82","rgb(77,67,70)",7.045,PASS,"backdrop-only screenshot (text ink hidden via color:transparent), 4x4 grid sample per element, darkest-vs-lightest kept, WCAG relative-luminance ratio against the worse extreme"
https://eyalamit-co-il-2026.s887.upress.link/method/,ul.nav__l>li>a.nav__dd>span.nav__caret,▾,11.02,400,False,4.5,"rgb(255,255,255) a=0.82","rgb(22,15,11)",12.797,PASS,"backdrop-only screenshot (text ink hidden via color:transparent), 4x4 grid sample per element, darkest-vs-lightest kept, WCAG relative-luminance ratio against the worse extreme"
https://eyalamit-co-il-2026.s887.upress.link/method/,nav.nav>ul.nav__l>li>a,בלוג דיג׳רידו,18.36,400,False,4.5,"rgb(255,255,255) a=0.82","rgb(24,17,13)",12.642,PASS,"backdrop-only screenshot (text ink hidden via color:transparent), 4x4 grid sample per element, darkest-vs-lightest kept, WCAG relative-luminance ratio against the worse extreme"
https://eyalamit-co-il-2026.s887.upress.link/method/,nav.nav>ul.nav__l>li>button.nav__dd,אייל עמית▾,18.36,400,False,4.5,"rgb(255,255,255) a=0.82","rgb(96,74,50)",6.244,PASS,"backdrop-only screenshot (text ink hidden via color:transparent), 4x4 grid sample per element, darkest-vs-lightest kept, WCAG relative-luminance ratio against the worse extreme"
https://eyalamit-co-il-2026.s887.upress.link/method/,ul.nav__l>li>button.nav__dd>span.nav__caret,▾,11.02,400,False,4.5,"rgb(255,255,255) a=0.82","rgb(89,68,45)",6.808,PASS,"backdrop-only screenshot (text ink hidden via color:transparent), 4x4 grid sample per element, darkest-vs-lightest kept, WCAG relative-luminance ratio against the worse extreme"
https://eyalamit-co-il-2026.s887.upress.link/method/,nav.nav>ul.nav__l>li>a,צור קשר,18.36,400,False,4.5,"rgb(255,255,255) a=0.82","rgb(97,75,50)",6.161,PASS,"backdrop-only screenshot (text ink hidden via color:transparent), 4x4 grid sample per element, darkest-vs-lightest kept, WCAG relative-luminance ratio against the worse extreme"
https://eyalamit-co-il-2026.s887.upress.link/method/,body.rtl.wp-singular>nav.nav>div.nav__r>a.nav__en,EN,12.24,300,False,4.5,"rgb(255,255,255) a=0.85","rgb(96,70,43)",6.845,PASS,"backdrop-only screenshot (text ink hidden via color:transparent), 4x4 grid sample per element, darkest-vs-lightest kept, WCAG relative-luminance ratio against the worse extreme"
https://eyalamit-co-il-2026.s887.upress.link/method/,main.chapters-main>header.phero.phero--media>div.phero__in>h1.phero__h,שיטת cbDIDG של אייל עמית,44.2,300,True,3.0,"rgb(255,255,255)","rgb(133,120,112)",4.27,PASS,"backdrop-only screenshot (text ink hidden via color:transparent), 4x4 grid sample per element, darkest-vs-lightest kept, WCAG relative-luminance ratio against the worse extreme"
https://eyalamit-co-il-2026.s887.upress.link/method/,main.chapters-main>header.phero.phero--media>div.phero__in>p.phero__s,"שיטה לעבודה עם הנשימה באמצעות דיג'רידו, המבוססת על",19.55,300,False,4.5,"rgb(255,255,255) a=0.86","rgb(108,93,82)",5.185,PASS,"backdrop-only screenshot (text ink hidden via color:transparent), 4x4 grid sample per element, darkest-vs-lightest kept, WCAG relative-luminance ratio against the worse extreme"
https://eyalamit-co-il-2026.s887.upress.link/method/,header.phero.phero--media>div.phero__in>p.phero__cta>a.btn.btn--gw,לתיאום שיחת היכרות,15.3,500,False,4.5,"rgb(255,255,255)","rgb(58,37,19)",14.444,PASS,"backdrop-only screenshot (text ink hidden via color:transparent), 4x4 grid sample per element, darkest-vs-lightest kept, WCAG relative-luminance ratio against the worse extreme"
https://eyalamit-co-il-2026.s887.upress.link/method/,div.wrap>div.split2>div.r.in>h2.h2,מהי שיטת cbDIDG,24.65,400,True,3.0,"rgb(47,32,19)","rgb(255,255,250)",15.661,PASS,"backdrop-only screenshot (text ink hidden via color:transparent), 4x4 grid sample per element, darkest-vs-lightest kept, WCAG relative-luminance ratio against the worse extreme"
https://eyalamit-co-il-2026.s887.upress.link/method/,div.split2>div.r.in>div.intro-body>p,"שיטת cbDIDG היא שיטה לעבודה עם הנשימה, המתבצעת דרך",17,300,False,4.5,"rgb(103,72,45)","rgb(255,255,250)",8.238,PASS,"backdrop-only screenshot (text ink hidden via color:transparent), 4x4 grid sample per element, darkest-vs-lightest kept, WCAG relative-luminance ratio against the worse extreme"
https://eyalamit-co-il-2026.s887.upress.link/method/,div.r.in>div.intro-body>p>a.tlink,טיפול בדיג'רידו,17,300,False,4.5,"rgb(154,79,43)","rgb(255,255,250)",5.936,PASS,"backdrop-only screenshot (text ink hidden via color:transparent), 4x4 grid sample per element, darkest-vs-lightest kept, WCAG relative-luminance ratio against the worse extreme"
https://eyalamit-co-il-2026.s887.upress.link/method/,div.r.in>div.intro-body>p>a.tlink,שיעורי נגינה בדיג'רידו,17,300,False,4.5,"rgb(154,79,43)","rgb(255,255,250)",5.936,PASS,"backdrop-only screenshot (text ink hidden via color:transparent), 4x4 grid sample per element, darkest-vs-lightest kept, WCAG relative-luminance ratio against the worse extreme"
https://eyalamit-co-il-2026.s887.upress.link/method/,div.split2>div.r.in>div.intro-body>p,"העבודה אינה מתמקדת רק בלימוד נגינה או בטכניקה, אלא",17,300,False,4.5,"rgb(103,72,45)","rgb(255,255,250)",8.238,PASS,"backdrop-only screenshot (text ink hidden via color:transparent), 4x4 grid sample per element, darkest-vs-lightest kept, WCAG relative-luminance ratio against the worse extreme"
https://eyalamit-co-il-2026.s887.upress.link/method/,div.split2>div.r.in>div.intro-body>p,"דרך הכלי, התרגול וההקשבה למה שקורה בגוף, נבנית בהד",17,300,False,4.5,"rgb(103,72,45)","rgb(255,255,250)",8.238,PASS,"backdrop-only screenshot (text ink hidden via color:transparent), 4x4 grid sample per element, darkest-vs-lightest kept, WCAG relative-luminance ratio against the worse extreme"
https://eyalamit-co-il-2026.s887.upress.link/method/,div.split2>div.r.in>div.intro-body>p,הדיג'רידו משמש ככלי עבודה - לא כמטרה בפני עצמה.,17,300,False,4.5,"rgb(103,72,45)","rgb(255,255,250)",8.238,PASS,"backdrop-only screenshot (text ink hidden via color:transparent), 4x4 grid sample per element, darkest-vs-lightest kept, WCAG relative-luminance ratio against the worse extreme"
https://eyalamit-co-il-2026.s887.upress.link/method/,main.chapters-main>section.sec>div.wrap>h2.h2.r,לא כל עבודה עם דיג'רידו היא אותו דבר,24.65,400,True,3.0,"rgb(47,32,19)","rgb(255,255,250)",15.661,PASS,"backdrop-only screenshot (text ink hidden via color:transparent), 4x4 grid sample per element, darkest-vs-lightest kept, WCAG relative-luminance ratio against the worse extreme"
https://eyalamit-co-il-2026.s887.upress.link/method/,section.sec>div.wrap>div.intro-body.r>p,לא כל עבודה עם דיג'רידו היא אותו דבר.,17,300,False,4.5,"rgb(103,72,45)","rgb(255,255,250)",8.238,PASS,"backdrop-only screenshot (text ink hidden via color:transparent), 4x4 grid sample per element, darkest-vs-lightest kept, WCAG relative-luminance ratio against the worse extreme"
https://eyalamit-co-il-2026.s887.upress.link/method/,section.sec>div.wrap>div.intro-body.r>p,בטיפול בדיג'רידו נכנסים לתהליך אישי ולומדים לעבוד ,17,300,False,4.5,"rgb(103,72,45)","rgb(255,255,250)",8.238,PASS,"backdrop-only screenshot (text ink hidden via color:transparent), 4x4 grid sample per element, darkest-vs-lightest kept, WCAG relative-luminance ratio against the worse extreme"
https://eyalamit-co-il-2026.s887.upress.link/method/,div.wrap>div.intro-body.r>p>a.tlink,טיפול בדיג'רידו,17,300,False,4.5,"rgb(154,79,43)","rgb(255,255,250)",5.936,PASS,"backdrop-only screenshot (text ink hidden via color:transparent), 4x4 grid sample per element, darkest-vs-lightest kept, WCAG relative-luminance ratio against the worse extreme"
https://eyalamit-co-il-2026.s887.upress.link/method/,section.sec>div.wrap>div.intro-body.r>p,בסאונד הילינג חווים מפגש נקודתי של הקשבה פאסיבית ל,17,300,False,4.5,"rgb(103,72,45)","rgb(255,255,250)",8.238,PASS,"backdrop-only screenshot (text ink hidden via color:transparent), 4x4 grid sample per element, darkest-vs-lightest kept, WCAG relative-luminance ratio against the worse extreme"
https://eyalamit-co-il-2026.s887.upress.link/method/,div.wrap>div.intro-body.r>p>a.tlink,סאונד הילינג,17,300,False,4.5,"rgb(154,79,43)","rgb(255,255,250)",5.936,PASS,"backdrop-only screenshot (text ink hidden via color:transparent), 4x4 grid sample per element, darkest-vs-lightest kept, WCAG relative-luminance ratio against the worse extreme"
https://eyalamit-co-il-2026.s887.upress.link/method/,section.sec>div.wrap>div.intro-body.r>p,ובשיעורי נגינה בדיג'רידו מתמקדים בלימוד נגינה ובהת,17,300,False,4.5,"rgb(103,72,45)","rgb(255,255,250)",8.238,PASS,"backdrop-only screenshot (text ink hidden via color:transparent), 4x4 grid sample per element, darkest-vs-lightest kept, WCAG relative-luminance ratio against the worse extreme"
https://eyalamit-co-il-2026.s887.upress.link/method/,div.wrap>div.intro-body.r>p>a.tlink,שיעורי נגינה בדיג'רידו,17,300,False,4.5,"rgb(154,79,43)","rgb(255,255,250)",5.936,PASS,"backdrop-only screenshot (text ink hidden via color:transparent), 4x4 grid sample per element, darkest-vs-lightest kept, WCAG relative-luminance ratio against the worse extreme"
https://eyalamit-co-il-2026.s887.upress.link/method/,main.chapters-main>section.sec>div.wrap>h2.h2.r,איך בנויה השיטה,24.65,400,True,3.0,"rgb(47,32,19)","rgb(255,255,250)",15.661,PASS,"backdrop-only screenshot (text ink hidden via color:transparent), 4x4 grid sample per element, darkest-vs-lightest kept, WCAG relative-luminance ratio against the worse extreme"
https://eyalamit-co-il-2026.s887.upress.link/method/,section.sec>div.wrap>div.intro-body.r>p,"שיטת cbDIDG בנויה כתהליך הדרגתי, שבו העבודה עם הנש",17,300,False,4.5,"rgb(103,72,45)","rgb(255,255,250)",8.238,PASS,"backdrop-only screenshot (text ink hidden via color:transparent), 4x4 grid sample per element, darkest-vs-lightest kept, WCAG relative-luminance ratio against the worse extreme"
https://eyalamit-co-il-2026.s887.upress.link/method/,section.sec>div.wrap>div.intro-body.r>p,בתחילת הדרך מתמקדים בהיכרות עם הכלי ועם עקרונות הע,17,300,False,4.5,"rgb(103,72,45)","rgb(255,255,250)",8.238,PASS,"backdrop-only screenshot (text ink hidden via color:transparent), 4x4 grid sample per element, darkest-vs-lightest kept, WCAG relative-luminance ratio against the worse extreme"
https://eyalamit-co-il-2026.s887.upress.link/method/,section.sec>div.wrap>div.intro-body.r>p,"בהמשך, העבודה הופכת מדויקת יותר - דרך תרגול ממוקד,",17,300,False,4.5,"rgb(103,72,45)","rgb(255,255,250)",8.238,PASS,"backdrop-only screenshot (text ink hidden via color:transparent), 4x4 grid sample per element, darkest-vs-lightest kept, WCAG relative-luminance ratio against the worse extreme"
https://eyalamit-co-il-2026.s887.upress.link/method/,section.sec>div.wrap>div.intro-body.r>p,"הקצב והעומק משתנים מאדם לאדם, בהתאם לנקודת הפתיחה ",17,300,False,4.5,"rgb(103,72,45)","rgb(255,255,250)",8.238,PASS,"backdrop-only screenshot (text ink hidden via color:transparent), 4x4 grid sample per element, darkest-vs-lightest kept, WCAG relative-luminance ratio against the worse extreme"
https://eyalamit-co-il-2026.s887.upress.link/method/,main.chapters-main>section.sec>div.wrap>h2.h2.r,עקרונות השיטה,24.65,400,True,3.0,"rgb(47,32,19)","rgb(255,255,250)",15.661,PASS,"backdrop-only screenshot (text ink hidden via color:transparent), 4x4 grid sample per element, darkest-vs-lightest kept, WCAG relative-luminance ratio against the worse extreme"
https://eyalamit-co-il-2026.s887.upress.link/method/,section.sec>div.wrap>div.intro-body.r>p,העיקרון הראשון הוא עבודה אקטיבית. המשתתף אינו רק מ,17,300,False,4.5,"rgb(103,72,45)","rgb(255,255,250)",8.238,PASS,"backdrop-only screenshot (text ink hidden via color:transparent), 4x4 grid sample per element, darkest-vs-lightest kept, WCAG relative-luminance ratio against the worse extreme"
https://eyalamit-co-il-2026.s887.upress.link/method/,section.sec>div.wrap>div.intro-body.r>p,העיקרון השני הוא הבחנה בין טכניקת הנשימה המעגלית ה,17,300,False,4.5,"rgb(103,72,45)","rgb(255,255,250)",8.238,PASS,"backdrop-only screenshot (text ink hidden via color:transparent), 4x4 grid sample per element, darkest-vs-lightest kept, WCAG relative-luminance ratio against the worse extreme"
https://eyalamit-co-il-2026.s887.upress.link/method/,section.sec>div.wrap>div.intro-body.r>p,העיקרון השלישי הוא תהליך. לא מדובר בחוויה רגעית הפ,17,300,False,4.5,"rgb(103,72,45)","rgb(255,255,250)",8.238,PASS,"backdrop-only screenshot (text ink hidden via color:transparent), 4x4 grid sample per element, darkest-vs-lightest kept, WCAG relative-luminance ratio against the worse extreme"
https://eyalamit-co-il-2026.s887.upress.link/method/,main.chapters-main>section.sec>div.wrap>h2.h2.r,מה מייחד את שיטת cbDIDG,24.65,400,True,3.0,"rgb(47,32,19)","rgb(255,255,250)",15.661,PASS,"backdrop-only screenshot (text ink hidden via color:transparent), 4x4 grid sample per element, darkest-vs-lightest kept, WCAG relative-luminance ratio against the worse extreme"
https://eyalamit-co-il-2026.s887.upress.link/method/,section.sec>div.wrap>div.intro-body.r>p,שיטת cbDIDG אינה מתמקדת רק בנגינה או בטכניקות הנשי,17,300,False,4.5,"rgb(103,72,45)","rgb(255,255,250)",8.238,PASS,"backdrop-only screenshot (text ink hidden via color:transparent), 4x4 grid sample per element, darkest-vs-lightest kept, WCAG relative-luminance ratio against the worse extreme"
https://eyalamit-co-il-2026.s887.upress.link/method/,section.sec>div.wrap>div.intro-body.r>p,"מדובר בשיטה סדורה ללימוד והטמעה של שליטה בנשימה, ה",17,300,False,4.5,"rgb(103,72,45)","rgb(255,255,250)",8.238,PASS,"backdrop-only screenshot (text ink hidden via color:transparent), 4x4 grid sample per element, darkest-vs-lightest kept, WCAG relative-luminance ratio against the worse extreme"
https://eyalamit-co-il-2026.s887.upress.link/method/,section.sec>div.wrap>div.intro-body.r>p,"העבודה משלבת בין נגינה בדיג'רידו, תרגילים ספציפיים",17,300,False,4.5,"rgb(103,72,45)","rgb(255,255,250)",8.238,PASS,"backdrop-only screenshot (text ink hidden via color:transparent), 4x4 grid sample per element, darkest-vs-lightest kept, WCAG relative-luminance ratio against the worse extreme"
https://eyalamit-co-il-2026.s887.upress.link/method/,section.sec>div.wrap>div.intro-body.r>p,"הדיג'רידו מאפשר לקבל משוב מיידי דרך הצליל, לזהות ד",17,300,False,4.5,"rgb(103,72,45)","rgb(255,255,250)",8.238,PASS,"backdrop-only screenshot (text ink hidden via color:transparent), 4x4 grid sample per element, darkest-vs-lightest kept, WCAG relative-luminance ratio against the worse extreme"
https://eyalamit-co-il-2026.s887.upress.link/method/,main.chapters-main>section.sec>div.wrap>h2.h2.r,איך נולדה השיטה (הדרך והחיבור למוקש),24.65,400,True,3.0,"rgb(47,32,19)","rgb(255,255,250)",15.661,PASS,"backdrop-only screenshot (text ink hidden via color:transparent), 4x4 grid sample per element, darkest-vs-lightest kept, WCAG relative-luminance ratio against the worse extreme"
https://eyalamit-co-il-2026.s887.upress.link/method/,section.sec>div.wrap>div.intro-body.r>p,"השיטה נולדה מתוך מסע אישי של חקירה, לימוד עמוק של ",17,300,False,4.5,"rgb(103,72,45)","rgb(255,255,250)",8.238,PASS,"backdrop-only screenshot (text ink hidden via color:transparent), 4x4 grid sample per element, darkest-vs-lightest kept, WCAG relative-luminance ratio against the worse extreme"
https://eyalamit-co-il-2026.s887.upress.link/method/,section.sec>div.wrap>div.intro-body.r>p,המפגש עם הדיג'רידו התחיל מתוך משיכה לצליל המיוחד ש,17,300,False,4.5,"rgb(103,72,45)","rgb(255,255,250)",8.238,PASS,"backdrop-only screenshot (text ink hidden via color:transparent), 4x4 grid sample per element, darkest-vs-lightest kept, WCAG relative-luminance ratio against the worse extreme"
https://eyalamit-co-il-2026.s887.upress.link/method/,section.sec>div.wrap>div.intro-body.r>p,אחד המקורות המשמעותיים בדרך היה הקשר המתמשך עם המא,17,300,False,4.5,"rgb(103,72,45)","rgb(255,255,250)",8.238,PASS,"backdrop-only screenshot (text ink hidden via color:transparent), 4x4 grid sample per element, darkest-vs-lightest kept, WCAG relative-luminance ratio against the worse extreme"
https://eyalamit-co-il-2026.s887.upress.link/method/,div.wrap>div.intro-body.r>p>a.tlink,מוקש דהימן,17,300,False,4.5,"rgb(154,79,43)","rgb(255,255,250)",5.936,PASS,"backdrop-only screenshot (text ink hidden via color:transparent), 4x4 grid sample per element, darkest-vs-lightest kept, WCAG relative-luminance ratio against the worse extreme"
https://eyalamit-co-il-2026.s887.upress.link/method/,section.sec>div.wrap>div.intro-body.r>p,"לצד זה, הושפע גם מתחומים נוספים כמו טאי צ'י, צ'י ק",17,300,False,4.5,"rgb(103,72,45)","rgb(255,255,250)",8.238,PASS,"backdrop-only screenshot (text ink hidden via color:transparent), 4x4 grid sample per element, darkest-vs-lightest kept, WCAG relative-luminance ratio against the worse extreme"
https://eyalamit-co-il-2026.s887.upress.link/method/,section.sec>div.wrap>div.intro-body.r>p,"השילוב בין החיבור למוקש, ההשפעה מתחומים אלו, הניסי",17,300,False,4.5,"rgb(103,72,45)","rgb(255,255,250)",8.238,PASS,"backdrop-only screenshot (text ink hidden via color:transparent), 4x4 grid sample per element, darkest-vs-lightest kept, WCAG relative-luminance ratio against the worse extreme"
https://eyalamit-co-il-2026.s887.upress.link/method/,main.chapters-main>section.sec>div.wrap>h2.h2.r,אודות אייל עמית,24.65,400,True,3.0,"rgb(47,32,19)","rgb(255,255,250)",15.661,PASS,"backdrop-only screenshot (text ink hidden via color:transparent), 4x4 grid sample per element, darkest-vs-lightest kept, WCAG relative-luminance ratio against the worse extreme"
https://eyalamit-co-il-2026.s887.upress.link/method/,section.sec>div.wrap>div.intro-body.r>p,"אייל עמית עוסק בעבודה עם דיג'רידו מאז 1999, והוא מ",17,300,False,4.5,"rgb(103,72,45)","rgb(255,255,250)",8.238,PASS,"backdrop-only screenshot (text ink hidden via color:transparent), 4x4 grid sample per element, darkest-vs-lightest kept, WCAG relative-luminance ratio against the worse extreme"
https://eyalamit-co-il-2026.s887.upress.link/method/,section.sec>div.wrap>div.intro-body.r>p,"את המרכז לטיפול בנשימה באמצעות דיג'רידו בפרדס חנה,",17,300,False,4.5,"rgb(103,72,45)","rgb(255,255,250)",8.238,PASS,"backdrop-only screenshot (text ink hidden via color:transparent), 4x4 grid sample per element, darkest-vs-lightest kept, WCAG relative-luminance ratio against the worse extreme"
https://eyalamit-co-il-2026.s887.upress.link/method/,section.sec>div.wrap>div.intro-body.r>p,"לאורך השנים ליווה מאות אנשים בתהליכים אישיים, ופית",17,300,False,4.5,"rgb(103,72,45)","rgb(255,255,250)",8.238,PASS,"backdrop-only screenshot (text ink hidden via color:transparent), 4x4 grid sample per element, darkest-vs-lightest kept, WCAG relative-luminance ratio against the worse extreme"
https://eyalamit-co-il-2026.s887.upress.link/method/,div.wrap>div.intro-body.r>p>a.tlink,לקריאה נוספת על אייל עמית,17,300,False,4.5,"rgb(154,79,43)","rgb(255,255,250)",5.936,PASS,"backdrop-only screenshot (text ink hidden via color:transparent), 4x4 grid sample per element, darkest-vs-lightest kept, WCAG relative-luminance ratio against the worse extreme"
https://eyalamit-co-il-2026.s887.upress.link/method/,main.chapters-main>section.sec>div.wrap>h2.h2.r,למי השיטה מתאימה,24.65,400,True,3.0,"rgb(47,32,19)","rgb(255,255,250)",15.661,PASS,"backdrop-only screenshot (text ink hidden via color:transparent), 4x4 grid sample per element, darkest-vs-lightest kept, WCAG relative-luminance ratio against the worse extreme"
https://eyalamit-co-il-2026.s887.upress.link/method/,section.sec>div.wrap>div.intro-body.r>p,השיטה מתאימה לאנשים שמרגישים שהנשימה שלהם אינה יצי,17,300,False,4.5,"rgb(103,72,45)","rgb(255,255,250)",8.238,PASS,"backdrop-only screenshot (text ink hidden via color:transparent), 4x4 grid sample per element, darkest-vs-lightest kept, WCAG relative-luminance ratio against the worse extreme"
https://eyalamit-co-il-2026.s887.upress.link/method/,section.sec>div.wrap>div.intro-body.r>p,"לאנשים שחווים עומס רגשי או מחשבתי, מתח בגוף או קוש",17,300,False,4.5,"rgb(103,72,45)","rgb(255,255,250)",8.238,PASS,"backdrop-only screenshot (text ink hidden via color:transparent), 4x4 grid sample per element, darkest-vs-lightest kept, WCAG relative-luminance ratio against the worse extreme"
https://eyalamit-co-il-2026.s887.upress.link/method/,section.sec>div.wrap>div.intro-body.r>p,"לאנשים שמתמודדים עם סימפטומים הקשורים בנשימה, כמו ",17,300,False,4.5,"rgb(103,72,45)","rgb(255,255,250)",8.238,PASS,"backdrop-only screenshot (text ink hidden via color:transparent), 4x4 grid sample per element, darkest-vs-lightest kept, WCAG relative-luminance ratio against the worse extreme"
https://eyalamit-co-il-2026.s887.upress.link/method/,section.sec>div.wrap>div.intro-body.r>p,"ולמי שמחפש תהליך אישי עמוק, ולא פתרון קסם מהיר.",17,300,False,4.5,"rgb(103,72,45)","rgb(255,255,250)",8.238,PASS,"backdrop-only screenshot (text ink hidden via color:transparent), 4x4 grid sample per element, darkest-vs-lightest kept, WCAG relative-luminance ratio against the worse extreme"
https://eyalamit-co-il-2026.s887.upress.link/method/,section.sec>div.wrap>div.intro-body.r>p,השיטה מתאימה למי שמוכן לקחת חלק פעיל בעבודה עם הנש,17,300,False,4.5,"rgb(103,72,45)","rgb(255,255,250)",8.238,PASS,"backdrop-only screenshot (text ink hidden via color:transparent), 4x4 grid sample per element, darkest-vs-lightest kept, WCAG relative-luminance ratio against the worse extreme"
https://eyalamit-co-il-2026.s887.upress.link/method/,main.chapters-main>section.sec>div.wrap>h2.h2.r,איך נראה מפגש בפועל,24.65,400,True,3.0,"rgb(47,32,19)","rgb(255,255,250)",15.661,PASS,"backdrop-only screenshot (text ink hidden via color:transparent), 4x4 grid sample per element, darkest-vs-lightest kept, WCAG relative-luminance ratio against the worse extreme"
https://eyalamit-co-il-2026.s887.upress.link/method/,section.sec>div.wrap>div.intro-body.r>p,"המפגש מתקיים בליווי אישי, אחד על אחד בסטודיו נעים ",17,300,False,4.5,"rgb(103,72,45)","rgb(255,255,250)",8.238,PASS,"backdrop-only screenshot (text ink hidden via color:transparent), 4x4 grid sample per element, darkest-vs-lightest kept, WCAG relative-luminance ratio against the worse extreme"
https://eyalamit-co-il-2026.s887.upress.link/method/,section.sec>div.wrap>div.intro-body.r>p,"במפגש הראשון מתקיים אבחון, שבמהלכו נבחנים דפוסי הנ",17,300,False,4.5,"rgb(103,72,45)","rgb(255,255,250)",8.238,PASS,"backdrop-only screenshot (text ink hidden via color:transparent), 4x4 grid sample per element, darkest-vs-lightest kept, WCAG relative-luminance ratio against the worse extreme"
https://eyalamit-co-il-2026.s887.upress.link/method/,section.sec>div.wrap>div.intro-body.r>p,בתחילת הדרך מתמקדים בהיכרות עם הכלי ועם עקרונות הע,17,300,False,4.5,"rgb(103,72,45)","rgb(255,255,250)",8.238,PASS,"backdrop-only screenshot (text ink hidden via color:transparent), 4x4 grid sample per element, darkest-vs-lightest kept, WCAG relative-luminance ratio against the worse extreme"
https://eyalamit-co-il-2026.s887.upress.link/method/,section.sec>div.wrap>div.intro-body.r>p,"בהמשך, העבודה הופכת מדויקת יותר - דרך תרגול ממוקד,",17,300,False,4.5,"rgb(103,72,45)","rgb(255,255,250)",8.238,PASS,"backdrop-only screenshot (text ink hidden via color:transparent), 4x4 grid sample per element, darkest-vs-lightest kept, WCAG relative-luminance ratio against the worse extreme"
https://eyalamit-co-il-2026.s887.upress.link/method/,section.sec>div.wrap>div.intro-body.r>p,"לאורך המפגש, הדיג'רידו משמש ככלי שמחזיר משוב מיידי",17,300,False,4.5,"rgb(103,72,45)","rgb(255,255,250)",8.238,PASS,"backdrop-only screenshot (text ink hidden via color:transparent), 4x4 grid sample per element, darkest-vs-lightest kept, WCAG relative-luminance ratio against the worse extreme"
https://eyalamit-co-il-2026.s887.upress.link/method/,section.sec>div.wrap>div.intro-body.r>p,"הקצב והעומק משתנים מאדם לאדם, בהתאם למה שהוא מביא ",17,300,False,4.5,"rgb(103,72,45)","rgb(255,255,250)",8.238,PASS,"backdrop-only screenshot (text ink hidden via color:transparent), 4x4 grid sample per element, darkest-vs-lightest kept, WCAG relative-luminance ratio against the worse extreme"
https://eyalamit-co-il-2026.s887.upress.link/method/,main.chapters-main>section.ea-faq-list.ea-faq-list--view-only>div.ea-faq-list__inner>h2.h2.r,שאלות נפוצות על השיטה,24.65,400,True,3.0,"rgb(47,32,19)","rgb(255,255,250)",15.661,PASS,"backdrop-only screenshot (text ink hidden via color:transparent), 4x4 grid sample per element, darkest-vs-lightest kept, WCAG relative-luminance ratio against the worse extreme"
https://eyalamit-co-il-2026.s887.upress.link/method/,div.ea-faq-list__inner>div.ea-faq-category>details.ea-faq-item.ea-entrance>summary.ea-faq-item__question,מה ההבדל בין שיטת cbDIDG לבין שיטות נשימה אחרות כמ,17,500,False,4.5,"rgb(47,32,19)","rgb(255,255,250)",15.661,PASS,"backdrop-only screenshot (text ink hidden via color:transparent), 4x4 grid sample per element, darkest-vs-lightest kept, WCAG relative-luminance ratio against the worse extreme"
https://eyalamit-co-il-2026.s887.upress.link/method/,div.ea-faq-category>details.ea-faq-item.ea-entrance>div.ea-faq-item__answer>p,בשיטות רבות העבודה עם הנשימה נעשית דרך תרגול מודע ,17,300,False,4.5,"rgb(138,90,68)","rgb(255,255,250)",5.773,PASS,"backdrop-only screenshot (text ink hidden via color:transparent), 4x4 grid sample per element, darkest-vs-lightest kept, WCAG relative-luminance ratio against the worse extreme"
https://eyalamit-co-il-2026.s887.upress.link/method/,div.ea-faq-category>details.ea-faq-item.ea-entrance>div.ea-faq-item__answer>p,"בשיטת cbDIDG העבודה מתבצעת דרך נגינה בדיג'רידו, כך",17,300,False,4.5,"rgb(138,90,68)","rgb(255,255,250)",5.773,PASS,"backdrop-only screenshot (text ink hidden via color:transparent), 4x4 grid sample per element, darkest-vs-lightest kept, WCAG relative-luminance ratio against the worse extreme"
https://eyalamit-co-il-2026.s887.upress.link/method/,div.ea-faq-category>details.ea-faq-item.ea-entrance>div.ea-faq-item__answer>p,"הנגינה יוצרת עניין, מיקוד ורצף תרגול, ומאפשרת להתמ",17,300,False,4.5,"rgb(138,90,68)","rgb(255,255,250)",5.773,PASS,"backdrop-only screenshot (text ink hidden via color:transparent), 4x4 grid sample per element, darkest-vs-lightest kept, WCAG relative-luminance ratio against the worse extreme"
https://eyalamit-co-il-2026.s887.upress.link/method/,div.ea-faq-category>details.ea-faq-item.ea-entrance>div.ea-faq-item__answer>p,"זהו הבדל משמעותי, במיוחד עבור אנשים שמתקשים להישאר",17,300,False,4.5,"rgb(138,90,68)","rgb(255,255,250)",5.773,PASS,"backdrop-only screenshot (text ink hidden via color:transparent), 4x4 grid sample per element, darkest-vs-lightest kept, WCAG relative-luminance ratio against the worse extreme"
https://eyalamit-co-il-2026.s887.upress.link/method/,div.ea-faq-category>details.ea-faq-item.ea-entrance>div.ea-faq-item__answer>p,"עבור אנשים עם קושי בריכוז או צורך בגירוי מתמשך, הא",17,300,False,4.5,"rgb(138,90,68)","rgb(239,234,225)",4.833,PASS,"backdrop-only screenshot (text ink hidden via color:transparent), 4x4 grid sample per element, darkest-vs-lightest kept, WCAG relative-luminance ratio against the worse extreme"
https://eyalamit-co-il-2026.s887.upress.link/method/,div.ea-faq-list__inner>div.ea-faq-category>details.ea-faq-item.ea-entrance>summary.ea-faq-item__question,מה ההבדל בין נשימה מעגלית בדיג'רידו לבין נשימה מעג,17,500,False,4.5,"rgb(47,32,19)","rgb(255,255,250)",15.661,PASS,"backdrop-only screenshot (text ink hidden via color:transparent), 4x4 grid sample per element, darkest-vs-lightest kept, WCAG relative-luminance ratio against the worse extreme"
https://eyalamit-co-il-2026.s887.upress.link/method/,div.ea-faq-category>details.ea-faq-item.ea-entrance>div.ea-faq-item__answer>p,"למרות השם הדומה, מדובר בשתי גישות שונות לחלוטין.",17,300,False,4.5,"rgb(138,90,68)","rgb(255,255,250)",5.773,PASS,"backdrop-only screenshot (text ink hidden via color:transparent), 4x4 grid sample per element, darkest-vs-lightest kept, WCAG relative-luminance ratio against the worse extreme"
https://eyalamit-co-il-2026.s887.upress.link/method/,div.ea-faq-category>details.ea-faq-item.ea-entrance>div.ea-faq-item__answer>p,נשימה מעגלית בדיג'רידו היא טכניקה פיזית שמאפשרת לה,17,300,False,4.5,"rgb(138,90,68)","rgb(255,255,250)",5.773,PASS,"backdrop-only screenshot (text ink hidden via color:transparent), 4x4 grid sample per element, darkest-vs-lightest kept, WCAG relative-luminance ratio against the worse extreme"
https://eyalamit-co-il-2026.s887.upress.link/method/,div.ea-faq-category>details.ea-faq-item.ea-entrance>div.ea-faq-item__answer>p,"לעומת זאת, בריברסינג מדובר בתהליך נשימתי רציף שמטר",17,300,False,4.5,"rgb(138,90,68)","rgb(255,255,250)",5.773,PASS,"backdrop-only screenshot (text ink hidden via color:transparent), 4x4 grid sample per element, darkest-vs-lightest kept, WCAG relative-luminance ratio against the worse extreme"
https://eyalamit-co-il-2026.s887.upress.link/method/,div.ea-faq-category>details.ea-faq-item.ea-entrance>div.ea-faq-item__answer>p,חשוב להבין שמדובר בשני שימושים שונים לחלוטין בנשימ,17,300,False,4.5,"rgb(138,90,68)","rgb(239,234,225)",4.833,PASS,"backdrop-only screenshot (text ink hidden via color:transparent), 4x4 grid sample per element, darkest-vs-lightest kept, WCAG relative-luminance ratio against the worse extreme"
https://eyalamit-co-il-2026.s887.upress.link/method/,div.ea-faq-category>details.ea-faq-item.ea-entrance>div.ea-faq-item__answer>p,"ריברסינג לא מלמד לנגן בדיג'רידו, ונשימה מעגלית בדי",17,300,False,4.5,"rgb(138,90,68)","rgb(239,234,225)",4.833,PASS,"backdrop-only screenshot (text ink hidden via color:transparent), 4x4 grid sample per element, darkest-vs-lightest kept, WCAG relative-luminance ratio against the worse extreme"
https://eyalamit-co-il-2026.s887.upress.link/method/,div.ea-faq-category>details.ea-faq-item.ea-entrance>div.ea-faq-item__answer>p,"בשיטת cbDIDG הנשימה המעגלית היא כלי תרגול, והמטרה ",17,300,False,4.5,"rgb(138,90,68)","rgb(239,234,225)",4.833,PASS,"backdrop-only screenshot (text ink hidden via color:transparent), 4x4 grid sample per element, darkest-vs-lightest kept, WCAG relative-luminance ratio against the worse extreme"
https://eyalamit-co-il-2026.s887.upress.link/method/,div.ea-faq-category>details.ea-faq-item.ea-entrance>div.ea-faq-item__answer>p,"למידע נוסף והסבר מעמיק, ניתן לקרוא כאן:",17,300,False,4.5,"rgb(138,90,68)","rgb(239,234,225)",4.833,PASS,"backdrop-only screenshot (text ink hidden via color:transparent), 4x4 grid sample per element, darkest-vs-lightest kept, WCAG relative-luminance ratio against the worse extreme"
https://eyalamit-co-il-2026.s887.upress.link/method/,details.ea-faq-item.ea-entrance>div.ea-faq-item__answer>p>a.tlink,"ריברסינג, נשימה מעגלית ודיג'רידו",17,300,False,4.5,"rgb(154,79,43)","rgb(239,234,225)",4.969,PASS,"backdrop-only screenshot (text ink hidden via color:transparent), 4x4 grid sample per element, darkest-vs-lightest kept, WCAG relative-luminance ratio against the worse extreme"
https://eyalamit-co-il-2026.s887.upress.link/method/,div.ea-faq-list__inner>div.ea-faq-category>details.ea-faq-item.ea-entrance>summary.ea-faq-item__question,האם צריך לדעת לנגן בדיג'רידו כדי להתחיל?,17,500,False,4.5,"rgb(47,32,19)","rgb(255,255,250)",15.661,PASS,"backdrop-only screenshot (text ink hidden via color:transparent), 4x4 grid sample per element, darkest-vs-lightest kept, WCAG relative-luminance ratio against the worse extreme"
https://eyalamit-co-il-2026.s887.upress.link/method/,div.ea-faq-category>details.ea-faq-item.ea-entrance>div.ea-faq-item__answer>p,"לא. הלימוד מתחיל מהבסיס, ואין צורך בידע קודם. הנגי",17,300,False,4.5,"rgb(138,90,68)","rgb(255,255,250)",5.773,PASS,"backdrop-only screenshot (text ink hidden via color:transparent), 4x4 grid sample per element, darkest-vs-lightest kept, WCAG relative-luminance ratio against the worse extreme"
https://eyalamit-co-il-2026.s887.upress.link/method/,div.ea-faq-list__inner>div.ea-faq-category>details.ea-faq-item.ea-entrance>summary.ea-faq-item__question,כמה זמן לוקח לראות שינוי?,17,500,False,4.5,"rgb(47,32,19)","rgb(255,255,250)",15.661,PASS,"backdrop-only screenshot (text ink hidden via color:transparent), 4x4 grid sample per element, darkest-vs-lightest kept, WCAG relative-luminance ratio against the worse extreme"
https://eyalamit-co-il-2026.s887.upress.link/method/,div.ea-faq-category>details.ea-faq-item.ea-entrance>div.ea-faq-item__answer>p,"כל מקרה לגופו. זה תלוי עם מה מגיעים, מה המטרה, מה ",17,300,False,4.5,"rgb(138,90,68)","rgb(255,255,250)",5.773,PASS,"backdrop-only screenshot (text ink hidden via color:transparent), 4x4 grid sample per element, darkest-vs-lightest kept, WCAG relative-luminance ratio against the worse extreme"
https://eyalamit-co-il-2026.s887.upress.link/method/,div.ea-faq-category>details.ea-faq-item.ea-entrance>div.ea-faq-item__answer>p,יש מי שמספיקים להם כמה מפגשים בודדים כדי להרגיש שי,17,300,False,4.5,"rgb(138,90,68)","rgb(255,255,250)",5.773,PASS,"backdrop-only screenshot (text ink hidden via color:transparent), 4x4 grid sample per element, darkest-vs-lightest kept, WCAG relative-luminance ratio against the worse extreme"
https://eyalamit-co-il-2026.s887.upress.link/method/,div.ea-faq-category>details.ea-faq-item.ea-entrance>div.ea-faq-item__answer>p,"כך או כך, מדובר בתהליך הדרגתי שמבוסס על תרגול, התמ",17,300,False,4.5,"rgb(138,90,68)","rgb(239,234,225)",4.833,PASS,"backdrop-only screenshot (text ink hidden via color:transparent), 4x4 grid sample per element, darkest-vs-lightest kept, WCAG relative-luminance ratio against the worse extreme"
https://eyalamit-co-il-2026.s887.upress.link/method/,div.ea-faq-list__inner>div.ea-faq-category>details.ea-faq-item.ea-entrance>summary.ea-faq-item__question,האם השיטה יכולה לעזור לנחירות או דום נשימה בשינה?,17,500,False,4.5,"rgb(47,32,19)","rgb(255,255,250)",15.661,PASS,"backdrop-only screenshot (text ink hidden via color:transparent), 4x4 grid sample per element, darkest-vs-lightest kept, WCAG relative-luminance ratio against the worse extreme"
https://eyalamit-co-il-2026.s887.upress.link/method/,div.ea-faq-category>details.ea-faq-item.ea-entrance>div.ea-faq-item__answer>p,יש אנשים שמגיעים לשיטה בדיוק מתוך קושי כזה.,17,300,False,4.5,"rgb(138,90,68)","rgb(255,255,250)",5.773,PASS,"backdrop-only screenshot (text ink hidden via color:transparent), 4x4 grid sample per element, darkest-vs-lightest kept, WCAG relative-luminance ratio against the worse extreme"
https://eyalamit-co-il-2026.s887.upress.link/method/,div.ea-faq-category>details.ea-faq-item.ea-entrance>div.ea-faq-item__answer>p,"קיים מחקר רפואי שנערך בשווייץ, שמצא כי תרגול בדיג'",17,300,False,4.5,"rgb(138,90,68)","rgb(239,234,225)",4.833,PASS,"backdrop-only screenshot (text ink hidden via color:transparent), 4x4 grid sample per element, darkest-vs-lightest kept, WCAG relative-luminance ratio against the worse extreme"
https://eyalamit-co-il-2026.s887.upress.link/method/,div.ea-faq-category>details.ea-faq-item.ea-entrance>div.ea-faq-item__answer>p,"מכיוון שהעבודה בשיטה מתמקדת בשיפור השליטה בנשימה, ",17,300,False,4.5,"rgb(138,90,68)","rgb(239,234,225)",4.833,PASS,"backdrop-only screenshot (text ink hidden via color:transparent), 4x4 grid sample per element, darkest-vs-lightest kept, WCAG relative-luminance ratio against the worse extreme"
https://eyalamit-co-il-2026.s887.upress.link/method/,div.ea-faq-category>details.ea-faq-item.ea-entrance>div.ea-faq-item__answer>p,"עם זאת, כל מקרה נבחן לגופו במפגש הראשון, ואין כאן ",17,300,False,4.5,"rgb(138,90,68)","rgb(239,234,225)",4.833,PASS,"backdrop-only screenshot (text ink hidden via color:transparent), 4x4 grid sample per element, darkest-vs-lightest kept, WCAG relative-luminance ratio against the worse extreme"
https://eyalamit-co-il-2026.s887.upress.link/method/,div.ea-faq-category>details.ea-faq-item.ea-entrance>div.ea-faq-item__answer>p,חשוב לציין כי במרוצת השנים מטופלים רבים דיווחו על ,17,300,False,4.5,"rgb(138,90,68)","rgb(239,234,225)",4.833,PASS,"backdrop-only screenshot (text ink hidden via color:transparent), 4x4 grid sample per element, darkest-vs-lightest kept, WCAG relative-luminance ratio against the worse extreme"
https://eyalamit-co-il-2026.s887.upress.link/method/,details.ea-faq-item.ea-entrance>div.ea-faq-item__answer>p>a.tlink,לקריאה על המחקר ב־BMJ,17,300,False,4.5,"rgb(154,79,43)","rgb(255,255,255)",5.954,PASS,"backdrop-only screenshot (text ink hidden via color:transparent), 4x4 grid sample per element, darkest-vs-lightest kept, WCAG relative-luminance ratio against the worse extreme"
https://eyalamit-co-il-2026.s887.upress.link/method/,div.ea-faq-list__inner>div.ea-faq-category>details.ea-faq-item.ea-entrance>summary.ea-faq-item__question,האם השיטה מתאימה גם למקרים שאינם קשורים ישירות לנש,17,500,False,4.5,"rgb(47,32,19)","rgb(255,255,250)",15.661,PASS,"backdrop-only screenshot (text ink hidden via color:transparent), 4x4 grid sample per element, darkest-vs-lightest kept, WCAG relative-luminance ratio against the worse extreme"
https://eyalamit-co-il-2026.s887.upress.link/method/,div.ea-faq-category>details.ea-faq-item.ea-entrance>div.ea-faq-item__answer>p,"למרות שהעבודה בשיטה מתמקדת בנשימה, חשוב להבין שהנש",17,300,False,4.5,"rgb(138,90,68)","rgb(239,234,225)",4.833,PASS,"backdrop-only screenshot (text ink hidden via color:transparent), 4x4 grid sample per element, darkest-vs-lightest kept, WCAG relative-luminance ratio against the worse extreme"
https://eyalamit-co-il-2026.s887.upress.link/method/,div.ea-faq-category>details.ea-faq-item.ea-entrance>div.ea-faq-item__answer>p,"היא פועלת כמראה למצב הגופני והתודעתי, ולכן כאשר עו",17,300,False,4.5,"rgb(138,90,68)","rgb(239,234,225)",4.833,PASS,"backdrop-only screenshot (text ink hidden via color:transparent), 4x4 grid sample per element, darkest-vs-lightest kept, WCAG relative-luminance ratio against the worse extreme"
https://eyalamit-co-il-2026.s887.upress.link/method/,div.ea-faq-category>details.ea-faq-item.ea-entrance>div.ea-faq-item__answer>p,"עם זאת, השיטה אינה מטפלת ישירות בכל מערכת בנפרד, א",17,300,False,4.5,"rgb(138,90,68)","rgb(239,234,225)",4.833,PASS,"backdrop-only screenshot (text ink hidden via color:transparent), 4x4 grid sample per element, darkest-vs-lightest kept, WCAG relative-luminance ratio against the worse extreme"
https://eyalamit-co-il-2026.s887.upress.link/method/,div.ea-faq-list__inner>div.ea-faq-category>details.ea-faq-item.ea-entrance>summary.ea-faq-item__question,למי זה לא מתאים?,17,500,False,4.5,"rgb(47,32,19)","rgb(255,255,250)",15.661,PASS,"backdrop-only screenshot (text ink hidden via color:transparent), 4x4 grid sample per element, darkest-vs-lightest kept, WCAG relative-luminance ratio against the worse extreme"
https://eyalamit-co-il-2026.s887.upress.link/method/,div.ea-faq-category>details.ea-faq-item.ea-entrance>div.ea-faq-item__answer>p,השיטה מיועדת למבוגרים מגיל 17 ומעלה.,17,300,False,4.5,"rgb(138,90,68)","rgb(239,234,225)",4.833,PASS,"backdrop-only screenshot (text ink hidden via color:transparent), 4x4 grid sample per element, darkest-vs-lightest kept, WCAG relative-luminance ratio against the worse extreme"
https://eyalamit-co-il-2026.s887.upress.link/method/,div.ea-faq-category>details.ea-faq-item.ea-entrance>div.ea-faq-item__answer>p,"היא אינה מתאימה לנשים בהריון, וכן לאנשים המתמודדים",17,300,False,4.5,"rgb(138,90,68)","rgb(239,234,225)",4.833,PASS,"backdrop-only screenshot (text ink hidden via color:transparent), 4x4 grid sample per element, darkest-vs-lightest kept, WCAG relative-luminance ratio against the worse extreme"
https://eyalamit-co-il-2026.s887.upress.link/method/,div.ea-faq-category>details.ea-faq-item.ea-entrance>div.ea-faq-item__answer>p,"בנוסף, היא פחות מתאימה למי שמחפש פתרון מהיר ללא תר",17,300,False,4.5,"rgb(138,90,68)","rgb(239,234,225)",4.833,PASS,"backdrop-only screenshot (text ink hidden via color:transparent), 4x4 grid sample per element, darkest-vs-lightest kept, WCAG relative-luminance ratio against the worse extreme"
https://eyalamit-co-il-2026.s887.upress.link/method/,div.ea-faq-category>details.ea-faq-item.ea-entrance>div.ea-faq-item__answer>p,למידע נוסף ושאלות נוספות ניתן לעבור ל־ עמוד השאלות,17,300,False,4.5,"rgb(138,90,68)","rgb(239,234,225)",4.833,PASS,"backdrop-only screenshot (text ink hidden via color:transparent), 4x4 grid sample per element, darkest-vs-lightest kept, WCAG relative-luminance ratio against the worse extreme"
https://eyalamit-co-il-2026.s887.upress.link/method/,details.ea-faq-item.ea-entrance>div.ea-faq-item__answer>p>a.tlink,עמוד השאלות הנפוצות המלא,17,300,False,4.5,"rgb(154,79,43)","rgb(239,234,225)",4.969,PASS,"backdrop-only screenshot (text ink hidden via color:transparent), 4x4 grid sample per element, darkest-vs-lightest kept, WCAG relative-luminance ratio against the worse extreme"
https://eyalamit-co-il-2026.s887.upress.link/method/,main.chapters-main>section.sec.sec--alt>div.wrap.center>h2.h2.r,עדויות והמלצות,24.65,400,True,3.0,"rgb(47,32,19)","rgb(239,234,225)",13.11,PASS,"backdrop-only screenshot (text ink hidden via color:transparent), 4x4 grid sample per element, darkest-vs-lightest kept, WCAG relative-luminance ratio against the worse extreme"
https://eyalamit-co-il-2026.s887.upress.link/method/,section.sec.sec--alt>div.wrap>div.intro-body.r>p,תמיד מרגש לקרוא מה אנשים מספרים על התהליך וחווים ו,17,300,False,4.5,"rgb(103,72,45)","rgb(239,234,225)",6.896,PASS,"backdrop-only screenshot (text ink hidden via color:transparent), 4x4 grid sample per element, darkest-vs-lightest kept, WCAG relative-luminance ratio against the worse extreme"
https://eyalamit-co-il-2026.s887.upress.link/method/,section.sec.sec--alt>div.wrap>div.intro-body.r>p,"יש מי שמגיעים עם קושי בריאותי-נפשי-רגשי מסוים, ומג",17,300,False,4.5,"rgb(103,72,45)","rgb(239,234,225)",6.896,PASS,"backdrop-only screenshot (text ink hidden via color:transparent), 4x4 grid sample per element, darkest-vs-lightest kept, WCAG relative-luminance ratio against the worse extreme"
https://eyalamit-co-il-2026.s887.upress.link/method/,section.sec.sec--alt>div.wrap>div.intro-body.r>p,"לאורך הדרך, אנשים מתארים חיבור מחודש לנשימה, שקט פ",17,300,False,4.5,"rgb(103,72,45)","rgb(239,234,225)",6.896,PASS,"backdrop-only screenshot (text ink hidden via color:transparent), 4x4 grid sample per element, darkest-vs-lightest kept, WCAG relative-luminance ratio against the worse extreme"
https://eyalamit-co-il-2026.s887.upress.link/method/,section.sec.sec--alt>div.wrap>div.intro-body.r>p,"החוויה אינה נשארת בתוך המפגש, אלא ממשיכה אל תוך הח",17,300,False,4.5,"rgb(103,72,45)","rgb(239,234,225)",6.896,PASS,"backdrop-only screenshot (text ink hidden via color:transparent), 4x4 grid sample per element, darkest-vs-lightest kept, WCAG relative-luminance ratio against the worse extreme"
https://eyalamit-co-il-2026.s887.upress.link/method/,div.wrap>div.testi-mq.r>button.testi-mq__btn.testi-mq__btn--right>span,›,25.6,400,True,3.0,"rgb(181,102,61)","rgb(245,241,233)",3.779,PASS,"backdrop-only screenshot (text ink hidden via color:transparent), 4x4 grid sample per element, darkest-vs-lightest kept, WCAG relative-luminance ratio against the worse extreme"
https://eyalamit-co-il-2026.s887.upress.link/method/,div.testi-mq__viewport>div.testi-mq__track>figure.tmq>blockquote.tmq__q,כמו רבים אחרים גם אני חשבתי שאני באה 'ללמוד דיג'רי,17,400,False,4.5,"rgb(47,32,19)","rgb(255,255,255)",15.708,PASS,"backdrop-only screenshot (text ink hidden via color:transparent), 4x4 grid sample per element, darkest-vs-lightest kept, WCAG relative-luminance ratio against the worse extreme"
https://eyalamit-co-il-2026.s887.upress.link/method/,div.testi-mq__track>figure.tmq>figcaption.tmq__n>a.tmq__nl,שירי אלקבץ,12.24,500,False,4.5,"rgb(154,79,43)","rgb(255,255,255)",5.954,PASS,"backdrop-only screenshot (text ink hidden via color:transparent), 4x4 grid sample per element, darkest-vs-lightest kept, WCAG relative-luminance ratio against the worse extreme"
https://eyalamit-co-il-2026.s887.upress.link/method/,div.testi-mq__viewport>div.testi-mq__track>figure.tmq>blockquote.tmq__q,הסיפור שלי עם הנשימה מאוד מורכב. מה שאני לומדת מאי,17,400,False,4.5,"rgb(47,32,19)","rgb(255,255,255)",15.708,PASS,"backdrop-only screenshot (text ink hidden via color:transparent), 4x4 grid sample per element, darkest-vs-lightest kept, WCAG relative-luminance ratio against the worse extreme"
https://eyalamit-co-il-2026.s887.upress.link/method/,div.testi-mq__track>figure.tmq>figcaption.tmq__n>a.tmq__nl,נוית צוף שטראוס,12.24,500,False,4.5,"rgb(154,79,43)","rgb(255,255,255)",5.954,PASS,"backdrop-only screenshot (text ink hidden via color:transparent), 4x4 grid sample per element, darkest-vs-lightest kept, WCAG relative-luminance ratio against the worse extreme"
https://eyalamit-co-il-2026.s887.upress.link/method/,div.testi-mq__viewport>div.testi-mq__track>figure.tmq>blockquote.tmq__q,אחרי שהפסקתי לעשן הרגשתי שזה הזמן לעשות משהו עם הנ,17,400,False,4.5,"rgb(47,32,19)","rgb(255,255,255)",15.708,PASS,"backdrop-only screenshot (text ink hidden via color:transparent), 4x4 grid sample per element, darkest-vs-lightest kept, WCAG relative-luminance ratio against the worse extreme"
https://eyalamit-co-il-2026.s887.upress.link/method/,div.testi-mq__track>figure.tmq>figcaption.tmq__n>a.tmq__nl,ענת קרמנר ויינשטיין,12.24,500,False,4.5,"rgb(154,79,43)","rgb(255,255,255)",5.954,PASS,"backdrop-only screenshot (text ink hidden via color:transparent), 4x4 grid sample per element, darkest-vs-lightest kept, WCAG relative-luminance ratio against the worse extreme"
https://eyalamit-co-il-2026.s887.upress.link/method/,div.testi-mq__viewport>div.testi-mq__track>figure.tmq>blockquote.tmq__q,אייל עמית הציל אותנו ובזכותו חזרנו כולנו לנשום... ,17,400,False,4.5,"rgb(47,32,19)","rgb(239,234,225)",13.11,PASS,"backdrop-only screenshot (text ink hidden via color:transparent), 4x4 grid sample per element, darkest-vs-lightest kept, WCAG relative-luminance ratio against the worse extreme"
https://eyalamit-co-il-2026.s887.upress.link/method/,div.testi-mq__track>figure.tmq>figcaption.tmq__n>a.tmq__nl,חיה עזריה,12.24,500,False,4.5,"rgb(154,79,43)","rgb(239,234,225)",4.969,PASS,"backdrop-only screenshot (text ink hidden via color:transparent), 4x4 grid sample per element, darkest-vs-lightest kept, WCAG relative-luminance ratio against the worse extreme"
https://eyalamit-co-il-2026.s887.upress.link/method/,div.wrap>div.testi-mq.r>button.testi-mq__btn.testi-mq__btn--left>span,‹,25.6,400,True,3.0,"rgb(181,102,61)","rgb(255,255,250)",4.244,PASS,"backdrop-only screenshot (text ink hidden via color:transparent), 4x4 grid sample per element, darkest-vs-lightest kept, WCAG relative-luminance ratio against the worse extreme"
https://eyalamit-co-il-2026.s887.upress.link/method/,div.wrap>div.intro-body.r>p>a.btn.btn--gd,לכל ההמלצות,15.3,500,False,4.5,"rgb(181,102,61)","rgb(255,255,250)",4.244,FAIL,"backdrop-only screenshot (text ink hidden via color:transparent), 4x4 grid sample per element, darkest-vs-lightest kept, WCAG relative-luminance ratio against the worse extreme"
https://eyalamit-co-il-2026.s887.upress.link/method/,main.chapters-main>section.sec>div.wrap>h2.h2.r,מבט קדימה – לאן השיטה הולכת,24.65,400,True,3.0,"rgb(47,32,19)","rgb(255,255,250)",15.661,PASS,"backdrop-only screenshot (text ink hidden via color:transparent), 4x4 grid sample per element, darkest-vs-lightest kept, WCAG relative-luminance ratio against the worse extreme"
https://eyalamit-co-il-2026.s887.upress.link/method/,section.sec>div.wrap>div.intro-body.r>p,"שיטת cbDIDG ממשיכה להתפתח מתוך העבודה עם אנשים, ומ",17,300,False,4.5,"rgb(103,72,45)","rgb(255,255,250)",8.238,PASS,"backdrop-only screenshot (text ink hidden via color:transparent), 4x4 grid sample per element, darkest-vs-lightest kept, WCAG relative-luminance ratio against the worse extreme"
https://eyalamit-co-il-2026.s887.upress.link/method/,section.sec>div.wrap>div.intro-body.r>p,"עם השנים, השיטה מתחדדת ומעמיקה, תוך שמירה על העקרו",17,300,False,4.5,"rgb(103,72,45)","rgb(255,255,250)",8.238,PASS,"backdrop-only screenshot (text ink hidden via color:transparent), 4x4 grid sample per element, darkest-vs-lightest kept, WCAG relative-luminance ratio against the worse extreme"
https://eyalamit-co-il-2026.s887.upress.link/method/,section.sec>div.wrap>div.intro-body.r>p,"הכוונה היא להמשיך לפתח את הדרך, להרחיב את הידע, ול",17,300,False,4.5,"rgb(103,72,45)","rgb(255,255,250)",8.238,PASS,"backdrop-only screenshot (text ink hidden via color:transparent), 4x4 grid sample per element, darkest-vs-lightest kept, WCAG relative-luminance ratio against the worse extreme"
https://eyalamit-co-il-2026.s887.upress.link/method/,section.sec>div.wrap>div.intro-body.r>p,"בעתיד, תיפתח גם אפשרות למי שמעוניין ללמוד את השיטה",17,300,False,4.5,"rgb(103,72,45)","rgb(255,255,250)",8.238,PASS,"backdrop-only screenshot (text ink hidden via color:transparent), 4x4 grid sample per element, darkest-vs-lightest kept, WCAG relative-luminance ratio against the worse extreme"
https://eyalamit-co-il-2026.s887.upress.link/method/,div.wrap>div.intro-body.r>p>a.tlink,לימוד והכשרה,17,300,False,4.5,"rgb(154,79,43)","rgb(255,255,250)",5.936,PASS,"backdrop-only screenshot (text ink hidden via color:transparent), 4x4 grid sample per element, darkest-vs-lightest kept, WCAG relative-luminance ratio against the worse extreme"
https://eyalamit-co-il-2026.s887.upress.link/method/,section.sec>div.wrap>div.intro-body.r>p,"אם משהו בדברים כאן נוגע בכם, ואתם מרגישים שהתחום ה",17,300,False,4.5,"rgb(103,72,45)","rgb(255,255,250)",8.238,PASS,"backdrop-only screenshot (text ink hidden via color:transparent), 4x4 grid sample per element, darkest-vs-lightest kept, WCAG relative-luminance ratio against the worse extreme"
https://eyalamit-co-il-2026.s887.upress.link/method/,div.wrap>div.intro-body.r>p>a.tlink,ליצירת קשר,17,300,False,4.5,"rgb(154,79,43)","rgb(255,255,250)",5.936,PASS,"backdrop-only screenshot (text ink hidden via color:transparent), 4x4 grid sample per element, darkest-vs-lightest kept, WCAG relative-luminance ratio against the worse extreme"
https://eyalamit-co-il-2026.s887.upress.link/method/,section.cta-band.cta-band--row>div.cta-band__in>div.cta-band__txt.r>h2.cta-band__h,"אם הגעתם עד לכאן, כנראה שמשהו בדרך הזו נוגע בכם.",24.65,500,True,3.0,"rgb(255,255,255)","rgb(32,20,10)",18.012,PASS,"backdrop-only screenshot (text ink hidden via color:transparent), 4x4 grid sample per element, darkest-vs-lightest kept, WCAG relative-luminance ratio against the worse extreme"
https://eyalamit-co-il-2026.s887.upress.link/method/,section.cta-band.cta-band--row>div.cta-band__in>div.cta-band__txt.r>p.cta-band__p,"ייתכן שאתם מחפשים שינוי בנשימה, ייתכן שאתם סקרנים ",17,300,False,4.5,"rgb(255,255,255) a=0.82","rgb(91,82,73)",5.794,PASS,"backdrop-only screenshot (text ink hidden via color:transparent), 4x4 grid sample per element, darkest-vs-lightest kept, WCAG relative-luminance ratio against the worse extreme"
https://eyalamit-co-il-2026.s887.upress.link/method/,section.cta-band.cta-band--row>div.cta-band__in>div.cta-band__act.r>a.btn.btn--terra,לתיאום שיחת היכרות,15.3,500,False,4.5,"rgb(255,255,255)","rgb(176,95,56)",4.626,PASS,"backdrop-only screenshot (text ink hidden via color:transparent), 4x4 grid sample per element, darkest-vs-lightest kept, WCAG relative-luminance ratio against the worse extreme"
https://eyalamit-co-il-2026.s887.upress.link/method/,footer.foot>div.foot__in>div>p.foot__col-title,מה מציעים,11.05,500,False,4.5,"rgb(208,138,94)","rgb(14,9,5)",7.056,PASS,"backdrop-only screenshot (text ink hidden via color:transparent), 4x4 grid sample per element, darkest-vs-lightest kept, WCAG relative-luminance ratio against the worse extreme"
https://eyalamit-co-il-2026.s887.upress.link/method/,footer.foot>div.foot__in>div>a,טיפול בדיג׳רידו,13.6,300,False,4.5,"rgb(255,255,255) a=0.60","rgb(14,9,5)",7.298,PASS,"backdrop-only screenshot (text ink hidden via color:transparent), 4x4 grid sample per element, darkest-vs-lightest kept, WCAG relative-luminance ratio against the worse extreme"
https://eyalamit-co-il-2026.s887.upress.link/method/,footer.foot>div.foot__in>div>a,שיעורי דיג׳רידו,13.6,300,False,4.5,"rgb(255,255,255) a=0.60","rgb(14,9,5)",7.298,PASS,"backdrop-only screenshot (text ink hidden via color:transparent), 4x4 grid sample per element, darkest-vs-lightest kept, WCAG relative-luminance ratio against the worse extreme"
https://eyalamit-co-il-2026.s887.upress.link/method/,footer.foot>div.foot__in>div>a,סאונד הילינג,13.6,300,False,4.5,"rgb(255,255,255) a=0.60","rgb(14,9,5)",7.298,PASS,"backdrop-only screenshot (text ink hidden via color:transparent), 4x4 grid sample per element, darkest-vs-lightest kept, WCAG relative-luminance ratio against the worse extreme"
https://eyalamit-co-il-2026.s887.upress.link/method/,footer.foot>div.foot__in>div>a,השיטה cbDIDG,13.6,300,False,4.5,"rgb(255,255,255) a=0.60","rgb(14,9,5)",7.298,PASS,"backdrop-only screenshot (text ink hidden via color:transparent), 4x4 grid sample per element, darkest-vs-lightest kept, WCAG relative-luminance ratio against the worse extreme"
https://eyalamit-co-il-2026.s887.upress.link/method/,footer.foot>div.foot__in>div>p.foot__col-title,עוד,11.05,500,False,4.5,"rgb(208,138,94)","rgb(14,9,5)",7.056,PASS,"backdrop-only screenshot (text ink hidden via color:transparent), 4x4 grid sample per element, darkest-vs-lightest kept, WCAG relative-luminance ratio against the worse extreme"
https://eyalamit-co-il-2026.s887.upress.link/method/,footer.foot>div.foot__in>div>a,בלוג,13.6,300,False,4.5,"rgb(255,255,255) a=0.60","rgb(14,9,5)",7.298,PASS,"backdrop-only screenshot (text ink hidden via color:transparent), 4x4 grid sample per element, darkest-vs-lightest kept, WCAG relative-luminance ratio against the worse extreme"
https://eyalamit-co-il-2026.s887.upress.link/method/,footer.foot>div.foot__in>div>a,ספרים · מוזה,13.6,300,False,4.5,"rgb(255,255,255) a=0.60","rgb(14,9,5)",7.298,PASS,"backdrop-only screenshot (text ink hidden via color:transparent), 4x4 grid sample per element, darkest-vs-lightest kept, WCAG relative-luminance ratio against the worse extreme"
https://eyalamit-co-il-2026.s887.upress.link/method/,footer.foot>div.foot__in>div>a,אודות אייל,13.6,300,False,4.5,"rgb(255,255,255) a=0.60","rgb(14,9,5)",7.298,PASS,"backdrop-only screenshot (text ink hidden via color:transparent), 4x4 grid sample per element, darkest-vs-lightest kept, WCAG relative-luminance ratio against the worse extreme"
https://eyalamit-co-il-2026.s887.upress.link/method/,footer.foot>div.foot__in>div>a,צור קשר,13.6,300,False,4.5,"rgb(255,255,255) a=0.60","rgb(14,9,5)",7.298,PASS,"backdrop-only screenshot (text ink hidden via color:transparent), 4x4 grid sample per element, darkest-vs-lightest kept, WCAG relative-luminance ratio against the worse extreme"
https://eyalamit-co-il-2026.s887.upress.link/method/,footer.foot>div.foot__in>div.foot__brand>b,המרכז לטיפול בנשימה באמצעות דיג׳רידו,21.25,700,True,3.0,"rgb(255,255,255)","rgb(39,34,31)",15.732,PASS,"backdrop-only screenshot (text ink hidden via color:transparent), 4x4 grid sample per element, darkest-vs-lightest kept, WCAG relative-luminance ratio against the worse extreme"
https://eyalamit-co-il-2026.s887.upress.link/method/,footer.foot>div.foot__in>div.foot__brand>p,"פרדס חנה, ישראל. שיטת cbDIDG, מאז 1999.",13.6,300,False,4.5,"rgb(255,255,255) a=0.45","rgb(14,9,5)",4.496,FAIL,"backdrop-only screenshot (text ink hidden via color:transparent), 4x4 grid sample per element, darkest-vs-lightest kept, WCAG relative-luminance ratio against the worse extreme"
https://eyalamit-co-il-2026.s887.upress.link/method/,footer.foot>div.foot__in>div.foot__brand>p.foot__nap,"רח' עמל 8 ב', פרדס חנה-כרכור",13.6,300,False,4.5,"rgb(255,255,255) a=0.45","rgb(14,9,5)",4.496,FAIL,"backdrop-only screenshot (text ink hidden via color:transparent), 4x4 grid sample per element, darkest-vs-lightest kept, WCAG relative-luminance ratio against the worse extreme"
https://eyalamit-co-il-2026.s887.upress.link/method/,div.foot__in>div.foot__brand>p.foot__tel>a,052-4822842,13.6,300,False,4.5,"rgb(255,255,255) a=0.60","rgb(14,9,5)",7.298,PASS,"backdrop-only screenshot (text ink hidden via color:transparent), 4x4 grid sample per element, darkest-vs-lightest kept, WCAG relative-luminance ratio against the worse extreme"
https://eyalamit-co-il-2026.s887.upress.link/method/,body.rtl.wp-singular>footer.foot>div.foot__legal>p.foot__disc,"המידע באתר זה אינו מהווה ייעוץ רפואי, אבחון או טיפ",12.24,300,False,4.5,"rgb(255,255,255) a=0.62","rgb(14,9,5)",7.744,PASS,"backdrop-only screenshot (text ink hidden via color:transparent), 4x4 grid sample per element, darkest-vs-lightest kept, WCAG relative-luminance ratio against the worse extreme"
https://eyalamit-co-il-2026.s887.upress.link/method/,body.rtl.wp-singular>footer.foot>div.foot__legal>p.foot__base,© 2026 אייל עמית · כל הזכויות שמורות · הצהרת נגישו,12.24,300,False,4.5,"rgb(255,255,255) a=0.62","rgb(14,9,5)",7.744,PASS,"backdrop-only screenshot (text ink hidden via color:transparent), 4x4 grid sample per element, darkest-vs-lightest kept, WCAG relative-luminance ratio against the worse extreme"
https://eyalamit-co-il-2026.s887.upress.link/method/,footer.foot>div.foot__legal>p.foot__base>a,הצהרת נגישות,13.6,300,False,4.5,"rgb(255,255,255) a=0.55","rgb(14,9,5)",6.258,PASS,"backdrop-only screenshot (text ink hidden via color:transparent), 4x4 grid sample per element, darkest-vs-lightest kept, WCAG relative-luminance ratio against the worse extreme"
https://eyalamit-co-il-2026.s887.upress.link/method/,footer.foot>div.foot__legal>p.foot__base>a,מדיניות פרטיות,13.6,300,False,4.5,"rgb(255,255,255) a=0.55","rgb(14,9,5)",6.258,PASS,"backdrop-only screenshot (text ink hidden via color:transparent), 4x4 grid sample per element, darkest-vs-lightest kept, WCAG relative-luminance ratio against the worse extreme"
https://eyalamit-co-il-2026.s887.upress.link/lessons/,nav.nav>ul.nav__l>li>a.nav__dd,טיפול בדיג׳רידו▾,18.36,400,False,4.5,"rgb(255,255,255) a=0.82","rgb(66,64,61)",7.582,PASS,"backdrop-only screenshot (text ink hidden via color:transparent), 4x4 grid sample per element, darkest-vs-lightest kept, WCAG relative-luminance ratio against the worse extreme"
https://eyalamit-co-il-2026.s887.upress.link/lessons/,ul.nav__l>li>a.nav__dd>span.nav__caret,▾,11.02,400,False,4.5,"rgb(255,255,255) a=0.82","rgb(68,67,65)",7.288,PASS,"backdrop-only screenshot (text ink hidden via color:transparent), 4x4 grid sample per element, darkest-vs-lightest kept, WCAG relative-luminance ratio against the worse extreme"
https://eyalamit-co-il-2026.s887.upress.link/lessons/,nav.nav>ul.nav__l>li>a,השיטה,18.36,400,False,4.5,"rgb(255,255,255) a=0.82","rgb(76,76,73)",6.45,PASS,"backdrop-only screenshot (text ink hidden via color:transparent), 4x4 grid sample per element, darkest-vs-lightest kept, WCAG relative-luminance ratio against the worse extreme"
https://eyalamit-co-il-2026.s887.upress.link/lessons/,nav.nav>ul.nav__l>li>a,שיעורי דיג׳רידו,18.36,400,False,4.5,"rgb(255,255,255) a=0.82","rgb(78,77,75)",6.334,PASS,"backdrop-only screenshot (text ink hidden via color:transparent), 4x4 grid sample per element, darkest-vs-lightest kept, WCAG relative-luminance ratio against the worse extreme"
https://eyalamit-co-il-2026.s887.upress.link/lessons/,nav.nav>ul.nav__l>li>a,סאונד הילינג,18.36,400,False,4.5,"rgb(255,255,255) a=0.82","rgb(78,77,75)",6.334,PASS,"backdrop-only screenshot (text ink hidden via color:transparent), 4x4 grid sample per element, darkest-vs-lightest kept, WCAG relative-luminance ratio against the worse extreme"
https://eyalamit-co-il-2026.s887.upress.link/lessons/,nav.nav>ul.nav__l>li>button.nav__dd,לימוד והכשרה▾,18.36,400,False,4.5,"rgb(255,255,255) a=0.82","rgb(81,80,78)",6.073,PASS,"backdrop-only screenshot (text ink hidden via color:transparent), 4x4 grid sample per element, darkest-vs-lightest kept, WCAG relative-luminance ratio against the worse extreme"
https://eyalamit-co-il-2026.s887.upress.link/lessons/,ul.nav__l>li>button.nav__dd>span.nav__caret,▾,11.02,400,False,4.5,"rgb(255,255,255) a=0.82","rgb(48,46,41)",9.644,PASS,"backdrop-only screenshot (text ink hidden via color:transparent), 4x4 grid sample per element, darkest-vs-lightest kept, WCAG relative-luminance ratio against the worse extreme"
https://eyalamit-co-il-2026.s887.upress.link/lessons/,nav.nav>ul.nav__l>li>a.nav__dd,כלים ואביזרים▾,18.36,400,False,4.5,"rgb(255,255,255) a=0.82","rgb(79,80,75)",6.127,PASS,"backdrop-only screenshot (text ink hidden via color:transparent), 4x4 grid sample per element, darkest-vs-lightest kept, WCAG relative-luminance ratio against the worse extreme"
https://eyalamit-co-il-2026.s887.upress.link/lessons/,ul.nav__l>li>a.nav__dd>span.nav__caret,▾,11.02,400,False,4.5,"rgb(255,255,255) a=0.82","rgb(70,70,66)",7.023,PASS,"backdrop-only screenshot (text ink hidden via color:transparent), 4x4 grid sample per element, darkest-vs-lightest kept, WCAG relative-luminance ratio against the worse extreme"
https://eyalamit-co-il-2026.s887.upress.link/lessons/,nav.nav>ul.nav__l>li>a.nav__dd,ספרים▾,18.36,400,False,4.5,"rgb(255,255,255) a=0.82","rgb(83,84,80)",5.788,PASS,"backdrop-only screenshot (text ink hidden via color:transparent), 4x4 grid sample per element, darkest-vs-lightest kept, WCAG relative-luminance ratio against the worse extreme"
https://eyalamit-co-il-2026.s887.upress.link/lessons/,ul.nav__l>li>a.nav__dd>span.nav__caret,▾,11.02,400,False,4.5,"rgb(255,255,255) a=0.82","rgb(78,80,75)",6.145,PASS,"backdrop-only screenshot (text ink hidden via color:transparent), 4x4 grid sample per element, darkest-vs-lightest kept, WCAG relative-luminance ratio against the worse extreme"
https://eyalamit-co-il-2026.s887.upress.link/lessons/,nav.nav>ul.nav__l>li>a,בלוג דיג׳רידו,18.36,400,False,4.5,"rgb(255,255,255) a=0.82","rgb(93,95,90)",4.991,PASS,"backdrop-only screenshot (text ink hidden via color:transparent), 4x4 grid sample per element, darkest-vs-lightest kept, WCAG relative-luminance ratio against the worse extreme"
https://eyalamit-co-il-2026.s887.upress.link/lessons/,nav.nav>ul.nav__l>li>button.nav__dd,אייל עמית▾,18.36,400,False,4.5,"rgb(255,255,255) a=0.82","rgb(91,94,89)",5.074,PASS,"backdrop-only screenshot (text ink hidden via color:transparent), 4x4 grid sample per element, darkest-vs-lightest kept, WCAG relative-luminance ratio against the worse extreme"
https://eyalamit-co-il-2026.s887.upress.link/lessons/,ul.nav__l>li>button.nav__dd>span.nav__caret,▾,11.02,400,False,4.5,"rgb(255,255,255) a=0.82","rgb(82,82,78)",5.935,PASS,"backdrop-only screenshot (text ink hidden via color:transparent), 4x4 grid sample per element, darkest-vs-lightest kept, WCAG relative-luminance ratio against the worse extreme"
https://eyalamit-co-il-2026.s887.upress.link/lessons/,nav.nav>ul.nav__l>li>a,צור קשר,18.36,400,False,4.5,"rgb(255,255,255) a=0.82","rgb(86,89,84)",5.436,PASS,"backdrop-only screenshot (text ink hidden via color:transparent), 4x4 grid sample per element, darkest-vs-lightest kept, WCAG relative-luminance ratio against the worse extreme"
https://eyalamit-co-il-2026.s887.upress.link/lessons/,body.rtl.wp-singular>nav.nav>div.nav__r>a.nav__en,EN,12.24,300,False,4.5,"rgb(255,255,255) a=0.85","rgb(82,85,81)",6.023,PASS,"backdrop-only screenshot (text ink hidden via color:transparent), 4x4 grid sample per element, darkest-vs-lightest kept, WCAG relative-luminance ratio against the worse extreme"
https://eyalamit-co-il-2026.s887.upress.link/lessons/,main.chapters-main>header.phero.phero--media>div.phero__in>h1.phero__h,שיעורי נגינה בדיג'רידו לפי שיטת cbDIDG של אייל עמי,44.2,300,True,3.0,"rgb(255,255,255)","rgb(154,159,161)",2.676,FAIL,"backdrop-only screenshot (text ink hidden via color:transparent), 4x4 grid sample per element, darkest-vs-lightest kept, WCAG relative-luminance ratio against the worse extreme"
https://eyalamit-co-il-2026.s887.upress.link/lessons/,main.chapters-main>header.phero.phero--media>div.phero__in>p.phero__s,במסגרת המרכז ניתן ללמוד לנגן בדיג'רידו כתהליך לימו,19.55,300,False,4.5,"rgb(255,255,255) a=0.86","rgb(115,118,119)",3.866,FAIL,"backdrop-only screenshot (text ink hidden via color:transparent), 4x4 grid sample per element, darkest-vs-lightest kept, WCAG relative-luminance ratio against the worse extreme"
https://eyalamit-co-il-2026.s887.upress.link/lessons/,header.phero.phero--media>div.phero__in>p.phero__s>a.tlink,cbDIDG,19.55,300,False,4.5,"rgb(154,79,43)","rgb(109,92,83)",1.067,FAIL,"backdrop-only screenshot (text ink hidden via color:transparent), 4x4 grid sample per element, darkest-vs-lightest kept, WCAG relative-luminance ratio against the worse extreme"
https://eyalamit-co-il-2026.s887.upress.link/lessons/,header.phero.phero--media>div.phero__in>p.phero__cta>a.btn.btn--gw,לתיאום שיעור ראשון,15.3,500,False,4.5,"rgb(255,255,255)","rgb(53,44,39)",13.628,PASS,"backdrop-only screenshot (text ink hidden via color:transparent), 4x4 grid sample per element, darkest-vs-lightest kept, WCAG relative-luminance ratio against the worse extreme"
https://eyalamit-co-il-2026.s887.upress.link/lessons/,div.wrap>div.split2>div.r.in>h2.h2,מה זה ללמוד לנגן בדיג'רידו,24.65,400,True,3.0,"rgb(47,32,19)","rgb(255,255,250)",15.661,PASS,"backdrop-only screenshot (text ink hidden via color:transparent), 4x4 grid sample per element, darkest-vs-lightest kept, WCAG relative-luminance ratio against the worse extreme"
https://eyalamit-co-il-2026.s887.upress.link/lessons/,div.split2>div.r.in>div.intro-body>p,ללמוד לנגן בדיג'רידו זה ללמוד לשלוט בצליל ולהטמיע ,17,300,False,4.5,"rgb(103,72,45)","rgb(255,255,250)",8.238,PASS,"backdrop-only screenshot (text ink hidden via color:transparent), 4x4 grid sample per element, darkest-vs-lightest kept, WCAG relative-luminance ratio against the worse extreme"
https://eyalamit-co-il-2026.s887.upress.link/lessons/,div.split2>div.r.in>div.intro-body>p,"הדיג'רידו הוא כלי נשיפה קדום בעל תו אחד, שפותח על ",17,300,False,4.5,"rgb(103,72,45)","rgb(255,255,250)",8.238,PASS,"backdrop-only screenshot (text ink hidden via color:transparent), 4x4 grid sample per element, darkest-vs-lightest kept, WCAG relative-luminance ratio against the worse extreme"
https://eyalamit-co-il-2026.s887.upress.link/lessons/,div.split2>div.r.in>div.intro-body>p,"זהו כלי המבוסס על צינור חלול, שבאמצעות רטט שפתיים ",17,300,False,4.5,"rgb(103,72,45)","rgb(255,255,250)",8.238,PASS,"backdrop-only screenshot (text ink hidden via color:transparent), 4x4 grid sample per element, darkest-vs-lightest kept, WCAG relative-luminance ratio against the worse extreme"
https://eyalamit-co-il-2026.s887.upress.link/lessons/,div.split2>div.r.in>div.intro-body>p,"הדיג'רידו אינו כלי נשיפה במובן הקלאסי, שכן בניגוד ",17,300,False,4.5,"rgb(103,72,45)","rgb(255,255,250)",8.238,PASS,"backdrop-only screenshot (text ink hidden via color:transparent), 4x4 grid sample per element, darkest-vs-lightest kept, WCAG relative-luminance ratio against the worse extreme"
https://eyalamit-co-il-2026.s887.upress.link/lessons/,div.split2>div.r.in>div.intro-body>p,"מסיבה זו, מדויק יותר למקם אותו בקטגוריה נפרדת ולהת",17,300,False,4.5,"rgb(103,72,45)","rgb(255,255,250)",8.238,PASS,"backdrop-only screenshot (text ink hidden via color:transparent), 4x4 grid sample per element, darkest-vs-lightest kept, WCAG relative-luminance ratio against the worse extreme"
https://eyalamit-co-il-2026.s887.upress.link/lessons/,div.split2>div.r.in>div.intro-body>p,ישנם בעולם כלים נוספים שבהם נעשה שימוש בנשימה מעגל,17,300,False,4.5,"rgb(103,72,45)","rgb(255,255,250)",8.238,PASS,"backdrop-only screenshot (text ink hidden via color:transparent), 4x4 grid sample per element, darkest-vs-lightest kept, WCAG relative-luminance ratio against the worse extreme"
https://eyalamit-co-il-2026.s887.upress.link/lessons/,div.split2>div.r.in>div.intro-body>p,"הנגינה בדיג'רידו היא כמו ג'אגלינג של מערכת הנשימה,",17,300,False,4.5,"rgb(103,72,45)","rgb(255,255,250)",8.238,PASS,"backdrop-only screenshot (text ink hidden via color:transparent), 4x4 grid sample per element, darkest-vs-lightest kept, WCAG relative-luminance ratio against the worse extreme"
https://eyalamit-co-il-2026.s887.upress.link/lessons/,div.split2>div.r.in>div.intro-body>p,זה קצת כמו רכיבה על אופניים או לימוד שחייה - הגוף ,17,300,False,4.5,"rgb(103,72,45)","rgb(255,255,250)",8.238,PASS,"backdrop-only screenshot (text ink hidden via color:transparent), 4x4 grid sample per element, darkest-vs-lightest kept, WCAG relative-luminance ratio against the worse extreme"
https://eyalamit-co-il-2026.s887.upress.link/lessons/,div.split2>div.r.in>div.intro-body>p,"אבל ברגע שהגוף קולט את העיקרון - את האיזון, את התי",17,300,False,4.5,"rgb(103,72,45)","rgb(255,255,250)",8.238,PASS,"backdrop-only screenshot (text ink hidden via color:transparent), 4x4 grid sample per element, darkest-vs-lightest kept, WCAG relative-luminance ratio against the worse extreme"
https://eyalamit-co-il-2026.s887.upress.link/lessons/,div.split2>div.r.in>div.intro-body>p,"ומשם, בהדרגה, מתפתחת היכולת לנגן ברצף, ללא עצירות,",17,300,False,4.5,"rgb(103,72,45)","rgb(255,255,250)",8.238,PASS,"backdrop-only screenshot (text ink hidden via color:transparent), 4x4 grid sample per element, darkest-vs-lightest kept, WCAG relative-luminance ratio against the worse extreme"
https://eyalamit-co-il-2026.s887.upress.link/lessons/,main.chapters-main>section.sec>div.wrap>h2.h2.r,למה בכלל ללמוד לנגן בדיג'רידו,24.65,400,True,3.0,"rgb(47,32,19)","rgb(255,255,250)",15.661,PASS,"backdrop-only screenshot (text ink hidden via color:transparent), 4x4 grid sample per element, darkest-vs-lightest kept, WCAG relative-luminance ratio against the worse extreme"
https://eyalamit-co-il-2026.s887.upress.link/lessons/,section.sec>div.wrap>div.intro-body.r>p,"ללמוד לנגן בדיג'רידו הוא תהליך שמפתח מיומנות, שליט",17,300,False,4.5,"rgb(103,72,45)","rgb(255,255,250)",8.238,PASS,"backdrop-only screenshot (text ink hidden via color:transparent), 4x4 grid sample per element, darkest-vs-lightest kept, WCAG relative-luminance ratio against the worse extreme"
https://eyalamit-co-il-2026.s887.upress.link/lessons/,section.sec>div.wrap>div.intro-body.r>p,"העבודה עם הכלי משלבת בין נשימה, גוף וצליל, ולכן הל",17,300,False,4.5,"rgb(103,72,45)","rgb(255,255,250)",8.238,PASS,"backdrop-only screenshot (text ink hidden via color:transparent), 4x4 grid sample per element, darkest-vs-lightest kept, WCAG relative-luminance ratio against the worse extreme"
https://eyalamit-co-il-2026.s887.upress.link/lessons/,section.sec>div.wrap>div.intro-body.r>p,"עם הזמן מתפתחת היכולת לנגן ברצף, לשלוט בעוצמות, לש",17,300,False,4.5,"rgb(103,72,45)","rgb(255,255,250)",8.238,PASS,"backdrop-only screenshot (text ink hidden via color:transparent), 4x4 grid sample per element, darkest-vs-lightest kept, WCAG relative-luminance ratio against the worse extreme"
https://eyalamit-co-il-2026.s887.upress.link/lessons/,section.sec>div.wrap>div.intro-body.r>p,"מעבר לכך, יש משהו בצליל של הדיג'רידו שפשוט נעים לנ",17,300,False,4.5,"rgb(103,72,45)","rgb(255,255,250)",8.238,PASS,"backdrop-only screenshot (text ink hidden via color:transparent), 4x4 grid sample per element, darkest-vs-lightest kept, WCAG relative-luminance ratio against the worse extreme"
https://eyalamit-co-il-2026.s887.upress.link/lessons/,section.sec>div.wrap>div.intro-body.r>p,"הכלי משתלב באופן טבעי בג'ם סשנים, בנגינה קבוצתית, ",17,300,False,4.5,"rgb(103,72,45)","rgb(255,255,250)",8.238,PASS,"backdrop-only screenshot (text ink hidden via color:transparent), 4x4 grid sample per element, darkest-vs-lightest kept, WCAG relative-luminance ratio against the worse extreme"
https://eyalamit-co-il-2026.s887.upress.link/lessons/,div.wrap>div.intro-body.r>p>a.tlink,סאונד הילינג בדיג'רידו,17,300,False,4.5,"rgb(154,79,43)","rgb(255,255,250)",5.936,PASS,"backdrop-only screenshot (text ink hidden via color:transparent), 4x4 grid sample per element, darkest-vs-lightest kept, WCAG relative-luminance ratio against the worse extreme"
https://eyalamit-co-il-2026.s887.upress.link/lessons/,section.sec>div.wrap>div.intro-body.r>p,זה כלי פשוט במבנה שלו - אבל עמוק מאוד בחוויה שהוא ,17,300,False,4.5,"rgb(103,72,45)","rgb(255,255,250)",8.238,PASS,"backdrop-only screenshot (text ink hidden via color:transparent), 4x4 grid sample per element, darkest-vs-lightest kept, WCAG relative-luminance ratio against the worse extreme"
https://eyalamit-co-il-2026.s887.upress.link/lessons/,section.sec>div.wrap>div.intro-body.r>p,לדיג'רידו יש גם הקשרים נוספים הקשורים לעבודה עם נש,17,300,False,4.5,"rgb(103,72,45)","rgb(255,255,250)",8.238,PASS,"backdrop-only screenshot (text ink hidden via color:transparent), 4x4 grid sample per element, darkest-vs-lightest kept, WCAG relative-luminance ratio against the worse extreme"
https://eyalamit-co-il-2026.s887.upress.link/lessons/,section.sec>div.wrap>div.intro-body.r>p,"למי שמתעניין בהיבט הזה, ניתן לקרוא בהרחבה בעמוד טי",17,300,False,4.5,"rgb(103,72,45)","rgb(255,255,250)",8.238,PASS,"backdrop-only screenshot (text ink hidden via color:transparent), 4x4 grid sample per element, darkest-vs-lightest kept, WCAG relative-luminance ratio against the worse extreme"
https://eyalamit-co-il-2026.s887.upress.link/lessons/,div.wrap>div.intro-body.r>p>a.tlink,טיפול בדיג'רידו,17,300,False,4.5,"rgb(154,79,43)","rgb(255,255,250)",5.936,PASS,"backdrop-only screenshot (text ink hidden via color:transparent), 4x4 grid sample per element, darkest-vs-lightest kept, WCAG relative-luminance ratio against the worse extreme"
https://eyalamit-co-il-2026.s887.upress.link/lessons/,section.sec.sec--alt>div.wrap>div>h2.h2.r,איך נראים השיעורים בפועל,24.65,400,True,3.0,"rgb(47,32,19)","rgb(239,234,225)",13.11,PASS,"backdrop-only screenshot (text ink hidden via color:transparent), 4x4 grid sample per element, darkest-vs-lightest kept, WCAG relative-luminance ratio against the worse extreme"
https://eyalamit-co-il-2026.s887.upress.link/lessons/,div.wrap>div>div.intro-body.r>p,"השיעורים מתקיימים במפגשים אישיים אחד על אחד, בסטוד",17,300,False,4.5,"rgb(103,72,45)","rgb(239,234,225)",6.896,PASS,"backdrop-only screenshot (text ink hidden via color:transparent), 4x4 grid sample per element, darkest-vs-lightest kept, WCAG relative-luminance ratio against the worse extreme"
https://eyalamit-co-il-2026.s887.upress.link/lessons/,div.wrap>div>div.intro-body.r>p,"כל מפגש משלב בין תרגול מעשי, הכוונה מדויקת ועבודה ",17,300,False,4.5,"rgb(103,72,45)","rgb(239,234,225)",6.896,PASS,"backdrop-only screenshot (text ink hidden via color:transparent), 4x4 grid sample per element, darkest-vs-lightest kept, WCAG relative-luminance ratio against the worse extreme"
https://eyalamit-co-il-2026.s887.upress.link/lessons/,div.wrap>div>div.intro-body.r>p,"בשלבים הראשונים מתמקדים בהפקת הצליל, בהיכרות עם הכ",17,300,False,4.5,"rgb(103,72,45)","rgb(239,234,225)",6.896,PASS,"backdrop-only screenshot (text ink hidden via color:transparent), 4x4 grid sample per element, darkest-vs-lightest kept, WCAG relative-luminance ratio against the worse extreme"
https://eyalamit-co-il-2026.s887.upress.link/lessons/,div.wrap>div>div.intro-body.r>p,"בהמשך מתקדמים לעבודה על רציפות, שליטה בצליל, מקצבי",17,300,False,4.5,"rgb(103,72,45)","rgb(239,234,225)",6.896,PASS,"backdrop-only screenshot (text ink hidden via color:transparent), 4x4 grid sample per element, darkest-vs-lightest kept, WCAG relative-luminance ratio against the worse extreme"
https://eyalamit-co-il-2026.s887.upress.link/lessons/,div.wrap>div>div.intro-body.r>p,במהלך השיעור ניתן דגש על דיוק - תיקון טעויות בזמן ,17,300,False,4.5,"rgb(103,72,45)","rgb(239,234,225)",6.896,PASS,"backdrop-only screenshot (text ink hidden via color:transparent), 4x4 grid sample per element, darkest-vs-lightest kept, WCAG relative-luminance ratio against the worse extreme"
https://eyalamit-co-il-2026.s887.upress.link/lessons/,div.wrap>div>div.intro-body.r>p,"בנוסף למפגשים עצמם, ניתנות הנחיות לתרגול עצמי בין ",17,300,False,4.5,"rgb(103,72,45)","rgb(239,234,225)",6.896,PASS,"backdrop-only screenshot (text ink hidden via color:transparent), 4x4 grid sample per element, darkest-vs-lightest kept, WCAG relative-luminance ratio against the worse extreme"
https://eyalamit-co-il-2026.s887.upress.link/lessons/,div.wrap>div.videoblk.r>div.ea-pending-approval>span.ea-pending-approval__badge,ממתין לאישור,12.24,700,False,4.5,"rgb(255,255,255)","rgb(230,81,0)",3.79,FAIL,"backdrop-only screenshot (text ink hidden via color:transparent), 4x4 grid sample per element, darkest-vs-lightest kept, WCAG relative-luminance ratio against the worse extreme"
https://eyalamit-co-il-2026.s887.upress.link/lessons/,div.wrap>div.videoblk.r>div.ea-pending-approval>p.ea-pending-approval__title,כאן ייכנס וידאו,17,700,False,4.5,"rgb(191,54,12)","rgb(255,224,132)",4.335,FAIL,"backdrop-only screenshot (text ink hidden via color:transparent), 4x4 grid sample per element, darkest-vs-lightest kept, WCAG relative-luminance ratio against the worse extreme"
https://eyalamit-co-il-2026.s887.upress.link/lessons/,main.chapters-main>section.sec.sec--dark>div.wrap.center>h2.h2.r,מה לומדים בפועל,24.65,400,True,3.0,"rgb(255,255,255)","rgb(23,14,7)",19.051,PASS,"backdrop-only screenshot (text ink hidden via color:transparent), 4x4 grid sample per element, darkest-vs-lightest kept, WCAG relative-luminance ratio against the worse extreme"
https://eyalamit-co-il-2026.s887.upress.link/lessons/,main.chapters-main>section.sec.sec--dark>div.wrap.center>div.lead.r,"הלימוד בנוי כתהליך הדרגתי, שבו כל שלב מתבסס על הקו",17,300,False,4.5,"rgb(255,255,255) a=0.82","rgb(22,14,7)",12.859,PASS,"backdrop-only screenshot (text ink hidden via color:transparent), 4x4 grid sample per element, darkest-vs-lightest kept, WCAG relative-luminance ratio against the worse extreme"
https://eyalamit-co-il-2026.s887.upress.link/lessons/,details.dd__item.dd__item--active>summary.dd__sum>span.dd__sum-main>span.dd__tag,שלב 1,11.05,300,False,4.5,"rgb(255,255,255)","rgb(176,95,56)",4.626,PASS,"backdrop-only screenshot (text ink hidden via color:transparent), 4x4 grid sample per element, darkest-vs-lightest kept, WCAG relative-luminance ratio against the worse extreme"
https://eyalamit-co-il-2026.s887.upress.link/lessons/,details.dd__item.dd__item--active>summary.dd__sum>span.dd__sum-main>span.dd__t,הפקת הצליל והיכרות עם הכלי,18.7,600,False,4.5,"rgb(47,32,19)","rgb(255,255,250)",15.661,PASS,"backdrop-only screenshot (text ink hidden via color:transparent), 4x4 grid sample per element, darkest-vs-lightest kept, WCAG relative-luminance ratio against the worse extreme"
https://eyalamit-co-il-2026.s887.upress.link/lessons/,div.dd.r>details.dd__item.dd__item--active>div.dd__body>p,"היכרות עם מבנה הדיג'רידו, עבודה על רטט שפתיים נכון",17,300,False,4.5,"rgb(103,72,45)","rgb(255,255,250)",8.238,PASS,"backdrop-only screenshot (text ink hidden via color:transparent), 4x4 grid sample per element, darkest-vs-lightest kept, WCAG relative-luminance ratio against the worse extreme"
https://eyalamit-co-il-2026.s887.upress.link/lessons/,div.dd.r>details.dd__item.dd__item--active>div.dd__body>p,זהו הבסיס שממנו הכל מתחיל.,17,300,False,4.5,"rgb(103,72,45)","rgb(255,255,250)",8.238,PASS,"backdrop-only screenshot (text ink hidden via color:transparent), 4x4 grid sample per element, darkest-vs-lightest kept, WCAG relative-luminance ratio against the worse extreme"
https://eyalamit-co-il-2026.s887.upress.link/lessons/,details.dd__item>summary.dd__sum>span.dd__sum-main>span.dd__tag,שלב 2,11.05,300,False,4.5,"rgb(255,255,255)","rgb(120,102,81)",5.5,PASS,"backdrop-only screenshot (text ink hidden via color:transparent), 4x4 grid sample per element, darkest-vs-lightest kept, WCAG relative-luminance ratio against the worse extreme"
https://eyalamit-co-il-2026.s887.upress.link/lessons/,details.dd__item>summary.dd__sum>span.dd__sum-main>span.dd__t,פיתוח שליטה במערכת הנשימה,18.7,600,False,4.5,"rgb(47,32,19)","rgb(255,255,250)",15.661,PASS,"backdrop-only screenshot (text ink hidden via color:transparent), 4x4 grid sample per element, darkest-vs-lightest kept, WCAG relative-luminance ratio against the worse extreme"
https://eyalamit-co-il-2026.s887.upress.link/lessons/,div.dd.r>details.dd__item>div.dd__body>p,עבודה הדרגתית על יצירת שליטה וחיזוק של מרכיבי הנשי,17,300,False,4.5,"rgb(103,72,45)","rgb(33,20,10)",2.174,FAIL,"backdrop-only screenshot (text ink hidden via color:transparent), 4x4 grid sample per element, darkest-vs-lightest kept, WCAG relative-luminance ratio against the worse extreme"
https://eyalamit-co-il-2026.s887.upress.link/lessons/,div.dd.r>details.dd__item>div.dd__body>p,"בשלב זה הגוף לומד את הפעולה הנכונה, ונבנית הקואורד",17,300,False,4.5,"rgb(103,72,45)","rgb(36,22,11)",2.128,FAIL,"backdrop-only screenshot (text ink hidden via color:transparent), 4x4 grid sample per element, darkest-vs-lightest kept, WCAG relative-luminance ratio against the worse extreme"
https://eyalamit-co-il-2026.s887.upress.link/lessons/,details.dd__item>summary.dd__sum>span.dd__sum-main>span.dd__tag,שלב 3,11.05,300,False,4.5,"rgb(255,255,255)","rgb(120,102,81)",5.5,PASS,"backdrop-only screenshot (text ink hidden via color:transparent), 4x4 grid sample per element, darkest-vs-lightest kept, WCAG relative-luminance ratio against the worse extreme"
https://eyalamit-co-il-2026.s887.upress.link/lessons/,details.dd__item>summary.dd__sum>span.dd__sum-main>span.dd__t,הטמעת טכניקת הנשימה המעגלית,18.7,600,False,4.5,"rgb(47,32,19)","rgb(255,255,250)",15.661,PASS,"backdrop-only screenshot (text ink hidden via color:transparent), 4x4 grid sample per element, darkest-vs-lightest kept, WCAG relative-luminance ratio against the worse extreme"
https://eyalamit-co-il-2026.s887.upress.link/lessons/,div.dd.r>details.dd__item>div.dd__body>p,"לאחר שנבנית שליטה בסיסית, לומדים להטמיע את טכניקת ",17,300,False,4.5,"rgb(103,72,45)","rgb(36,22,11)",2.128,FAIL,"backdrop-only screenshot (text ink hidden via color:transparent), 4x4 grid sample per element, darkest-vs-lightest kept, WCAG relative-luminance ratio against the worse extreme"
https://eyalamit-co-il-2026.s887.upress.link/lessons/,div.dd.r>details.dd__item>div.dd__body>p,זהו שלב מרכזי בתהליך שבו הכל מתחבר יחד.,17,300,False,4.5,"rgb(103,72,45)","rgb(40,25,12)",2.059,FAIL,"backdrop-only screenshot (text ink hidden via color:transparent), 4x4 grid sample per element, darkest-vs-lightest kept, WCAG relative-luminance ratio against the worse extreme"
https://eyalamit-co-il-2026.s887.upress.link/lessons/,details.dd__item>summary.dd__sum>span.dd__sum-main>span.dd__tag,שלב 4,11.05,300,False,4.5,"rgb(255,255,255)","rgb(120,102,81)",5.5,PASS,"backdrop-only screenshot (text ink hidden via color:transparent), 4x4 grid sample per element, darkest-vs-lightest kept, WCAG relative-luminance ratio against the worse extreme"
https://eyalamit-co-il-2026.s887.upress.link/lessons/,details.dd__item>summary.dd__sum>span.dd__sum-main>span.dd__t,יצירת רצף ושליטה בצליל,18.7,600,False,4.5,"rgb(47,32,19)","rgb(255,255,250)",15.661,PASS,"backdrop-only screenshot (text ink hidden via color:transparent), 4x4 grid sample per element, darkest-vs-lightest kept, WCAG relative-luminance ratio against the worse extreme"
https://eyalamit-co-il-2026.s887.upress.link/lessons/,div.dd.r>details.dd__item>div.dd__body>p,"עבודה על נגינה יציבה, חלקה ורציפה, שליטה בעוצמות ו",17,300,False,4.5,"rgb(103,72,45)","rgb(120,102,81)",1.502,FAIL,"backdrop-only screenshot (text ink hidden via color:transparent), 4x4 grid sample per element, darkest-vs-lightest kept, WCAG relative-luminance ratio against the worse extreme"
https://eyalamit-co-il-2026.s887.upress.link/lessons/,div.dd.r>details.dd__item>div.dd__body>p,בשלב זה רוב התלמידים כבר מגיעים ליכולת נגינה בסיסי,17,300,False,4.5,"rgb(103,72,45)","rgb(42,26,12)",2.031,FAIL,"backdrop-only screenshot (text ink hidden via color:transparent), 4x4 grid sample per element, darkest-vs-lightest kept, WCAG relative-luminance ratio against the worse extreme"
https://eyalamit-co-il-2026.s887.upress.link/lessons/,details.dd__item>summary.dd__sum>span.dd__sum-main>span.dd__tag,המשך התקדמות,11.05,300,False,4.5,"rgb(255,255,255)","rgb(120,102,81)",5.5,PASS,"backdrop-only screenshot (text ink hidden via color:transparent), 4x4 grid sample per element, darkest-vs-lightest kept, WCAG relative-luminance ratio against the worse extreme"
https://eyalamit-co-il-2026.s887.upress.link/lessons/,details.dd__item>summary.dd__sum>span.dd__sum-main>span.dd__t,למי שרוצה להעמיק,18.7,600,False,4.5,"rgb(47,32,19)","rgb(255,255,250)",15.661,PASS,"backdrop-only screenshot (text ink hidden via color:transparent), 4x4 grid sample per element, darkest-vs-lightest kept, WCAG relative-luminance ratio against the worse extreme"
https://eyalamit-co-il-2026.s887.upress.link/lessons/,div.dd.r>details.dd__item>div.dd__body>p,"מי שמעוניין להמשיך, יכול להתקדם לשלבים מתקדמים יות",17,300,False,4.5,"rgb(103,72,45)","rgb(41,26,12)",2.038,FAIL,"backdrop-only screenshot (text ink hidden via color:transparent), 4x4 grid sample per element, darkest-vs-lightest kept, WCAG relative-luminance ratio against the worse extreme"
https://eyalamit-co-il-2026.s887.upress.link/lessons/,div.dd.r>details.dd__item>div.dd__body>p,"ההתקדמות אינה מוגבלת למספר מפגשים קבוע, אלא מתנהלת",17,300,False,4.5,"rgb(103,72,45)","rgb(42,26,12)",2.031,FAIL,"backdrop-only screenshot (text ink hidden via color:transparent), 4x4 grid sample per element, darkest-vs-lightest kept, WCAG relative-luminance ratio against the worse extreme"
https://eyalamit-co-il-2026.s887.upress.link/lessons/,main.chapters-main>section.sec>div.wrap>h2.h2.r,למי זה מתאים,24.65,400,True,3.0,"rgb(47,32,19)","rgb(255,255,250)",15.661,PASS,"backdrop-only screenshot (text ink hidden via color:transparent), 4x4 grid sample per element, darkest-vs-lightest kept, WCAG relative-luminance ratio against the worse extreme"
https://eyalamit-co-il-2026.s887.upress.link/lessons/,section.sec>div.wrap>div.intro-body.r>p,שיעורי הנגינה בדיג'רידו מתאימים לכל מי שרוצה ללמוד,17,300,False,4.5,"rgb(103,72,45)","rgb(255,255,250)",8.238,PASS,"backdrop-only screenshot (text ink hidden via color:transparent), 4x4 grid sample per element, darkest-vs-lightest kept, WCAG relative-luminance ratio against the worse extreme"
https://eyalamit-co-il-2026.s887.upress.link/lessons/,section.sec>div.wrap>div.intro-body.r>p,"הם מתאימים למי שמחפש תהליך לימודי ברור, הדרגתי ומד",17,300,False,4.5,"rgb(103,72,45)","rgb(255,255,250)",8.238,PASS,"backdrop-only screenshot (text ink hidden via color:transparent), 4x4 grid sample per element, darkest-vs-lightest kept, WCAG relative-luminance ratio against the worse extreme"
https://eyalamit-co-il-2026.s887.upress.link/lessons/,section.sec>div.wrap>div.intro-body.r>p,"מתאים למי שמתחבר לעבודה עם הגוף והנשימה, ורוצה לפת",17,300,False,4.5,"rgb(103,72,45)","rgb(255,255,250)",8.238,PASS,"backdrop-only screenshot (text ink hidden via color:transparent), 4x4 grid sample per element, darkest-vs-lightest kept, WCAG relative-luminance ratio against the worse extreme"
https://eyalamit-co-il-2026.s887.upress.link/lessons/,section.sec>div.wrap>div.intro-body.r>p,"בנוסף, השיעורים מתאימים גם למי שכבר התנסה בעבר בדי",17,300,False,4.5,"rgb(103,72,45)","rgb(255,255,250)",8.238,PASS,"backdrop-only screenshot (text ink hidden via color:transparent), 4x4 grid sample per element, darkest-vs-lightest kept, WCAG relative-luminance ratio against the worse extreme"
https://eyalamit-co-il-2026.s887.upress.link/lessons/,section.sec>div.wrap>div.intro-body.r>p,השיעורים מתאימים גם למי שניסה בעבר ללמוד ולא הצליח,17,300,False,4.5,"rgb(103,72,45)","rgb(255,255,250)",8.238,PASS,"backdrop-only screenshot (text ink hidden via color:transparent), 4x4 grid sample per element, darkest-vs-lightest kept, WCAG relative-luminance ratio against the worse extreme"
https://eyalamit-co-il-2026.s887.upress.link/lessons/,section.sec>div.wrap>div.intro-body.r>p,"זה מתאים למי שמחפש ללמוד בצורה מדויקת וברורה, ולא ",17,300,False,4.5,"rgb(103,72,45)","rgb(255,255,250)",8.238,PASS,"backdrop-only screenshot (text ink hidden via color:transparent), 4x4 grid sample per element, darkest-vs-lightest kept, WCAG relative-luminance ratio against the worse extreme"
https://eyalamit-co-il-2026.s887.upress.link/lessons/,main.chapters-main>section.sec>div.wrap>h2.h2.r,למה ללמוד דווקא אצל אייל עמית,24.65,400,True,3.0,"rgb(47,32,19)","rgb(255,255,250)",15.661,PASS,"backdrop-only screenshot (text ink hidden via color:transparent), 4x4 grid sample per element, darkest-vs-lightest kept, WCAG relative-luminance ratio against the worse extreme"
https://eyalamit-co-il-2026.s887.upress.link/lessons/,section.sec>div.wrap>div.intro-body.r>p,הלימוד מבוסס על ניסיון של למעלה משני עשורים בעבודה,17,300,False,4.5,"rgb(103,72,45)","rgb(255,255,250)",8.238,PASS,"backdrop-only screenshot (text ink hidden via color:transparent), 4x4 grid sample per element, darkest-vs-lightest kept, WCAG relative-luminance ratio against the worse extreme"
https://eyalamit-co-il-2026.s887.upress.link/lessons/,section.sec>div.wrap>div.intro-body.r>p,"במהלך השנים פיתח אייל עמית דרך לימוד ייחודית, המבו",17,300,False,4.5,"rgb(103,72,45)","rgb(255,255,250)",8.238,PASS,"backdrop-only screenshot (text ink hidden via color:transparent), 4x4 grid sample per element, darkest-vs-lightest kept, WCAG relative-luminance ratio against the worse extreme"
https://eyalamit-co-il-2026.s887.upress.link/lessons/,div.wrap>div.intro-body.r>p>a.tlink,שיטת cbDIDG,17,300,False,4.5,"rgb(154,79,43)","rgb(255,255,250)",5.936,PASS,"backdrop-only screenshot (text ink hidden via color:transparent), 4x4 grid sample per element, darkest-vs-lightest kept, WCAG relative-luminance ratio against the worse extreme"
https://eyalamit-co-il-2026.s887.upress.link/lessons/,section.sec>div.wrap>div.intro-body.r>p,הדרך הזו נשענת גם על חניכה אישית אצל מוקש - מאסטר ,17,300,False,4.5,"rgb(103,72,45)","rgb(255,255,250)",8.238,PASS,"backdrop-only screenshot (text ink hidden via color:transparent), 4x4 grid sample per element, darkest-vs-lightest kept, WCAG relative-luminance ratio against the worse extreme"
https://eyalamit-co-il-2026.s887.upress.link/lessons/,section.sec>div.wrap>div.intro-body.r>p,"השילוב בין ניסיון רב שנים, למידה ממקור מסורתי והור",17,300,False,4.5,"rgb(103,72,45)","rgb(255,255,250)",8.238,PASS,"backdrop-only screenshot (text ink hidden via color:transparent), 4x4 grid sample per element, darkest-vs-lightest kept, WCAG relative-luminance ratio against the worse extreme"
https://eyalamit-co-il-2026.s887.upress.link/lessons/,section.sec>div.wrap>div.intro-body.r>p,"הדגש הוא לא רק על ללמוד לנגן, אלא על להבין איך לנג",17,300,False,4.5,"rgb(103,72,45)","rgb(255,255,250)",8.238,PASS,"backdrop-only screenshot (text ink hidden via color:transparent), 4x4 grid sample per element, darkest-vs-lightest kept, WCAG relative-luminance ratio against the worse extreme"
https://eyalamit-co-il-2026.s887.upress.link/lessons/,main.chapters-main>section.sec.sec--alt>div.wrap.center>h2.h2.r,המלצות תלמידים,24.65,400,True,3.0,"rgb(47,32,19)","rgb(239,234,225)",13.11,PASS,"backdrop-only screenshot (text ink hidden via color:transparent), 4x4 grid sample per element, darkest-vs-lightest kept, WCAG relative-luminance ratio against the worse extreme"
https://eyalamit-co-il-2026.s887.upress.link/lessons/,div.wrap>div.testi-mq.r>button.testi-mq__btn.testi-mq__btn--right>span,›,25.6,400,True,3.0,"rgb(181,102,61)","rgb(245,241,233)",3.779,PASS,"backdrop-only screenshot (text ink hidden via color:transparent), 4x4 grid sample per element, darkest-vs-lightest kept, WCAG relative-luminance ratio against the worse extreme"
https://eyalamit-co-il-2026.s887.upress.link/lessons/,div.testi-mq__viewport>div.testi-mq__track>figure.tmq>blockquote.tmq__q,"כמו רבים אחרים גם אני חשבתי שאני באה ""ללמוד דיג'רי",17,400,False,4.5,"rgb(47,32,19)","rgb(255,255,255)",15.708,PASS,"backdrop-only screenshot (text ink hidden via color:transparent), 4x4 grid sample per element, darkest-vs-lightest kept, WCAG relative-luminance ratio against the worse extreme"
https://eyalamit-co-il-2026.s887.upress.link/lessons/,div.testi-mq__track>figure.tmq>figcaption.tmq__n>a.tmq__nl,שירי אלקבץ,12.24,500,False,4.5,"rgb(154,79,43)","rgb(255,255,255)",5.954,PASS,"backdrop-only screenshot (text ink hidden via color:transparent), 4x4 grid sample per element, darkest-vs-lightest kept, WCAG relative-luminance ratio against the worse extreme"
https://eyalamit-co-il-2026.s887.upress.link/lessons/,div.testi-mq__viewport>div.testi-mq__track>figure.tmq>blockquote.tmq__q,"אייל עמית הוא המורה שלי לנשימה מעגלית, בין היתר זה",17,400,False,4.5,"rgb(47,32,19)","rgb(255,255,255)",15.708,PASS,"backdrop-only screenshot (text ink hidden via color:transparent), 4x4 grid sample per element, darkest-vs-lightest kept, WCAG relative-luminance ratio against the worse extreme"
https://eyalamit-co-il-2026.s887.upress.link/lessons/,div.testi-mq__track>figure.tmq>figcaption.tmq__n>a.tmq__nl,נוית צוף שטראוס,12.24,500,False,4.5,"rgb(154,79,43)","rgb(255,255,255)",5.954,PASS,"backdrop-only screenshot (text ink hidden via color:transparent), 4x4 grid sample per element, darkest-vs-lightest kept, WCAG relative-luminance ratio against the worse extreme"
https://eyalamit-co-il-2026.s887.upress.link/lessons/,div.testi-mq__viewport>div.testi-mq__track>figure.tmq>blockquote.tmq__q,"היא לא מושלמת בכלל עדיין, והצליל נקטע פה ושם, אבל ",17,400,False,4.5,"rgb(47,32,19)","rgb(255,255,255)",15.708,PASS,"backdrop-only screenshot (text ink hidden via color:transparent), 4x4 grid sample per element, darkest-vs-lightest kept, WCAG relative-luminance ratio against the worse extreme"
https://eyalamit-co-il-2026.s887.upress.link/lessons/,div.testi-mq__track>figure.tmq>figcaption.tmq__n>a.tmq__nl,רותי שליט,12.24,500,False,4.5,"rgb(154,79,43)","rgb(255,255,255)",5.954,PASS,"backdrop-only screenshot (text ink hidden via color:transparent), 4x4 grid sample per element, darkest-vs-lightest kept, WCAG relative-luminance ratio against the worse extreme"
https://eyalamit-co-il-2026.s887.upress.link/lessons/,div.testi-mq__viewport>div.testi-mq__track>figure.tmq>blockquote.tmq__q,"אז המוח שלי קצת משתגע, והלחיים מתחזקות, והשפתיים ל",17,400,False,4.5,"rgb(47,32,19)","rgb(239,234,225)",13.11,PASS,"backdrop-only screenshot (text ink hidden via color:transparent), 4x4 grid sample per element, darkest-vs-lightest kept, WCAG relative-luminance ratio against the worse extreme"
https://eyalamit-co-il-2026.s887.upress.link/lessons/,div.testi-mq__track>figure.tmq>figcaption.tmq__n>a.tmq__nl,ענת קרמנר ויינשטיין,12.24,500,False,4.5,"rgb(154,79,43)","rgb(239,234,225)",4.969,PASS,"backdrop-only screenshot (text ink hidden via color:transparent), 4x4 grid sample per element, darkest-vs-lightest kept, WCAG relative-luminance ratio against the worse extreme"
https://eyalamit-co-il-2026.s887.upress.link/lessons/,div.wrap>div.testi-mq.r>button.testi-mq__btn.testi-mq__btn--left>span,‹,25.6,400,True,3.0,"rgb(181,102,61)","rgb(255,255,250)",4.244,PASS,"backdrop-only screenshot (text ink hidden via color:transparent), 4x4 grid sample per element, darkest-vs-lightest kept, WCAG relative-luminance ratio against the worse extreme"
https://eyalamit-co-il-2026.s887.upress.link/lessons/,main.chapters-main>section.ea-faq-list.ea-faq-list--view-only>div.ea-faq-list__inner>h2.h2.r,שאלות נפוצות,24.65,400,True,3.0,"rgb(47,32,19)","rgb(255,255,250)",15.661,PASS,"backdrop-only screenshot (text ink hidden via color:transparent), 4x4 grid sample per element, darkest-vs-lightest kept, WCAG relative-luminance ratio against the worse extreme"
https://eyalamit-co-il-2026.s887.upress.link/lessons/,div.ea-faq-list__inner>div.ea-faq-category>details.ea-faq-item.ea-entrance>summary.ea-faq-item__question,האם אפשר ללמוד לבד מיוטיוב?,17,500,False,4.5,"rgb(47,32,19)","rgb(255,255,250)",15.661,PASS,"backdrop-only screenshot (text ink hidden via color:transparent), 4x4 grid sample per element, darkest-vs-lightest kept, WCAG relative-luminance ratio against the worse extreme"
https://eyalamit-co-il-2026.s887.upress.link/lessons/,div.ea-faq-category>details.ea-faq-item.ea-entrance>div.ea-faq-item__answer>p,"אפשר, אך ללא משוב טעויות מתקבעות, התסכול גדל ורבים",17,300,False,4.5,"rgb(138,90,68)","rgb(255,255,250)",5.773,PASS,"backdrop-only screenshot (text ink hidden via color:transparent), 4x4 grid sample per element, darkest-vs-lightest kept, WCAG relative-luminance ratio against the worse extreme"
https://eyalamit-co-il-2026.s887.upress.link/lessons/,div.ea-faq-category>details.ea-faq-item.ea-entrance>div.ea-faq-item__answer>p,ליווי אישי מאפשר תיקון בזמן אמת והתקדמות מדויקת.,17,300,False,4.5,"rgb(138,90,68)","rgb(255,255,250)",5.773,PASS,"backdrop-only screenshot (text ink hidden via color:transparent), 4x4 grid sample per element, darkest-vs-lightest kept, WCAG relative-luminance ratio against the worse extreme"
https://eyalamit-co-il-2026.s887.upress.link/lessons/,div.ea-faq-list__inner>div.ea-faq-category>details.ea-faq-item.ea-entrance>summary.ea-faq-item__question,האם עדיף ללמוד בקבוצה או פרטי?,17,500,False,4.5,"rgb(47,32,19)","rgb(255,255,250)",15.661,PASS,"backdrop-only screenshot (text ink hidden via color:transparent), 4x4 grid sample per element, darkest-vs-lightest kept, WCAG relative-luminance ratio against the worse extreme"
https://eyalamit-co-il-2026.s887.upress.link/lessons/,div.ea-faq-category>details.ea-faq-item.ea-entrance>div.ea-faq-item__answer>p,לימוד בקבוצה מתקדם בקצב אחיד ולא מאפשר התאמה אישית,17,300,False,4.5,"rgb(138,90,68)","rgb(255,255,250)",5.773,PASS,"backdrop-only screenshot (text ink hidden via color:transparent), 4x4 grid sample per element, darkest-vs-lightest kept, WCAG relative-luminance ratio against the worse extreme"
https://eyalamit-co-il-2026.s887.upress.link/lessons/,div.ea-faq-category>details.ea-faq-item.ea-entrance>div.ea-faq-item__answer>p,בשיעור פרטי ההתקדמות מהירה ומדויקת יותר בעשרות אחו,17,300,False,4.5,"rgb(138,90,68)","rgb(255,255,250)",5.773,PASS,"backdrop-only screenshot (text ink hidden via color:transparent), 4x4 grid sample per element, darkest-vs-lightest kept, WCAG relative-luminance ratio against the worse extreme"
https://eyalamit-co-il-2026.s887.upress.link/lessons/,div.ea-faq-list__inner>div.ea-faq-category>details.ea-faq-item.ea-entrance>summary.ea-faq-item__question,האם זה מתאים למי שניסה בעבר ולא הצליח?,17,500,False,4.5,"rgb(47,32,19)","rgb(255,255,250)",15.661,PASS,"backdrop-only screenshot (text ink hidden via color:transparent), 4x4 grid sample per element, darkest-vs-lightest kept, WCAG relative-luminance ratio against the worse extreme"
https://eyalamit-co-il-2026.s887.upress.link/lessons/,div.ea-faq-category>details.ea-faq-item.ea-entrance>div.ea-faq-item__answer>p,כן. למידה מסודרת עם ליווי אישי מאפשרת התקדמות אמית,17,300,False,4.5,"rgb(138,90,68)","rgb(255,255,250)",5.773,PASS,"backdrop-only screenshot (text ink hidden via color:transparent), 4x4 grid sample per element, darkest-vs-lightest kept, WCAG relative-luminance ratio against the worse extreme"
https://eyalamit-co-il-2026.s887.upress.link/lessons/,div.ea-faq-list__inner>div.ea-faq-category>details.ea-faq-item.ea-entrance>summary.ea-faq-item__question,האם אפשר ללמוד על כיסא?,17,500,False,4.5,"rgb(47,32,19)","rgb(255,255,250)",15.661,PASS,"backdrop-only screenshot (text ink hidden via color:transparent), 4x4 grid sample per element, darkest-vs-lightest kept, WCAG relative-luminance ratio against the worse extreme"
https://eyalamit-co-il-2026.s887.upress.link/lessons/,div.ea-faq-category>details.ea-faq-item.ea-entrance>div.ea-faq-item__answer>p,כן. ניתן ללמוד במגוון מנחים בהתאם לנוחות הגוף.,17,300,False,4.5,"rgb(138,90,68)","rgb(255,255,250)",5.773,PASS,"backdrop-only screenshot (text ink hidden via color:transparent), 4x4 grid sample per element, darkest-vs-lightest kept, WCAG relative-luminance ratio against the worse extreme"
https://eyalamit-co-il-2026.s887.upress.link/lessons/,div.ea-faq-list__inner>div.ea-faq-category>details.ea-faq-item.ea-entrance>summary.ea-faq-item__question,האם יש מגבלת גיל?,17,500,False,4.5,"rgb(47,32,19)","rgb(255,255,250)",15.661,PASS,"backdrop-only screenshot (text ink hidden via color:transparent), 4x4 grid sample per element, darkest-vs-lightest kept, WCAG relative-luminance ratio against the worse extreme"
https://eyalamit-co-il-2026.s887.upress.link/lessons/,div.ea-faq-category>details.ea-faq-item.ea-entrance>div.ea-faq-item__answer>p,השיעורים מיועדים מגיל 17 ומעלה.,17,300,False,4.5,"rgb(138,90,68)","rgb(255,255,250)",5.773,PASS,"backdrop-only screenshot (text ink hidden via color:transparent), 4x4 grid sample per element, darkest-vs-lightest kept, WCAG relative-luminance ratio against the worse extreme"
https://eyalamit-co-il-2026.s887.upress.link/lessons/,div.ea-faq-list__inner>div.ea-faq-category>details.ea-faq-item.ea-entrance>summary.ea-faq-item__question,האם אפשר בזמן הריון?,17,500,False,4.5,"rgb(47,32,19)","rgb(255,255,250)",15.661,PASS,"backdrop-only screenshot (text ink hidden via color:transparent), 4x4 grid sample per element, darkest-vs-lightest kept, WCAG relative-luminance ratio against the worse extreme"
https://eyalamit-co-il-2026.s887.upress.link/lessons/,div.ea-faq-category>details.ea-faq-item.ea-entrance>div.ea-faq-item__answer>p,לא מומלץ.,17,300,False,4.5,"rgb(138,90,68)","rgb(255,255,250)",5.773,PASS,"backdrop-only screenshot (text ink hidden via color:transparent), 4x4 grid sample per element, darkest-vs-lightest kept, WCAG relative-luminance ratio against the worse extreme"
https://eyalamit-co-il-2026.s887.upress.link/lessons/,details.ea-faq-item.ea-entrance>div.ea-faq-item__answer>p>a.tlink,קראו עוד,17,300,False,4.5,"rgb(154,79,43)","rgb(255,255,250)",5.936,PASS,"backdrop-only screenshot (text ink hidden via color:transparent), 4x4 grid sample per element, darkest-vs-lightest kept, WCAG relative-luminance ratio against the worse extreme"
https://eyalamit-co-il-2026.s887.upress.link/lessons/,div.ea-faq-list__inner>div.ea-faq-category>details.ea-faq-item.ea-entrance>summary.ea-faq-item__question,יש לי בעיה בריאותית,17,500,False,4.5,"rgb(47,32,19)","rgb(255,255,250)",15.661,PASS,"backdrop-only screenshot (text ink hidden via color:transparent), 4x4 grid sample per element, darkest-vs-lightest kept, WCAG relative-luminance ratio against the worse extreme"
https://eyalamit-co-il-2026.s887.upress.link/lessons/,div.ea-faq-category>details.ea-faq-item.ea-entrance>div.ea-faq-item__answer>p,שיעורים אינם טיפוליים.,17,300,False,4.5,"rgb(138,90,68)","rgb(255,255,250)",5.773,PASS,"backdrop-only screenshot (text ink hidden via color:transparent), 4x4 grid sample per element, darkest-vs-lightest kept, WCAG relative-luminance ratio against the worse extreme"
https://eyalamit-co-il-2026.s887.upress.link/lessons/,div.ea-faq-category>details.ea-faq-item.ea-entrance>div.ea-faq-item__answer>p,פנו למסלול של טיפול בדיג'רידו,17,300,False,4.5,"rgb(138,90,68)","rgb(255,255,250)",5.773,PASS,"backdrop-only screenshot (text ink hidden via color:transparent), 4x4 grid sample per element, darkest-vs-lightest kept, WCAG relative-luminance ratio against the worse extreme"
https://eyalamit-co-il-2026.s887.upress.link/lessons/,details.ea-faq-item.ea-entrance>div.ea-faq-item__answer>p>a.tlink,טיפול בדיג'רידו,17,300,False,4.5,"rgb(154,79,43)","rgb(255,255,250)",5.936,PASS,"backdrop-only screenshot (text ink hidden via color:transparent), 4x4 grid sample per element, darkest-vs-lightest kept, WCAG relative-luminance ratio against the worse extreme"
https://eyalamit-co-il-2026.s887.upress.link/lessons/,div.ea-faq-list__inner>div.ea-faq-category>details.ea-faq-item.ea-entrance>summary.ea-faq-item__question,האם יש שיעור ניסיון?,17,500,False,4.5,"rgb(47,32,19)","rgb(255,255,250)",15.661,PASS,"backdrop-only screenshot (text ink hidden via color:transparent), 4x4 grid sample per element, darkest-vs-lightest kept, WCAG relative-luminance ratio against the worse extreme"
https://eyalamit-co-il-2026.s887.upress.link/lessons/,div.ea-faq-category>details.ea-faq-item.ea-entrance>div.ea-faq-item__answer>p,כן. ניתן להגיע ללא התחייבות.,17,300,False,4.5,"rgb(138,90,68)","rgb(255,255,250)",5.773,PASS,"backdrop-only screenshot (text ink hidden via color:transparent), 4x4 grid sample per element, darkest-vs-lightest kept, WCAG relative-luminance ratio against the worse extreme"
https://eyalamit-co-il-2026.s887.upress.link/lessons/,main.chapters-main>section.sec>div.wrap>h2.h2.r,אודות אייל עמית,24.65,400,True,3.0,"rgb(47,32,19)","rgb(255,255,250)",15.661,PASS,"backdrop-only screenshot (text ink hidden via color:transparent), 4x4 grid sample per element, darkest-vs-lightest kept, WCAG relative-luminance ratio against the worse extreme"
https://eyalamit-co-il-2026.s887.upress.link/lessons/,section.sec>div.wrap>div.intro-body.r>p,"אייל עמית עוסק בעבודה עם דיג'רידו מאז 1999, והוא מ",17,300,False,4.5,"rgb(103,72,45)","rgb(255,255,250)",8.238,PASS,"backdrop-only screenshot (text ink hidden via color:transparent), 4x4 grid sample per element, darkest-vs-lightest kept, WCAG relative-luminance ratio against the worse extreme"
https://eyalamit-co-il-2026.s887.upress.link/lessons/,section.sec>div.wrap>div.intro-body.r>p,"את המרכז לטיפול בנשימה באמצעות דיג'רידו בפרדס חנה,",17,300,False,4.5,"rgb(103,72,45)","rgb(255,255,250)",8.238,PASS,"backdrop-only screenshot (text ink hidden via color:transparent), 4x4 grid sample per element, darkest-vs-lightest kept, WCAG relative-luminance ratio against the worse extreme"
https://eyalamit-co-il-2026.s887.upress.link/lessons/,section.sec>div.wrap>div.intro-body.r>p,"לאורך השנים ליווה מאות אנשים בתהליכים אישיים, ופית",17,300,False,4.5,"rgb(103,72,45)","rgb(255,255,250)",8.238,PASS,"backdrop-only screenshot (text ink hidden via color:transparent), 4x4 grid sample per element, darkest-vs-lightest kept, WCAG relative-luminance ratio against the worse extreme"
https://eyalamit-co-il-2026.s887.upress.link/lessons/,div.wrap>div.intro-body.r>p>a.tlink,לקריאה נוספת על אייל עמית,17,300,False,4.5,"rgb(154,79,43)","rgb(255,255,250)",5.936,PASS,"backdrop-only screenshot (text ink hidden via color:transparent), 4x4 grid sample per element, darkest-vs-lightest kept, WCAG relative-luminance ratio against the worse extreme"
https://eyalamit-co-il-2026.s887.upress.link/lessons/,section.cta-band.cta-band--row>div.cta-band__in>div.cta-band__txt.r>p.cta-band__p,"אם זה מסקרן אותך, הדרך הכי טובה להבין אם זה מתאים ",17,300,False,4.5,"rgb(255,255,255) a=0.82","rgb(94,83,74)",5.676,PASS,"backdrop-only screenshot (text ink hidden via color:transparent), 4x4 grid sample per element, darkest-vs-lightest kept, WCAG relative-luminance ratio against the worse extreme"
https://eyalamit-co-il-2026.s887.upress.link/lessons/,section.cta-band.cta-band--row>div.cta-band__in>div.cta-band__act.r>a.btn.btn--terra,לתיאום שיעור ראשון,15.3,500,False,4.5,"rgb(255,255,255)","rgb(176,95,56)",4.626,PASS,"backdrop-only screenshot (text ink hidden via color:transparent), 4x4 grid sample per element, darkest-vs-lightest kept, WCAG relative-luminance ratio against the worse extreme"
https://eyalamit-co-il-2026.s887.upress.link/lessons/,footer.foot>div.foot__in>div>p.foot__col-title,מה מציעים,11.05,500,False,4.5,"rgb(208,138,94)","rgb(14,9,5)",7.056,PASS,"backdrop-only screenshot (text ink hidden via color:transparent), 4x4 grid sample per element, darkest-vs-lightest kept, WCAG relative-luminance ratio against the worse extreme"
https://eyalamit-co-il-2026.s887.upress.link/lessons/,footer.foot>div.foot__in>div>a,טיפול בדיג׳רידו,13.6,300,False,4.5,"rgb(255,255,255) a=0.60","rgb(14,9,5)",7.298,PASS,"backdrop-only screenshot (text ink hidden via color:transparent), 4x4 grid sample per element, darkest-vs-lightest kept, WCAG relative-luminance ratio against the worse extreme"
https://eyalamit-co-il-2026.s887.upress.link/lessons/,footer.foot>div.foot__in>div>a,שיעורי דיג׳רידו,13.6,300,False,4.5,"rgb(255,255,255) a=0.60","rgb(14,9,5)",7.298,PASS,"backdrop-only screenshot (text ink hidden via color:transparent), 4x4 grid sample per element, darkest-vs-lightest kept, WCAG relative-luminance ratio against the worse extreme"
https://eyalamit-co-il-2026.s887.upress.link/lessons/,footer.foot>div.foot__in>div>a,סאונד הילינג,13.6,300,False,4.5,"rgb(255,255,255) a=0.60","rgb(14,9,5)",7.298,PASS,"backdrop-only screenshot (text ink hidden via color:transparent), 4x4 grid sample per element, darkest-vs-lightest kept, WCAG relative-luminance ratio against the worse extreme"
https://eyalamit-co-il-2026.s887.upress.link/lessons/,footer.foot>div.foot__in>div>a,השיטה cbDIDG,13.6,300,False,4.5,"rgb(255,255,255) a=0.60","rgb(14,9,5)",7.298,PASS,"backdrop-only screenshot (text ink hidden via color:transparent), 4x4 grid sample per element, darkest-vs-lightest kept, WCAG relative-luminance ratio against the worse extreme"
https://eyalamit-co-il-2026.s887.upress.link/lessons/,footer.foot>div.foot__in>div>p.foot__col-title,עוד,11.05,500,False,4.5,"rgb(208,138,94)","rgb(14,9,5)",7.056,PASS,"backdrop-only screenshot (text ink hidden via color:transparent), 4x4 grid sample per element, darkest-vs-lightest kept, WCAG relative-luminance ratio against the worse extreme"
https://eyalamit-co-il-2026.s887.upress.link/lessons/,footer.foot>div.foot__in>div>a,בלוג,13.6,300,False,4.5,"rgb(255,255,255) a=0.60","rgb(14,9,5)",7.298,PASS,"backdrop-only screenshot (text ink hidden via color:transparent), 4x4 grid sample per element, darkest-vs-lightest kept, WCAG relative-luminance ratio against the worse extreme"
https://eyalamit-co-il-2026.s887.upress.link/lessons/,footer.foot>div.foot__in>div>a,ספרים · מוזה,13.6,300,False,4.5,"rgb(255,255,255) a=0.60","rgb(14,9,5)",7.298,PASS,"backdrop-only screenshot (text ink hidden via color:transparent), 4x4 grid sample per element, darkest-vs-lightest kept, WCAG relative-luminance ratio against the worse extreme"
https://eyalamit-co-il-2026.s887.upress.link/lessons/,footer.foot>div.foot__in>div>a,אודות אייל,13.6,300,False,4.5,"rgb(255,255,255) a=0.60","rgb(14,9,5)",7.298,PASS,"backdrop-only screenshot (text ink hidden via color:transparent), 4x4 grid sample per element, darkest-vs-lightest kept, WCAG relative-luminance ratio against the worse extreme"
https://eyalamit-co-il-2026.s887.upress.link/lessons/,footer.foot>div.foot__in>div>a,צור קשר,13.6,300,False,4.5,"rgb(255,255,255) a=0.60","rgb(14,9,5)",7.298,PASS,"backdrop-only screenshot (text ink hidden via color:transparent), 4x4 grid sample per element, darkest-vs-lightest kept, WCAG relative-luminance ratio against the worse extreme"
https://eyalamit-co-il-2026.s887.upress.link/lessons/,footer.foot>div.foot__in>div.foot__brand>b,המרכז לטיפול בנשימה באמצעות דיג׳רידו,21.25,700,True,3.0,"rgb(255,255,255)","rgb(39,34,31)",15.732,PASS,"backdrop-only screenshot (text ink hidden via color:transparent), 4x4 grid sample per element, darkest-vs-lightest kept, WCAG relative-luminance ratio against the worse extreme"
https://eyalamit-co-il-2026.s887.upress.link/lessons/,footer.foot>div.foot__in>div.foot__brand>p,"פרדס חנה, ישראל. שיטת cbDIDG, מאז 1999.",13.6,300,False,4.5,"rgb(255,255,255) a=0.45","rgb(14,9,5)",4.496,FAIL,"backdrop-only screenshot (text ink hidden via color:transparent), 4x4 grid sample per element, darkest-vs-lightest kept, WCAG relative-luminance ratio against the worse extreme"
https://eyalamit-co-il-2026.s887.upress.link/lessons/,footer.foot>div.foot__in>div.foot__brand>p.foot__nap,"רח' עמל 8 ב', פרדס חנה-כרכור",13.6,300,False,4.5,"rgb(255,255,255) a=0.45","rgb(14,9,5)",4.496,FAIL,"backdrop-only screenshot (text ink hidden via color:transparent), 4x4 grid sample per element, darkest-vs-lightest kept, WCAG relative-luminance ratio against the worse extreme"
https://eyalamit-co-il-2026.s887.upress.link/lessons/,div.foot__in>div.foot__brand>p.foot__tel>a,052-4822842,13.6,300,False,4.5,"rgb(255,255,255) a=0.60","rgb(14,9,5)",7.298,PASS,"backdrop-only screenshot (text ink hidden via color:transparent), 4x4 grid sample per element, darkest-vs-lightest kept, WCAG relative-luminance ratio against the worse extreme"
https://eyalamit-co-il-2026.s887.upress.link/lessons/,body.rtl.wp-singular>footer.foot>div.foot__legal>p.foot__disc,"המידע באתר זה אינו מהווה ייעוץ רפואי, אבחון או טיפ",12.24,300,False,4.5,"rgb(255,255,255) a=0.62","rgb(14,9,5)",7.744,PASS,"backdrop-only screenshot (text ink hidden via color:transparent), 4x4 grid sample per element, darkest-vs-lightest kept, WCAG relative-luminance ratio against the worse extreme"
https://eyalamit-co-il-2026.s887.upress.link/lessons/,body.rtl.wp-singular>footer.foot>div.foot__legal>p.foot__base,© 2026 אייל עמית · כל הזכויות שמורות · הצהרת נגישו,12.24,300,False,4.5,"rgb(255,255,255) a=0.62","rgb(14,9,5)",7.744,PASS,"backdrop-only screenshot (text ink hidden via color:transparent), 4x4 grid sample per element, darkest-vs-lightest kept, WCAG relative-luminance ratio against the worse extreme"
https://eyalamit-co-il-2026.s887.upress.link/lessons/,footer.foot>div.foot__legal>p.foot__base>a,הצהרת נגישות,13.6,300,False,4.5,"rgb(255,255,255) a=0.55","rgb(14,9,5)",6.258,PASS,"backdrop-only screenshot (text ink hidden via color:transparent), 4x4 grid sample per element, darkest-vs-lightest kept, WCAG relative-luminance ratio against the worse extreme"
https://eyalamit-co-il-2026.s887.upress.link/lessons/,footer.foot>div.foot__legal>p.foot__base>a,מדיניות פרטיות,13.6,300,False,4.5,"rgb(255,255,255) a=0.55","rgb(14,9,5)",6.258,PASS,"backdrop-only screenshot (text ink hidden via color:transparent), 4x4 grid sample per element, darkest-vs-lightest kept, WCAG relative-luminance ratio against the worse extreme"
https://eyalamit-co-il-2026.s887.upress.link/sound-healing/,nav.nav>ul.nav__l>li>a.nav__dd,טיפול בדיג׳רידו▾,18.36,400,False,4.5,"rgb(255,255,255) a=0.82","rgb(74,71,59)",6.91,PASS,"backdrop-only screenshot (text ink hidden via color:transparent), 4x4 grid sample per element, darkest-vs-lightest kept, WCAG relative-luminance ratio against the worse extreme"
https://eyalamit-co-il-2026.s887.upress.link/sound-healing/,ul.nav__l>li>a.nav__dd>span.nav__caret,▾,11.02,400,False,4.5,"rgb(255,255,255) a=0.82","rgb(82,80,59)",6.151,PASS,"backdrop-only screenshot (text ink hidden via color:transparent), 4x4 grid sample per element, darkest-vs-lightest kept, WCAG relative-luminance ratio against the worse extreme"
https://eyalamit-co-il-2026.s887.upress.link/sound-healing/,nav.nav>ul.nav__l>li>a,השיטה,18.36,400,False,4.5,"rgb(255,255,255) a=0.82","rgb(83,82,67)",5.973,PASS,"backdrop-only screenshot (text ink hidden via color:transparent), 4x4 grid sample per element, darkest-vs-lightest kept, WCAG relative-luminance ratio against the worse extreme"
https://eyalamit-co-il-2026.s887.upress.link/sound-healing/,nav.nav>ul.nav__l>li>a,שיעורי דיג׳רידו,18.36,400,False,4.5,"rgb(255,255,255) a=0.82","rgb(53,55,41)",8.746,PASS,"backdrop-only screenshot (text ink hidden via color:transparent), 4x4 grid sample per element, darkest-vs-lightest kept, WCAG relative-luminance ratio against the worse extreme"
https://eyalamit-co-il-2026.s887.upress.link/sound-healing/,nav.nav>ul.nav__l>li>a,סאונד הילינג,18.36,400,False,4.5,"rgb(255,255,255) a=0.82","rgb(63,67,47)",7.505,PASS,"backdrop-only screenshot (text ink hidden via color:transparent), 4x4 grid sample per element, darkest-vs-lightest kept, WCAG relative-luminance ratio against the worse extreme"
https://eyalamit-co-il-2026.s887.upress.link/sound-healing/,nav.nav>ul.nav__l>li>button.nav__dd,לימוד והכשרה▾,18.36,400,False,4.5,"rgb(255,255,255) a=0.82","rgb(69,60,52)",7.868,PASS,"backdrop-only screenshot (text ink hidden via color:transparent), 4x4 grid sample per element, darkest-vs-lightest kept, WCAG relative-luminance ratio against the worse extreme"
https://eyalamit-co-il-2026.s887.upress.link/sound-healing/,ul.nav__l>li>button.nav__dd>span.nav__caret,▾,11.02,400,False,4.5,"rgb(255,255,255) a=0.82","rgb(57,50,37)",9.084,PASS,"backdrop-only screenshot (text ink hidden via color:transparent), 4x4 grid sample per element, darkest-vs-lightest kept, WCAG relative-luminance ratio against the worse extreme"
https://eyalamit-co-il-2026.s887.upress.link/sound-healing/,nav.nav>ul.nav__l>li>a.nav__dd,כלים ואביזרים▾,18.36,400,False,4.5,"rgb(255,255,255) a=0.82","rgb(80,70,61)",6.83,PASS,"backdrop-only screenshot (text ink hidden via color:transparent), 4x4 grid sample per element, darkest-vs-lightest kept, WCAG relative-luminance ratio against the worse extreme"
https://eyalamit-co-il-2026.s887.upress.link/sound-healing/,ul.nav__l>li>a.nav__dd>span.nav__caret,▾,11.02,400,False,4.5,"rgb(255,255,255) a=0.82","rgb(80,75,72)",6.44,PASS,"backdrop-only screenshot (text ink hidden via color:transparent), 4x4 grid sample per element, darkest-vs-lightest kept, WCAG relative-luminance ratio against the worse extreme"
https://eyalamit-co-il-2026.s887.upress.link/sound-healing/,nav.nav>ul.nav__l>li>a.nav__dd,ספרים▾,18.36,400,False,4.5,"rgb(255,255,255) a=0.82","rgb(62,63,51)",7.817,PASS,"backdrop-only screenshot (text ink hidden via color:transparent), 4x4 grid sample per element, darkest-vs-lightest kept, WCAG relative-luminance ratio against the worse extreme"
https://eyalamit-co-il-2026.s887.upress.link/sound-healing/,ul.nav__l>li>a.nav__dd>span.nav__caret,▾,11.02,400,False,4.5,"rgb(255,255,255) a=0.82","rgb(33,35,20)",11.108,PASS,"backdrop-only screenshot (text ink hidden via color:transparent), 4x4 grid sample per element, darkest-vs-lightest kept, WCAG relative-luminance ratio against the worse extreme"
https://eyalamit-co-il-2026.s887.upress.link/sound-healing/,nav.nav>ul.nav__l>li>a,בלוג דיג׳רידו,18.36,400,False,4.5,"rgb(255,255,255) a=0.82","rgb(57,61,38)",8.163,PASS,"backdrop-only screenshot (text ink hidden via color:transparent), 4x4 grid sample per element, darkest-vs-lightest kept, WCAG relative-luminance ratio against the worse extreme"
https://eyalamit-co-il-2026.s887.upress.link/sound-healing/,nav.nav>ul.nav__l>li>button.nav__dd,אייל עמית▾,18.36,400,False,4.5,"rgb(255,255,255) a=0.82","rgb(112,109,106)",4.074,FAIL,"backdrop-only screenshot (text ink hidden via color:transparent), 4x4 grid sample per element, darkest-vs-lightest kept, WCAG relative-luminance ratio against the worse extreme"
https://eyalamit-co-il-2026.s887.upress.link/sound-healing/,ul.nav__l>li>button.nav__dd>span.nav__caret,▾,11.02,400,False,4.5,"rgb(255,255,255) a=0.82","rgb(63,56,34)",8.439,PASS,"backdrop-only screenshot (text ink hidden via color:transparent), 4x4 grid sample per element, darkest-vs-lightest kept, WCAG relative-luminance ratio against the worse extreme"
https://eyalamit-co-il-2026.s887.upress.link/sound-healing/,nav.nav>ul.nav__l>li>a,צור קשר,18.36,400,False,4.5,"rgb(255,255,255) a=0.82","rgb(92,87,77)",5.48,PASS,"backdrop-only screenshot (text ink hidden via color:transparent), 4x4 grid sample per element, darkest-vs-lightest kept, WCAG relative-luminance ratio against the worse extreme"
https://eyalamit-co-il-2026.s887.upress.link/sound-healing/,body.rtl.wp-singular>nav.nav>div.nav__r>a.nav__en,EN,12.24,300,False,4.5,"rgb(255,255,255) a=0.85","rgb(91,88,59)",5.78,PASS,"backdrop-only screenshot (text ink hidden via color:transparent), 4x4 grid sample per element, darkest-vs-lightest kept, WCAG relative-luminance ratio against the worse extreme"
https://eyalamit-co-il-2026.s887.upress.link/sound-healing/,main.chapters-main>header.phero.phero--media>div.phero__in>span.chap,סאונד הילינג,11.05,500,False,4.5,"rgb(208,138,94)","rgb(163,159,154)",1.067,FAIL,"backdrop-only screenshot (text ink hidden via color:transparent), 4x4 grid sample per element, darkest-vs-lightest kept, WCAG relative-luminance ratio against the worse extreme"
https://eyalamit-co-il-2026.s887.upress.link/sound-healing/,main.chapters-main>header.phero.phero--media>div.phero__in>h1.phero__h,סאונד הילינג פרטי בדיג'רידו -מסע אישי בצליל ותדר ל,44.2,300,True,3.0,"rgb(255,255,255)","rgb(137,132,130)",3.693,PASS,"backdrop-only screenshot (text ink hidden via color:transparent), 4x4 grid sample per element, darkest-vs-lightest kept, WCAG relative-luminance ratio against the worse extreme"
https://eyalamit-co-il-2026.s887.upress.link/sound-healing/,main.chapters-main>header.phero.phero--media>div.phero__in>p.phero__s,"מסע אישי ופרטי בצלילים ותדרים, שבו הרטט נע בגוף כמ",19.55,300,False,4.5,"rgb(255,255,255) a=0.86","rgb(108,100,91)",4.809,PASS,"backdrop-only screenshot (text ink hidden via color:transparent), 4x4 grid sample per element, darkest-vs-lightest kept, WCAG relative-luminance ratio against the worse extreme"
https://eyalamit-co-il-2026.s887.upress.link/sound-healing/,header.phero.phero--media>div.phero__in>p.phero__cta>a.btn.btn--gw,לתיאום שיחת היכרות,15.3,500,False,4.5,"rgb(255,255,255)","rgb(68,64,64)",10.228,PASS,"backdrop-only screenshot (text ink hidden via color:transparent), 4x4 grid sample per element, darkest-vs-lightest kept, WCAG relative-luminance ratio against the worse extreme"
https://eyalamit-co-il-2026.s887.upress.link/sound-healing/,section.sec>div.wrap>div.intro-body.r>p,סאונד הילינג בדיג'רידו הוא מפגש פרטי ליחיד או לזוג,17,300,False,4.5,"rgb(103,72,45)","rgb(255,255,250)",8.238,PASS,"backdrop-only screenshot (text ink hidden via color:transparent), 4x4 grid sample per element, darkest-vs-lightest kept, WCAG relative-luminance ratio against the worse extreme"
https://eyalamit-co-il-2026.s887.upress.link/sound-healing/,section.sec>div.wrap>div.intro-body.r>p,"בניגוד לרוב מפגשי הסאונד הילינג המתקיימים בקבוצות,",17,300,False,4.5,"rgb(103,72,45)","rgb(255,255,250)",8.238,PASS,"backdrop-only screenshot (text ink hidden via color:transparent), 4x4 grid sample per element, darkest-vs-lightest kept, WCAG relative-luminance ratio against the worse extreme"
https://eyalamit-co-il-2026.s887.upress.link/sound-healing/,section.sec>div.wrap>div.intro-body.r>p,במהלך המפגש שוכבים בנוחות – תחילה על מזרן ולאחר מכ,17,300,False,4.5,"rgb(103,72,45)","rgb(255,255,250)",8.238,PASS,"backdrop-only screenshot (text ink hidden via color:transparent), 4x4 grid sample per element, darkest-vs-lightest kept, WCAG relative-luminance ratio against the worse extreme"
https://eyalamit-co-il-2026.s887.upress.link/sound-healing/,section.sec>div.wrap>div.intro-body.r>p,"הדיג'רידו עומד במרכז המפגש, אך אינו הכלי היחיד. סב",17,300,False,4.5,"rgb(103,72,45)","rgb(255,255,250)",8.238,PASS,"backdrop-only screenshot (text ink hidden via color:transparent), 4x4 grid sample per element, darkest-vs-lightest kept, WCAG relative-luminance ratio against the worse extreme"
https://eyalamit-co-il-2026.s887.upress.link/sound-healing/,section.sec>div.wrap>div.intro-body.r>p,"עבור רבים, זהו זמן שמאפשר לעצור, להיזכר ולפגוש משה",17,300,False,4.5,"rgb(103,72,45)","rgb(255,255,250)",8.238,PASS,"backdrop-only screenshot (text ink hidden via color:transparent), 4x4 grid sample per element, darkest-vs-lightest kept, WCAG relative-luminance ratio against the worse extreme"
https://eyalamit-co-il-2026.s887.upress.link/sound-healing/,section.sec>div.wrap>div.intro-body.r>p,"מפגש סאונד הילינג אינטימי, עמוק ועוצמתי, המאפשר הת",17,300,False,4.5,"rgb(103,72,45)","rgb(255,255,250)",8.238,PASS,"backdrop-only screenshot (text ink hidden via color:transparent), 4x4 grid sample per element, darkest-vs-lightest kept, WCAG relative-luminance ratio against the worse extreme"
https://eyalamit-co-il-2026.s887.upress.link/sound-healing/,div.wrap>div.split2>div.r.in>h2.h2,מה זה סאונד הילינג?,24.65,400,True,3.0,"rgb(47,32,19)","rgb(255,255,250)",15.661,PASS,"backdrop-only screenshot (text ink hidden via color:transparent), 4x4 grid sample per element, darkest-vs-lightest kept, WCAG relative-luminance ratio against the worse extreme"
https://eyalamit-co-il-2026.s887.upress.link/sound-healing/,div.split2>div.r.in>div.intro-body>p,סאונד הילינג בדיג'רידו הוא מפגש פרטי ליחיד או לזוג,17,300,False,4.5,"rgb(103,72,45)","rgb(255,255,250)",8.238,PASS,"backdrop-only screenshot (text ink hidden via color:transparent), 4x4 grid sample per element, darkest-vs-lightest kept, WCAG relative-luminance ratio against the worse extreme"
https://eyalamit-co-il-2026.s887.upress.link/sound-healing/,div.split2>div.r.in>div.intro-body>p,"הצליל אינו רק נשמע, אלא מורגש בגוף, נע בתוכו ויוצר",17,300,False,4.5,"rgb(103,72,45)","rgb(255,255,250)",8.238,PASS,"backdrop-only screenshot (text ink hidden via color:transparent), 4x4 grid sample per element, darkest-vs-lightest kept, WCAG relative-luminance ratio against the worse extreme"
https://eyalamit-co-il-2026.s887.upress.link/sound-healing/,div.split2>div.r.in>div.intro-body>p,"זהו מפגש פאסיבי מצד מי שמגיע – אין צורך לנגן, לעשו",17,300,False,4.5,"rgb(103,72,45)","rgb(255,255,250)",8.238,PASS,"backdrop-only screenshot (text ink hidden via color:transparent), 4x4 grid sample per element, darkest-vs-lightest kept, WCAG relative-luminance ratio against the worse extreme"
https://eyalamit-co-il-2026.s887.upress.link/sound-healing/,main.chapters-main>section.sec>div.wrap>h2.h2.r,מה מיוחד בסאונד הילינג של אייל עמית?,24.65,400,True,3.0,"rgb(47,32,19)","rgb(255,255,250)",15.661,PASS,"backdrop-only screenshot (text ink hidden via color:transparent), 4x4 grid sample per element, darkest-vs-lightest kept, WCAG relative-luminance ratio against the worse extreme"
https://eyalamit-co-il-2026.s887.upress.link/sound-healing/,section.sec>div.wrap>div.intro-body.r>p,"רבים מכירים את התחום בשמות כמו אמבטיית סאונד, מסע ",17,300,False,4.5,"rgb(103,72,45)","rgb(255,255,250)",8.238,PASS,"backdrop-only screenshot (text ink hidden via color:transparent), 4x4 grid sample per element, darkest-vs-lightest kept, WCAG relative-luminance ratio against the worse extreme"
https://eyalamit-co-il-2026.s887.upress.link/sound-healing/,section.sec>div.wrap>div.intro-body.r>p,הגישה של אייל עמית שונה מהגישה הקבוצתית הרווחת. מד,17,300,False,4.5,"rgb(103,72,45)","rgb(255,255,250)",8.238,PASS,"backdrop-only screenshot (text ink hidden via color:transparent), 4x4 grid sample per element, darkest-vs-lightest kept, WCAG relative-luminance ratio against the worse extreme"
https://eyalamit-co-il-2026.s887.upress.link/sound-healing/,section.sec>div.wrap>div.intro-body.r>p,"העבודה נעשית ללא מגע, דרך צליל ותדר, ובאופן שמאפשר",17,300,False,4.5,"rgb(103,72,45)","rgb(255,255,250)",8.238,PASS,"backdrop-only screenshot (text ink hidden via color:transparent), 4x4 grid sample per element, darkest-vs-lightest kept, WCAG relative-luminance ratio against the worse extreme"
https://eyalamit-co-il-2026.s887.upress.link/sound-healing/,section.sec>div.wrap>div.intro-body.r>p,"המפגש מונחה ומוחזק על ידי אייל עמית, שעוסק כבר למע",17,300,False,4.5,"rgb(103,72,45)","rgb(255,255,250)",8.238,PASS,"backdrop-only screenshot (text ink hidden via color:transparent), 4x4 grid sample per element, darkest-vs-lightest kept, WCAG relative-luminance ratio against the worse extreme"
https://eyalamit-co-il-2026.s887.upress.link/sound-healing/,section.sec>div.wrap>div.intro-body.r>p,לאורך השנים פיתח אייל גישה אישית לעבודה עם צליל ות,17,300,False,4.5,"rgb(103,72,45)","rgb(255,255,250)",8.238,PASS,"backdrop-only screenshot (text ink hidden via color:transparent), 4x4 grid sample per element, darkest-vs-lightest kept, WCAG relative-luminance ratio against the worse extreme"
https://eyalamit-co-il-2026.s887.upress.link/sound-healing/,section.sec>div.wrap>div.intro-body.r>p,העבודה מתבססת על ניסיון מצטבר של שנים בליווי תהליכ,17,300,False,4.5,"rgb(103,72,45)","rgb(255,255,250)",8.238,PASS,"backdrop-only screenshot (text ink hidden via color:transparent), 4x4 grid sample per element, darkest-vs-lightest kept, WCAG relative-luminance ratio against the worse extreme"
https://eyalamit-co-il-2026.s887.upress.link/sound-healing/,div.wrap>div.intro-body.r>p>a.tlink,למידע נוסף על טיפול בדיג'רידו,17,300,False,4.5,"rgb(154,79,43)","rgb(255,255,250)",5.936,PASS,"backdrop-only screenshot (text ink hidden via color:transparent), 4x4 grid sample per element, darkest-vs-lightest kept, WCAG relative-luminance ratio against the worse extreme"
https://eyalamit-co-il-2026.s887.upress.link/sound-healing/,section.sec>div.wrap>div.intro-body.r>p,ההשראה ל־שיטת cbDIDG מגיעה גם מעבודה וחניכה אישית ,17,300,False,4.5,"rgb(103,72,45)","rgb(255,255,250)",8.238,PASS,"backdrop-only screenshot (text ink hidden via color:transparent), 4x4 grid sample per element, darkest-vs-lightest kept, WCAG relative-luminance ratio against the worse extreme"
https://eyalamit-co-il-2026.s887.upress.link/sound-healing/,div.wrap>div.intro-body.r>p>a.tlink,שיטת cbDIDG,17,300,False,4.5,"rgb(154,79,43)","rgb(255,255,250)",5.936,PASS,"backdrop-only screenshot (text ink hidden via color:transparent), 4x4 grid sample per element, darkest-vs-lightest kept, WCAG relative-luminance ratio against the worse extreme"
https://eyalamit-co-il-2026.s887.upress.link/sound-healing/,section.sec>div.wrap>div.intro-body.r>p,"כל מפגש נבנה ומוחזק באופן אישי, מתוך נוכחות, ניסיו",17,300,False,4.5,"rgb(103,72,45)","rgb(255,255,250)",8.238,PASS,"backdrop-only screenshot (text ink hidden via color:transparent), 4x4 grid sample per element, darkest-vs-lightest kept, WCAG relative-luminance ratio against the worse extreme"
https://eyalamit-co-il-2026.s887.upress.link/sound-healing/,section.sec.sec--alt>div.wrap>div>h2.h2.r,איך זה עובד?,24.65,400,True,3.0,"rgb(47,32,19)","rgb(239,234,225)",13.11,PASS,"backdrop-only screenshot (text ink hidden via color:transparent), 4x4 grid sample per element, darkest-vs-lightest kept, WCAG relative-luminance ratio against the worse extreme"
https://eyalamit-co-il-2026.s887.upress.link/sound-healing/,div.wrap>div>div.intro-body.r>p,"המפגש מתקיים במרחב שקט ופסטורלי בלב גינה ירוקה, מו",17,300,False,4.5,"rgb(103,72,45)","rgb(239,234,225)",6.896,PASS,"backdrop-only screenshot (text ink hidden via color:transparent), 4x4 grid sample per element, darkest-vs-lightest kept, WCAG relative-luminance ratio against the worse extreme"
https://eyalamit-co-il-2026.s887.upress.link/sound-healing/,div.wrap>div>div.intro-body.r>p,"המפגש בנוי כתהליך הדרגתי שנמשך כשעתיים, ומאפשר כני",17,300,False,4.5,"rgb(103,72,45)","rgb(239,234,225)",6.896,PASS,"backdrop-only screenshot (text ink hidden via color:transparent), 4x4 grid sample per element, darkest-vs-lightest kept, WCAG relative-luminance ratio against the worse extreme"
https://eyalamit-co-il-2026.s887.upress.link/sound-healing/,div.wrap>div>div.intro-body.r>p,"הוא מתחיל באוהל הטיפי, במרחב אינטימי ושקט שמאפשר מ",17,300,False,4.5,"rgb(103,72,45)","rgb(239,234,225)",6.896,PASS,"backdrop-only screenshot (text ink hidden via color:transparent), 4x4 grid sample per element, darkest-vs-lightest kept, WCAG relative-luminance ratio against the worse extreme"
https://eyalamit-co-il-2026.s887.upress.link/sound-healing/,div.wrap>div>div.intro-body.r>p,"משם עוברים אל חלל הסטודיו, שתוכנן ונבנה עם חשיבה א",17,300,False,4.5,"rgb(103,72,45)","rgb(239,234,225)",6.896,PASS,"backdrop-only screenshot (text ink hidden via color:transparent), 4x4 grid sample per element, darkest-vs-lightest kept, WCAG relative-luminance ratio against the worse extreme"
https://eyalamit-co-il-2026.s887.upress.link/sound-healing/,div.wrap>div>div.intro-body.r>p,"בתוך הסטודיו, בחלל מוחשך עם אור נרות, שוכבים בנוחו",17,300,False,4.5,"rgb(103,72,45)","rgb(239,234,225)",6.896,PASS,"backdrop-only screenshot (text ink hidden via color:transparent), 4x4 grid sample per element, darkest-vs-lightest kept, WCAG relative-luminance ratio against the worse extreme"
https://eyalamit-co-il-2026.s887.upress.link/sound-healing/,div.wrap>div>div.intro-body.r>p,"המסע נבנה בהדרגה, משתנה ומתפתח. הוא נע בין שכבות, ",17,300,False,4.5,"rgb(103,72,45)","rgb(239,234,225)",6.896,PASS,"backdrop-only screenshot (text ink hidden via color:transparent), 4x4 grid sample per element, darkest-vs-lightest kept, WCAG relative-luminance ratio against the worse extreme"
https://eyalamit-co-il-2026.s887.upress.link/sound-healing/,div.wrap>div>div.intro-body.r>p,אין כאן תרגול או הנחיה מילולית. העבודה מתרחשת דרך ,17,300,False,4.5,"rgb(103,72,45)","rgb(239,234,225)",6.896,PASS,"backdrop-only screenshot (text ink hidden via color:transparent), 4x4 grid sample per element, darkest-vs-lightest kept, WCAG relative-luminance ratio against the worse extreme"
https://eyalamit-co-il-2026.s887.upress.link/sound-healing/,div.wrap>div>div.intro-body.r>p,"לקראת סיום המפגש, מתרחש שלב של אינטגרציה – חזרה הד",17,300,False,4.5,"rgb(103,72,45)","rgb(239,234,225)",6.896,PASS,"backdrop-only screenshot (text ink hidden via color:transparent), 4x4 grid sample per element, darkest-vs-lightest kept, WCAG relative-luminance ratio against the worse extreme"
https://eyalamit-co-il-2026.s887.upress.link/sound-healing/,div.wrap>div>div.intro-body.r>p,"זהו זמן שקט יותר, שבו מתאפשר לגוף ולתודעה לעבד את ",17,300,False,4.5,"rgb(103,72,45)","rgb(239,234,225)",6.896,PASS,"backdrop-only screenshot (text ink hidden via color:transparent), 4x4 grid sample per element, darkest-vs-lightest kept, WCAG relative-luminance ratio against the worse extreme"
https://eyalamit-co-il-2026.s887.upress.link/sound-healing/,div.wrap>div.videoblk.r>div.ea-pending-approval>span.ea-pending-approval__badge,ממתין לאישור,12.24,700,False,4.5,"rgb(255,255,255)","rgb(230,81,0)",3.79,FAIL,"backdrop-only screenshot (text ink hidden via color:transparent), 4x4 grid sample per element, darkest-vs-lightest kept, WCAG relative-luminance ratio against the worse extreme"
https://eyalamit-co-il-2026.s887.upress.link/sound-healing/,div.wrap>div.videoblk.r>div.ea-pending-approval>p.ea-pending-approval__title,כאן ייכנס וידאו,17,700,False,4.5,"rgb(191,54,12)","rgb(255,225,132)",4.363,FAIL,"backdrop-only screenshot (text ink hidden via color:transparent), 4x4 grid sample per element, darkest-vs-lightest kept, WCAG relative-luminance ratio against the worse extreme"
https://eyalamit-co-il-2026.s887.upress.link/sound-healing/,main.chapters-main>section.sec>div.wrap>h2.h2.r,מה מאפשר הסאונד הילינג בדיג'רידו?,24.65,400,True,3.0,"rgb(47,32,19)","rgb(255,255,250)",15.661,PASS,"backdrop-only screenshot (text ink hidden via color:transparent), 4x4 grid sample per element, darkest-vs-lightest kept, WCAG relative-luminance ratio against the worse extreme"
https://eyalamit-co-il-2026.s887.upress.link/sound-healing/,section.sec>div.wrap>div.intro-body.r>p,החוויה של סאונד הילינג בדיג'רידו היא אישית ומשתנה ,17,300,False,4.5,"rgb(103,72,45)","rgb(255,255,250)",8.238,PASS,"backdrop-only screenshot (text ink hidden via color:transparent), 4x4 grid sample per element, darkest-vs-lightest kept, WCAG relative-luminance ratio against the worse extreme"
https://eyalamit-co-il-2026.s887.upress.link/sound-healing/,section.sec>div.wrap>div.intro-body.r>p,"עבור רבים, המפגש מאפשר האטה משמעותית של הקצב הפנימ",17,300,False,4.5,"rgb(103,72,45)","rgb(255,255,250)",8.238,PASS,"backdrop-only screenshot (text ink hidden via color:transparent), 4x4 grid sample per element, darkest-vs-lightest kept, WCAG relative-luminance ratio against the worse extreme"
https://eyalamit-co-il-2026.s887.upress.link/sound-healing/,section.sec>div.wrap>div.intro-body.r>p,"דרך הצליל, מתאפשרת גישה לאזורים עמוקים יותר בגוף, ",17,300,False,4.5,"rgb(103,72,45)","rgb(255,255,250)",8.238,PASS,"backdrop-only screenshot (text ink hidden via color:transparent), 4x4 grid sample per element, darkest-vs-lightest kept, WCAG relative-luminance ratio against the worse extreme"
https://eyalamit-co-il-2026.s887.upress.link/sound-healing/,section.sec>div.wrap>div.intro-body.r>p,"יש מי שחווים הרפיה עמוקה, תחושת קרקוע או בהירות, ו",17,300,False,4.5,"rgb(103,72,45)","rgb(255,255,250)",8.238,PASS,"backdrop-only screenshot (text ink hidden via color:transparent), 4x4 grid sample per element, darkest-vs-lightest kept, WCAG relative-luminance ratio against the worse extreme"
https://eyalamit-co-il-2026.s887.upress.link/sound-healing/,section.sec>div.wrap>div.intro-body.r>p,החוויה אינה אחידה ואינה צפויה מראש. היא מתפתחת מתו,17,300,False,4.5,"rgb(103,72,45)","rgb(255,255,250)",8.238,PASS,"backdrop-only screenshot (text ink hidden via color:transparent), 4x4 grid sample per element, darkest-vs-lightest kept, WCAG relative-luminance ratio against the worse extreme"
https://eyalamit-co-il-2026.s887.upress.link/sound-healing/,section.sec>div.wrap>div.intro-body.r>p,"עבור חלק מהאנשים, זהו גם רגע של שינוי עדין אך משמע",17,300,False,4.5,"rgb(103,72,45)","rgb(255,255,250)",8.238,PASS,"backdrop-only screenshot (text ink hidden via color:transparent), 4x4 grid sample per element, darkest-vs-lightest kept, WCAG relative-luminance ratio against the worse extreme"
https://eyalamit-co-il-2026.s887.upress.link/sound-healing/,section.sec>div.wrap>div.intro-body.r>p,מי שמעוניין בתהליך אקטיבי יותר עם הנשימה יכול לקרו,17,300,False,4.5,"rgb(103,72,45)","rgb(255,255,250)",8.238,PASS,"backdrop-only screenshot (text ink hidden via color:transparent), 4x4 grid sample per element, darkest-vs-lightest kept, WCAG relative-luminance ratio against the worse extreme"
https://eyalamit-co-il-2026.s887.upress.link/sound-healing/,div.wrap>div.intro-body.r>p>a.tlink,טיפול בדיג'רידו,17,300,False,4.5,"rgb(154,79,43)","rgb(255,255,250)",5.936,PASS,"backdrop-only screenshot (text ink hidden via color:transparent), 4x4 grid sample per element, darkest-vs-lightest kept, WCAG relative-luminance ratio against the worse extreme"
https://eyalamit-co-il-2026.s887.upress.link/sound-healing/,main.chapters-main>section.sec>div.wrap>h2.h2.r,למי זה מתאים?,24.65,400,True,3.0,"rgb(47,32,19)","rgb(255,255,250)",15.661,PASS,"backdrop-only screenshot (text ink hidden via color:transparent), 4x4 grid sample per element, darkest-vs-lightest kept, WCAG relative-luminance ratio against the worse extreme"
https://eyalamit-co-il-2026.s887.upress.link/sound-healing/,section.sec>div.wrap>div.intro-body.r>p,סאונד הילינג בדיג'רידו יכול להתאים למי שמרגיש צורך,17,300,False,4.5,"rgb(103,72,45)","rgb(255,255,250)",8.238,PASS,"backdrop-only screenshot (text ink hidden via color:transparent), 4x4 grid sample per element, darkest-vs-lightest kept, WCAG relative-luminance ratio against the worse extreme"
https://eyalamit-co-il-2026.s887.upress.link/sound-healing/,section.sec>div.wrap>div.intro-body.r>p,"למי שמחפש דרך אחרת להעמיק – לא דרך עשייה, אלא דרך ",17,300,False,4.5,"rgb(103,72,45)","rgb(255,255,250)",8.238,PASS,"backdrop-only screenshot (text ink hidden via color:transparent), 4x4 grid sample per element, darkest-vs-lightest kept, WCAG relative-luminance ratio against the worse extreme"
https://eyalamit-co-il-2026.s887.upress.link/sound-healing/,section.sec>div.wrap>div.intro-body.r>p,"למי שמרגיש עומס, סטרס או מתח מתמשך, ורוצה לאפשר לג",17,300,False,4.5,"rgb(103,72,45)","rgb(255,255,250)",8.238,PASS,"backdrop-only screenshot (text ink hidden via color:transparent), 4x4 grid sample per element, darkest-vs-lightest kept, WCAG relative-luminance ratio against the worse extreme"
https://eyalamit-co-il-2026.s887.upress.link/sound-healing/,section.sec>div.wrap>div.intro-body.r>p,"למי שנמצא בתהליך אישי, או בתקופה של שינוי, חיפוש א",17,300,False,4.5,"rgb(103,72,45)","rgb(255,255,250)",8.238,PASS,"backdrop-only screenshot (text ink hidden via color:transparent), 4x4 grid sample per element, darkest-vs-lightest kept, WCAG relative-luminance ratio against the worse extreme"
https://eyalamit-co-il-2026.s887.upress.link/sound-healing/,section.sec>div.wrap>div.intro-body.r>p,"למי שרוצה לחגוג את החיים בדרך אחרת – יום הולדת, זו",17,300,False,4.5,"rgb(103,72,45)","rgb(255,255,250)",8.238,PASS,"backdrop-only screenshot (text ink hidden via color:transparent), 4x4 grid sample per element, darkest-vs-lightest kept, WCAG relative-luminance ratio against the worse extreme"
https://eyalamit-co-il-2026.s887.upress.link/sound-healing/,section.sec>div.wrap>div.intro-body.r>p,למי שרוצה לחוות את הדיג'רידו בשיא עוצמתו – לא רק כ,17,300,False,4.5,"rgb(103,72,45)","rgb(255,255,250)",8.238,PASS,"backdrop-only screenshot (text ink hidden via color:transparent), 4x4 grid sample per element, darkest-vs-lightest kept, WCAG relative-luminance ratio against the worse extreme"
https://eyalamit-co-il-2026.s887.upress.link/sound-healing/,section.sec>div.wrap>div.intro-body.r>p,"ולמי שפשוט נמשך לעולם של צליל, תדר ונשימה – ורוצה ",17,300,False,4.5,"rgb(103,72,45)","rgb(255,255,250)",8.238,PASS,"backdrop-only screenshot (text ink hidden via color:transparent), 4x4 grid sample per element, darkest-vs-lightest kept, WCAG relative-luminance ratio against the worse extreme"
https://eyalamit-co-il-2026.s887.upress.link/sound-healing/,section.sec>div.wrap>div.intro-body.r>p,למי שמעוניין ללמוד לעבוד עם הכלי והנשימה באופן ישי,17,300,False,4.5,"rgb(103,72,45)","rgb(255,255,250)",8.238,PASS,"backdrop-only screenshot (text ink hidden via color:transparent), 4x4 grid sample per element, darkest-vs-lightest kept, WCAG relative-luminance ratio against the worse extreme"
https://eyalamit-co-il-2026.s887.upress.link/sound-healing/,div.wrap>div.intro-body.r>p>a.tlink,שיעורי נגינה בדיג'רידו,17,300,False,4.5,"rgb(154,79,43)","rgb(255,255,250)",5.936,PASS,"backdrop-only screenshot (text ink hidden via color:transparent), 4x4 grid sample per element, darkest-vs-lightest kept, WCAG relative-luminance ratio against the worse extreme"
https://eyalamit-co-il-2026.s887.upress.link/sound-healing/,main.chapters-main>section.ea-faq-list.ea-faq-list--view-only>div.ea-faq-list__inner>h2.h2.r,שאלות נפוצות על סאונד הילינג בדיג'רידו,24.65,400,True,3.0,"rgb(47,32,19)","rgb(255,255,250)",15.661,PASS,"backdrop-only screenshot (text ink hidden via color:transparent), 4x4 grid sample per element, darkest-vs-lightest kept, WCAG relative-luminance ratio against the worse extreme"
https://eyalamit-co-il-2026.s887.upress.link/sound-healing/,div.ea-faq-list__inner>div.ea-faq-category>details.ea-faq-item.ea-entrance>summary.ea-faq-item__question,האם צריך ניסיון קודם או היכרות עם סאונד הילינג?,17,500,False,4.5,"rgb(47,32,19)","rgb(255,255,250)",15.661,PASS,"backdrop-only screenshot (text ink hidden via color:transparent), 4x4 grid sample per element, darkest-vs-lightest kept, WCAG relative-luminance ratio against the worse extreme"
https://eyalamit-co-il-2026.s887.upress.link/sound-healing/,div.ea-faq-category>details.ea-faq-item.ea-entrance>div.ea-faq-item__answer>p,"לא. המפגש מתאים גם למי שמגיע בפעם הראשונה, מתוך סק",17,300,False,4.5,"rgb(138,90,68)","rgb(255,255,250)",5.773,PASS,"backdrop-only screenshot (text ink hidden via color:transparent), 4x4 grid sample per element, darkest-vs-lightest kept, WCAG relative-luminance ratio against the worse extreme"
https://eyalamit-co-il-2026.s887.upress.link/sound-healing/,div.ea-faq-list__inner>div.ea-faq-category>details.ea-faq-item.ea-entrance>summary.ea-faq-item__question,מה ההבדל בין סאונד הילינג לטיפול בדיג'רידו?,17,500,False,4.5,"rgb(47,32,19)","rgb(255,255,250)",15.661,PASS,"backdrop-only screenshot (text ink hidden via color:transparent), 4x4 grid sample per element, darkest-vs-lightest kept, WCAG relative-luminance ratio against the worse extreme"
https://eyalamit-co-il-2026.s887.upress.link/sound-healing/,div.ea-faq-category>details.ea-faq-item.ea-entrance>div.ea-faq-item__answer>p,בסאונד הילינג מדובר במפגש פאסיבי שבו מקשיבים לצליל,17,300,False,4.5,"rgb(138,90,68)","rgb(255,255,250)",5.773,PASS,"backdrop-only screenshot (text ink hidden via color:transparent), 4x4 grid sample per element, darkest-vs-lightest kept, WCAG relative-luminance ratio against the worse extreme"
https://eyalamit-co-il-2026.s887.upress.link/sound-healing/,div.ea-faq-category>details.ea-faq-item.ea-entrance>div.ea-faq-item__answer>p,"הדיג'רידו משמש בשני המקרים ככלי עבודה, אך המטרה שו",17,300,False,4.5,"rgb(138,90,68)","rgb(255,255,250)",5.773,PASS,"backdrop-only screenshot (text ink hidden via color:transparent), 4x4 grid sample per element, darkest-vs-lightest kept, WCAG relative-luminance ratio against the worse extreme"
https://eyalamit-co-il-2026.s887.upress.link/sound-healing/,details.ea-faq-item.ea-entrance>div.ea-faq-item__answer>p>a.tlink,למידע נוסף על טיפול בדיג'רידו,17,300,False,4.5,"rgb(154,79,43)","rgb(255,255,250)",5.936,PASS,"backdrop-only screenshot (text ink hidden via color:transparent), 4x4 grid sample per element, darkest-vs-lightest kept, WCAG relative-luminance ratio against the worse extreme"
https://eyalamit-co-il-2026.s887.upress.link/sound-healing/,div.ea-faq-list__inner>div.ea-faq-category>details.ea-faq-item.ea-entrance>summary.ea-faq-item__question,האם יש מגע במהלך המפגש?,17,500,False,4.5,"rgb(47,32,19)","rgb(255,255,250)",15.661,PASS,"backdrop-only screenshot (text ink hidden via color:transparent), 4x4 grid sample per element, darkest-vs-lightest kept, WCAG relative-luminance ratio against the worse extreme"
https://eyalamit-co-il-2026.s887.upress.link/sound-healing/,div.ea-faq-category>details.ea-faq-item.ea-entrance>div.ea-faq-item__answer>p,"ברוב המקרים העבודה נעשית ללא מגע, דרך צליל ותדר בל",17,300,False,4.5,"rgb(138,90,68)","rgb(255,255,250)",5.773,PASS,"backdrop-only screenshot (text ink hidden via color:transparent), 4x4 grid sample per element, darkest-vs-lightest kept, WCAG relative-luminance ratio against the worse extreme"
https://eyalamit-co-il-2026.s887.upress.link/sound-healing/,div.ea-faq-list__inner>div.ea-faq-category>details.ea-faq-item.ea-entrance>summary.ea-faq-item__question,האם עולים רגשות או זיכרונות במהלך המפגש?,17,500,False,4.5,"rgb(47,32,19)","rgb(255,255,250)",15.661,PASS,"backdrop-only screenshot (text ink hidden via color:transparent), 4x4 grid sample per element, darkest-vs-lightest kept, WCAG relative-luminance ratio against the worse extreme"
https://eyalamit-co-il-2026.s887.upress.link/sound-healing/,div.ea-faq-category>details.ea-faq-item.ea-entrance>div.ea-faq-item__answer>p,"לעיתים כן. במהלך מפגש עמוק יכולים לעלות רגשות, זיכ",17,300,False,4.5,"rgb(138,90,68)","rgb(255,255,250)",5.773,PASS,"backdrop-only screenshot (text ink hidden via color:transparent), 4x4 grid sample per element, darkest-vs-lightest kept, WCAG relative-luminance ratio against the worse extreme"
https://eyalamit-co-il-2026.s887.upress.link/sound-healing/,div.ea-faq-list__inner>div.ea-faq-category>details.ea-faq-item.ea-entrance>summary.ea-faq-item__question,מה אם קשה לי “להירגע” או לשחרר?,17,500,False,4.5,"rgb(47,32,19)","rgb(255,255,250)",15.661,PASS,"backdrop-only screenshot (text ink hidden via color:transparent), 4x4 grid sample per element, darkest-vs-lightest kept, WCAG relative-luminance ratio against the worse extreme"
https://eyalamit-co-il-2026.s887.upress.link/sound-healing/,div.ea-faq-category>details.ea-faq-item.ea-entrance>div.ea-faq-item__answer>p,אין ציפייה להגיע למצב מסוים. גם אם המחשבות פעילות ,17,300,False,4.5,"rgb(138,90,68)","rgb(255,255,250)",5.773,PASS,"backdrop-only screenshot (text ink hidden via color:transparent), 4x4 grid sample per element, darkest-vs-lightest kept, WCAG relative-luminance ratio against the worse extreme"
https://eyalamit-co-il-2026.s887.upress.link/sound-healing/,div.ea-faq-list__inner>div.ea-faq-category>details.ea-faq-item.ea-entrance>summary.ea-faq-item__question,האם זה מתאים גם כמתנה או כחוויה זוגית?,17,500,False,4.5,"rgb(47,32,19)","rgb(255,255,250)",15.661,PASS,"backdrop-only screenshot (text ink hidden via color:transparent), 4x4 grid sample per element, darkest-vs-lightest kept, WCAG relative-luminance ratio against the worse extreme"
https://eyalamit-co-il-2026.s887.upress.link/sound-healing/,div.ea-faq-category>details.ea-faq-item.ea-entrance>div.ea-faq-item__answer>p,"כן. ניתן להגיע למפגש כיחיד או כזוג, והוא מתאים גם ",17,300,False,4.5,"rgb(138,90,68)","rgb(255,255,250)",5.773,PASS,"backdrop-only screenshot (text ink hidden via color:transparent), 4x4 grid sample per element, darkest-vs-lightest kept, WCAG relative-luminance ratio against the worse extreme"
https://eyalamit-co-il-2026.s887.upress.link/sound-healing/,div.ea-faq-list__inner>div.ea-faq-category>details.ea-faq-item.ea-entrance>summary.ea-faq-item__question,כמה זמן נמשך המפגש?,17,500,False,4.5,"rgb(47,32,19)","rgb(255,255,250)",15.661,PASS,"backdrop-only screenshot (text ink hidden via color:transparent), 4x4 grid sample per element, darkest-vs-lightest kept, WCAG relative-luminance ratio against the worse extreme"
https://eyalamit-co-il-2026.s887.upress.link/sound-healing/,div.ea-faq-category>details.ea-faq-item.ea-entrance>div.ea-faq-item__answer>p,המפגש נמשך בדרך כלל כשעתיים.,17,300,False,4.5,"rgb(138,90,68)","rgb(255,255,250)",5.773,PASS,"backdrop-only screenshot (text ink hidden via color:transparent), 4x4 grid sample per element, darkest-vs-lightest kept, WCAG relative-luminance ratio against the worse extreme"
https://eyalamit-co-il-2026.s887.upress.link/sound-healing/,div.ea-faq-list__inner>div.ea-faq-category>details.ea-faq-item.ea-entrance>summary.ea-faq-item__question,האם זה מתאים לכל אחד?,17,500,False,4.5,"rgb(47,32,19)","rgb(255,255,250)",15.661,PASS,"backdrop-only screenshot (text ink hidden via color:transparent), 4x4 grid sample per element, darkest-vs-lightest kept, WCAG relative-luminance ratio against the worse extreme"
https://eyalamit-co-il-2026.s887.upress.link/sound-healing/,div.ea-faq-category>details.ea-faq-item.ea-entrance>div.ea-faq-item__answer>p,המפגש אינו מיועד למצבים נפשיים מורכבים או לא יציבי,17,300,False,4.5,"rgb(138,90,68)","rgb(255,255,250)",5.773,PASS,"backdrop-only screenshot (text ink hidden via color:transparent), 4x4 grid sample per element, darkest-vs-lightest kept, WCAG relative-luminance ratio against the worse extreme"
https://eyalamit-co-il-2026.s887.upress.link/sound-healing/,section.sec>div.wrap>div.intro-body.r>p,"לשאלות נוספות, ניתן לעבור אל דף השאלות הנפוצות המל",17,300,False,4.5,"rgb(103,72,45)","rgb(255,255,250)",8.238,PASS,"backdrop-only screenshot (text ink hidden via color:transparent), 4x4 grid sample per element, darkest-vs-lightest kept, WCAG relative-luminance ratio against the worse extreme"
https://eyalamit-co-il-2026.s887.upress.link/sound-healing/,div.wrap>div.intro-body.r>p>a.tlink,דף השאלות הנפוצות המלא,17,300,False,4.5,"rgb(154,79,43)","rgb(255,255,250)",5.936,PASS,"backdrop-only screenshot (text ink hidden via color:transparent), 4x4 grid sample per element, darkest-vs-lightest kept, WCAG relative-luminance ratio against the worse extreme"
https://eyalamit-co-il-2026.s887.upress.link/sound-healing/,main.chapters-main>section.sec.sec--alt>div.wrap.center>h2.h2.r,מה מספרים על מפגשי סאונד הילינג,24.65,400,True,3.0,"rgb(47,32,19)","rgb(239,234,225)",13.11,PASS,"backdrop-only screenshot (text ink hidden via color:transparent), 4x4 grid sample per element, darkest-vs-lightest kept, WCAG relative-luminance ratio against the worse extreme"
https://eyalamit-co-il-2026.s887.upress.link/sound-healing/,div.wrap>div.testi-mq.r>button.testi-mq__btn.testi-mq__btn--right>span,›,25.6,400,True,3.0,"rgb(181,102,61)","rgb(245,241,233)",3.779,PASS,"backdrop-only screenshot (text ink hidden via color:transparent), 4x4 grid sample per element, darkest-vs-lightest kept, WCAG relative-luminance ratio against the worse extreme"
https://eyalamit-co-il-2026.s887.upress.link/sound-healing/,div.testi-mq__viewport>div.testi-mq__track>figure.tmq>blockquote.tmq__q,הגענו אחרי שבוע קשה… ונכנסנו לעולם אחר. שוכבים על ,17,400,False,4.5,"rgb(47,32,19)","rgb(255,255,255)",15.708,PASS,"backdrop-only screenshot (text ink hidden via color:transparent), 4x4 grid sample per element, darkest-vs-lightest kept, WCAG relative-luminance ratio against the worse extreme"
https://eyalamit-co-il-2026.s887.upress.link/sound-healing/,div.testi-mq__track>figure.tmq>figcaption.tmq__n>a.tmq__nl,שרון לוסקי,12.24,500,False,4.5,"rgb(154,79,43)","rgb(255,255,255)",5.954,PASS,"backdrop-only screenshot (text ink hidden via color:transparent), 4x4 grid sample per element, darkest-vs-lightest kept, WCAG relative-luminance ratio against the worse extreme"
https://eyalamit-co-il-2026.s887.upress.link/sound-healing/,div.testi-mq__viewport>div.testi-mq__track>figure.tmq>blockquote.tmq__q,"עליתי על החללית של אייל… חזרתי אחרי שעתיים, אבל לא",17,400,False,4.5,"rgb(47,32,19)","rgb(255,255,255)",15.708,PASS,"backdrop-only screenshot (text ink hidden via color:transparent), 4x4 grid sample per element, darkest-vs-lightest kept, WCAG relative-luminance ratio against the worse extreme"
https://eyalamit-co-il-2026.s887.upress.link/sound-healing/,div.testi-mq__track>figure.tmq>figcaption.tmq__n>a.tmq__nl,לירן קלינה,12.24,500,False,4.5,"rgb(154,79,43)","rgb(255,255,255)",5.954,PASS,"backdrop-only screenshot (text ink hidden via color:transparent), 4x4 grid sample per element, darkest-vs-lightest kept, WCAG relative-luminance ratio against the worse extreme"
https://eyalamit-co-il-2026.s887.upress.link/sound-healing/,div.testi-mq__viewport>div.testi-mq__track>figure.tmq>blockquote.tmq__q,זו הייתה אחת החוויות המיוחדות שעברתי בחיים. תחושה ,17,400,False,4.5,"rgb(47,32,19)","rgb(255,255,255)",15.708,PASS,"backdrop-only screenshot (text ink hidden via color:transparent), 4x4 grid sample per element, darkest-vs-lightest kept, WCAG relative-luminance ratio against the worse extreme"
https://eyalamit-co-il-2026.s887.upress.link/sound-healing/,div.testi-mq__track>figure.tmq>figcaption.tmq__n>a.tmq__nl,רוית יונה בניהו,12.24,500,False,4.5,"rgb(154,79,43)","rgb(255,255,255)",5.954,PASS,"backdrop-only screenshot (text ink hidden via color:transparent), 4x4 grid sample per element, darkest-vs-lightest kept, WCAG relative-luminance ratio against the worse extreme"
https://eyalamit-co-il-2026.s887.upress.link/sound-healing/,div.testi-mq__viewport>div.testi-mq__track>figure.tmq>blockquote.tmq__q,אמבטיית צלילים… עטופה בתדרים מכל כיוון. רטט עוצמתי,17,400,False,4.5,"rgb(47,32,19)","rgb(239,234,225)",13.11,PASS,"backdrop-only screenshot (text ink hidden via color:transparent), 4x4 grid sample per element, darkest-vs-lightest kept, WCAG relative-luminance ratio against the worse extreme"
https://eyalamit-co-il-2026.s887.upress.link/sound-healing/,div.testi-mq__track>figure.tmq>figcaption.tmq__n>a.tmq__nl,הילה יניב,12.24,500,False,4.5,"rgb(154,79,43)","rgb(239,234,225)",4.969,PASS,"backdrop-only screenshot (text ink hidden via color:transparent), 4x4 grid sample per element, darkest-vs-lightest kept, WCAG relative-luminance ratio against the worse extreme"
https://eyalamit-co-il-2026.s887.upress.link/sound-healing/,div.wrap>div.testi-mq.r>button.testi-mq__btn.testi-mq__btn--left>span,‹,25.6,400,True,3.0,"rgb(181,102,61)","rgb(255,255,250)",4.244,PASS,"backdrop-only screenshot (text ink hidden via color:transparent), 4x4 grid sample per element, darkest-vs-lightest kept, WCAG relative-luminance ratio against the worse extreme"
https://eyalamit-co-il-2026.s887.upress.link/sound-healing/,div.wrap>div.intro-body.r>p>a.tlink,לכל ההמלצות על אייל עמית,17,300,False,4.5,"rgb(154,79,43)","rgb(255,255,250)",5.936,PASS,"backdrop-only screenshot (text ink hidden via color:transparent), 4x4 grid sample per element, darkest-vs-lightest kept, WCAG relative-luminance ratio against the worse extreme"
https://eyalamit-co-il-2026.s887.upress.link/sound-healing/,main.chapters-main>section.sec>div.wrap>h2.h2.r,אודות אייל עמית,24.65,400,True,3.0,"rgb(47,32,19)","rgb(255,255,250)",15.661,PASS,"backdrop-only screenshot (text ink hidden via color:transparent), 4x4 grid sample per element, darkest-vs-lightest kept, WCAG relative-luminance ratio against the worse extreme"
https://eyalamit-co-il-2026.s887.upress.link/sound-healing/,section.sec>div.wrap>div.intro-body.r>p,"אייל עמית עוסק בעבודה עם דיג'רידו מאז 1999, והוא מ",17,300,False,4.5,"rgb(103,72,45)","rgb(255,255,250)",8.238,PASS,"backdrop-only screenshot (text ink hidden via color:transparent), 4x4 grid sample per element, darkest-vs-lightest kept, WCAG relative-luminance ratio against the worse extreme"
https://eyalamit-co-il-2026.s887.upress.link/sound-healing/,section.sec>div.wrap>div.intro-body.r>p,"את המרכז לטיפול בנשימה באמצעות דיג'רידו בפרדס חנה,",17,300,False,4.5,"rgb(103,72,45)","rgb(255,255,250)",8.238,PASS,"backdrop-only screenshot (text ink hidden via color:transparent), 4x4 grid sample per element, darkest-vs-lightest kept, WCAG relative-luminance ratio against the worse extreme"
https://eyalamit-co-il-2026.s887.upress.link/sound-healing/,section.sec>div.wrap>div.intro-body.r>p,"לאורך השנים ליווה מאות אנשים בתהליכים אישיים, ופית",17,300,False,4.5,"rgb(103,72,45)","rgb(255,255,250)",8.238,PASS,"backdrop-only screenshot (text ink hidden via color:transparent), 4x4 grid sample per element, darkest-vs-lightest kept, WCAG relative-luminance ratio against the worse extreme"
https://eyalamit-co-il-2026.s887.upress.link/sound-healing/,div.wrap>div.intro-body.r>p>a.tlink,לקריאה נוספת על אייל עמית,17,300,False,4.5,"rgb(154,79,43)","rgb(255,255,250)",5.936,PASS,"backdrop-only screenshot (text ink hidden via color:transparent), 4x4 grid sample per element, darkest-vs-lightest kept, WCAG relative-luminance ratio against the worse extreme"
https://eyalamit-co-il-2026.s887.upress.link/sound-healing/,section.cta-band.cta-band--row>div.cta-band__in>div.cta-band__txt.r>h2.cta-band__h,רוצים להגיע למפגש?,24.65,500,True,3.0,"rgb(255,255,255)","rgb(32,19,10)",18.12,PASS,"backdrop-only screenshot (text ink hidden via color:transparent), 4x4 grid sample per element, darkest-vs-lightest kept, WCAG relative-luminance ratio against the worse extreme"
https://eyalamit-co-il-2026.s887.upress.link/sound-healing/,section.cta-band.cta-band--row>div.cta-band__in>div.cta-band__txt.r>p.cta-band__p,"ניתן לקבוע מפגש סאונד הילינג פרטי ליחיד או לזוג, ב",17,300,False,4.5,"rgb(255,255,255) a=0.82","rgb(91,82,73)",5.794,PASS,"backdrop-only screenshot (text ink hidden via color:transparent), 4x4 grid sample per element, darkest-vs-lightest kept, WCAG relative-luminance ratio against the worse extreme"
https://eyalamit-co-il-2026.s887.upress.link/sound-healing/,section.cta-band.cta-band--row>div.cta-band__in>div.cta-band__act.r>a.btn.btn--terra,יצירת קשר,15.3,500,False,4.5,"rgb(255,255,255)","rgb(176,95,56)",4.626,PASS,"backdrop-only screenshot (text ink hidden via color:transparent), 4x4 grid sample per element, darkest-vs-lightest kept, WCAG relative-luminance ratio against the worse extreme"
https://eyalamit-co-il-2026.s887.upress.link/sound-healing/,footer.foot>div.foot__in>div>p.foot__col-title,מה מציעים,11.05,500,False,4.5,"rgb(208,138,94)","rgb(14,9,5)",7.056,PASS,"backdrop-only screenshot (text ink hidden via color:transparent), 4x4 grid sample per element, darkest-vs-lightest kept, WCAG relative-luminance ratio against the worse extreme"
https://eyalamit-co-il-2026.s887.upress.link/sound-healing/,footer.foot>div.foot__in>div>a,טיפול בדיג׳רידו,13.6,300,False,4.5,"rgb(255,255,255) a=0.60","rgb(14,9,5)",7.298,PASS,"backdrop-only screenshot (text ink hidden via color:transparent), 4x4 grid sample per element, darkest-vs-lightest kept, WCAG relative-luminance ratio against the worse extreme"
https://eyalamit-co-il-2026.s887.upress.link/sound-healing/,footer.foot>div.foot__in>div>a,שיעורי דיג׳רידו,13.6,300,False,4.5,"rgb(255,255,255) a=0.60","rgb(14,9,5)",7.298,PASS,"backdrop-only screenshot (text ink hidden via color:transparent), 4x4 grid sample per element, darkest-vs-lightest kept, WCAG relative-luminance ratio against the worse extreme"
https://eyalamit-co-il-2026.s887.upress.link/sound-healing/,footer.foot>div.foot__in>div>a,סאונד הילינג,13.6,300,False,4.5,"rgb(255,255,255) a=0.60","rgb(14,9,5)",7.298,PASS,"backdrop-only screenshot (text ink hidden via color:transparent), 4x4 grid sample per element, darkest-vs-lightest kept, WCAG relative-luminance ratio against the worse extreme"
https://eyalamit-co-il-2026.s887.upress.link/sound-healing/,footer.foot>div.foot__in>div>a,השיטה cbDIDG,13.6,300,False,4.5,"rgb(255,255,255) a=0.60","rgb(14,9,5)",7.298,PASS,"backdrop-only screenshot (text ink hidden via color:transparent), 4x4 grid sample per element, darkest-vs-lightest kept, WCAG relative-luminance ratio against the worse extreme"
https://eyalamit-co-il-2026.s887.upress.link/sound-healing/,footer.foot>div.foot__in>div>p.foot__col-title,עוד,11.05,500,False,4.5,"rgb(208,138,94)","rgb(14,9,5)",7.056,PASS,"backdrop-only screenshot (text ink hidden via color:transparent), 4x4 grid sample per element, darkest-vs-lightest kept, WCAG relative-luminance ratio against the worse extreme"
https://eyalamit-co-il-2026.s887.upress.link/sound-healing/,footer.foot>div.foot__in>div>a,בלוג,13.6,300,False,4.5,"rgb(255,255,255) a=0.60","rgb(14,9,5)",7.298,PASS,"backdrop-only screenshot (text ink hidden via color:transparent), 4x4 grid sample per element, darkest-vs-lightest kept, WCAG relative-luminance ratio against the worse extreme"
https://eyalamit-co-il-2026.s887.upress.link/sound-healing/,footer.foot>div.foot__in>div>a,ספרים · מוזה,13.6,300,False,4.5,"rgb(255,255,255) a=0.60","rgb(14,9,5)",7.298,PASS,"backdrop-only screenshot (text ink hidden via color:transparent), 4x4 grid sample per element, darkest-vs-lightest kept, WCAG relative-luminance ratio against the worse extreme"
https://eyalamit-co-il-2026.s887.upress.link/sound-healing/,footer.foot>div.foot__in>div>a,אודות אייל,13.6,300,False,4.5,"rgb(255,255,255) a=0.60","rgb(14,9,5)",7.298,PASS,"backdrop-only screenshot (text ink hidden via color:transparent), 4x4 grid sample per element, darkest-vs-lightest kept, WCAG relative-luminance ratio against the worse extreme"
https://eyalamit-co-il-2026.s887.upress.link/sound-healing/,footer.foot>div.foot__in>div>a,צור קשר,13.6,300,False,4.5,"rgb(255,255,255) a=0.60","rgb(14,9,5)",7.298,PASS,"backdrop-only screenshot (text ink hidden via color:transparent), 4x4 grid sample per element, darkest-vs-lightest kept, WCAG relative-luminance ratio against the worse extreme"
https://eyalamit-co-il-2026.s887.upress.link/sound-healing/,footer.foot>div.foot__in>div.foot__brand>b,המרכז לטיפול בנשימה באמצעות דיג׳רידו,21.25,700,True,3.0,"rgb(255,255,255)","rgb(39,34,31)",15.732,PASS,"backdrop-only screenshot (text ink hidden via color:transparent), 4x4 grid sample per element, darkest-vs-lightest kept, WCAG relative-luminance ratio against the worse extreme"
https://eyalamit-co-il-2026.s887.upress.link/sound-healing/,footer.foot>div.foot__in>div.foot__brand>p,"פרדס חנה, ישראל. שיטת cbDIDG, מאז 1999.",13.6,300,False,4.5,"rgb(255,255,255) a=0.45","rgb(14,9,5)",4.496,FAIL,"backdrop-only screenshot (text ink hidden via color:transparent), 4x4 grid sample per element, darkest-vs-lightest kept, WCAG relative-luminance ratio against the worse extreme"
https://eyalamit-co-il-2026.s887.upress.link/sound-healing/,footer.foot>div.foot__in>div.foot__brand>p.foot__nap,"רח' עמל 8 ב', פרדס חנה-כרכור",13.6,300,False,4.5,"rgb(255,255,255) a=0.45","rgb(14,9,5)",4.496,FAIL,"backdrop-only screenshot (text ink hidden via color:transparent), 4x4 grid sample per element, darkest-vs-lightest kept, WCAG relative-luminance ratio against the worse extreme"
https://eyalamit-co-il-2026.s887.upress.link/sound-healing/,div.foot__in>div.foot__brand>p.foot__tel>a,052-4822842,13.6,300,False,4.5,"rgb(255,255,255) a=0.60","rgb(14,9,5)",7.298,PASS,"backdrop-only screenshot (text ink hidden via color:transparent), 4x4 grid sample per element, darkest-vs-lightest kept, WCAG relative-luminance ratio against the worse extreme"
https://eyalamit-co-il-2026.s887.upress.link/sound-healing/,body.rtl.wp-singular>footer.foot>div.foot__legal>p.foot__disc,"המידע באתר זה אינו מהווה ייעוץ רפואי, אבחון או טיפ",12.24,300,False,4.5,"rgb(255,255,255) a=0.62","rgb(14,9,5)",7.744,PASS,"backdrop-only screenshot (text ink hidden via color:transparent), 4x4 grid sample per element, darkest-vs-lightest kept, WCAG relative-luminance ratio against the worse extreme"
https://eyalamit-co-il-2026.s887.upress.link/sound-healing/,body.rtl.wp-singular>footer.foot>div.foot__legal>p.foot__base,© 2026 אייל עמית · כל הזכויות שמורות · הצהרת נגישו,12.24,300,False,4.5,"rgb(255,255,255) a=0.62","rgb(14,9,5)",7.744,PASS,"backdrop-only screenshot (text ink hidden via color:transparent), 4x4 grid sample per element, darkest-vs-lightest kept, WCAG relative-luminance ratio against the worse extreme"
https://eyalamit-co-il-2026.s887.upress.link/sound-healing/,footer.foot>div.foot__legal>p.foot__base>a,הצהרת נגישות,13.6,300,False,4.5,"rgb(255,255,255) a=0.55","rgb(14,9,5)",6.258,PASS,"backdrop-only screenshot (text ink hidden via color:transparent), 4x4 grid sample per element, darkest-vs-lightest kept, WCAG relative-luminance ratio against the worse extreme"
https://eyalamit-co-il-2026.s887.upress.link/sound-healing/,footer.foot>div.foot__legal>p.foot__base>a,מדיניות פרטיות,13.6,300,False,4.5,"rgb(255,255,255) a=0.55","rgb(14,9,5)",6.258,PASS,"backdrop-only screenshot (text ink hidden via color:transparent), 4x4 grid sample per element, darkest-vs-lightest kept, WCAG relative-luminance ratio against the worse extreme"
https://eyalamit-co-il-2026.s887.upress.link/faq/,nav.nav>ul.nav__l>li>a.nav__dd,טיפול בדיג׳רידו▾,18.36,400,False,4.5,"rgb(255,255,255) a=0.82","rgb(110,108,94)",4.178,FAIL,"backdrop-only screenshot (text ink hidden via color:transparent), 4x4 grid sample per element, darkest-vs-lightest kept, WCAG relative-luminance ratio against the worse extreme"
https://eyalamit-co-il-2026.s887.upress.link/faq/,ul.nav__l>li>a.nav__dd>span.nav__caret,▾,11.02,400,False,4.5,"rgb(255,255,255) a=0.82","rgb(75,84,27)",6.109,PASS,"backdrop-only screenshot (text ink hidden via color:transparent), 4x4 grid sample per element, darkest-vs-lightest kept, WCAG relative-luminance ratio against the worse extreme"
https://eyalamit-co-il-2026.s887.upress.link/faq/,nav.nav>ul.nav__l>li>a,השיטה,18.36,400,False,4.5,"rgb(255,255,255) a=0.82","rgb(106,107,76)",4.32,FAIL,"backdrop-only screenshot (text ink hidden via color:transparent), 4x4 grid sample per element, darkest-vs-lightest kept, WCAG relative-luminance ratio against the worse extreme"
https://eyalamit-co-il-2026.s887.upress.link/faq/,nav.nav>ul.nav__l>li>a,שיעורי דיג׳רידו,18.36,400,False,4.5,"rgb(255,255,255) a=0.82","rgb(111,108,104)",4.131,FAIL,"backdrop-only screenshot (text ink hidden via color:transparent), 4x4 grid sample per element, darkest-vs-lightest kept, WCAG relative-luminance ratio against the worse extreme"
https://eyalamit-co-il-2026.s887.upress.link/faq/,nav.nav>ul.nav__l>li>a,סאונד הילינג,18.36,400,False,4.5,"rgb(255,255,255) a=0.82","rgb(110,106,102)",4.228,FAIL,"backdrop-only screenshot (text ink hidden via color:transparent), 4x4 grid sample per element, darkest-vs-lightest kept, WCAG relative-luminance ratio against the worse extreme"
https://eyalamit-co-il-2026.s887.upress.link/faq/,nav.nav>ul.nav__l>li>button.nav__dd,לימוד והכשרה▾,18.36,400,False,4.5,"rgb(255,255,255) a=0.82","rgb(111,108,103)",4.135,FAIL,"backdrop-only screenshot (text ink hidden via color:transparent), 4x4 grid sample per element, darkest-vs-lightest kept, WCAG relative-luminance ratio against the worse extreme"
https://eyalamit-co-il-2026.s887.upress.link/faq/,ul.nav__l>li>button.nav__dd>span.nav__caret,▾,11.02,400,False,4.5,"rgb(255,255,255) a=0.82","rgb(96,94,68)",5.083,PASS,"backdrop-only screenshot (text ink hidden via color:transparent), 4x4 grid sample per element, darkest-vs-lightest kept, WCAG relative-luminance ratio against the worse extreme"
https://eyalamit-co-il-2026.s887.upress.link/faq/,nav.nav>ul.nav__l>li>a.nav__dd,כלים ואביזרים▾,18.36,400,False,4.5,"rgb(255,255,255) a=0.82","rgb(107,104,89)",4.394,FAIL,"backdrop-only screenshot (text ink hidden via color:transparent), 4x4 grid sample per element, darkest-vs-lightest kept, WCAG relative-luminance ratio against the worse extreme"
https://eyalamit-co-il-2026.s887.upress.link/faq/,ul.nav__l>li>a.nav__dd>span.nav__caret,▾,11.02,400,False,4.5,"rgb(255,255,255) a=0.82","rgb(97,90,65)",5.283,PASS,"backdrop-only screenshot (text ink hidden via color:transparent), 4x4 grid sample per element, darkest-vs-lightest kept, WCAG relative-luminance ratio against the worse extreme"
https://eyalamit-co-il-2026.s887.upress.link/faq/,nav.nav>ul.nav__l>li>a.nav__dd,ספרים▾,18.36,400,False,4.5,"rgb(255,255,255) a=0.82","rgb(74,72,32)",6.947,PASS,"backdrop-only screenshot (text ink hidden via color:transparent), 4x4 grid sample per element, darkest-vs-lightest kept, WCAG relative-luminance ratio against the worse extreme"
https://eyalamit-co-il-2026.s887.upress.link/faq/,ul.nav__l>li>a.nav__dd>span.nav__caret,▾,11.02,400,False,4.5,"rgb(255,255,255) a=0.82","rgb(67,63,32)",7.786,PASS,"backdrop-only screenshot (text ink hidden via color:transparent), 4x4 grid sample per element, darkest-vs-lightest kept, WCAG relative-luminance ratio against the worse extreme"
https://eyalamit-co-il-2026.s887.upress.link/faq/,nav.nav>ul.nav__l>li>a,בלוג דיג׳רידו,18.36,400,False,4.5,"rgb(255,255,255) a=0.82","rgb(96,90,66)",5.296,PASS,"backdrop-only screenshot (text ink hidden via color:transparent), 4x4 grid sample per element, darkest-vs-lightest kept, WCAG relative-luminance ratio against the worse extreme"
https://eyalamit-co-il-2026.s887.upress.link/faq/,nav.nav>ul.nav__l>li>button.nav__dd,אייל עמית▾,18.36,400,False,4.5,"rgb(255,255,255) a=0.82","rgb(100,96,76)",4.896,PASS,"backdrop-only screenshot (text ink hidden via color:transparent), 4x4 grid sample per element, darkest-vs-lightest kept, WCAG relative-luminance ratio against the worse extreme"
https://eyalamit-co-il-2026.s887.upress.link/faq/,ul.nav__l>li>button.nav__dd>span.nav__caret,▾,11.02,400,False,4.5,"rgb(255,255,255) a=0.82","rgb(88,87,59)",5.622,PASS,"backdrop-only screenshot (text ink hidden via color:transparent), 4x4 grid sample per element, darkest-vs-lightest kept, WCAG relative-luminance ratio against the worse extreme"
https://eyalamit-co-il-2026.s887.upress.link/faq/,nav.nav>ul.nav__l>li>a,צור קשר,18.36,400,False,4.5,"rgb(255,255,255) a=0.82","rgb(100,98,88)",4.757,PASS,"backdrop-only screenshot (text ink hidden via color:transparent), 4x4 grid sample per element, darkest-vs-lightest kept, WCAG relative-luminance ratio against the worse extreme"
https://eyalamit-co-il-2026.s887.upress.link/faq/,body.rtl.wp-singular>nav.nav>div.nav__r>a.nav__en,EN,12.24,300,False,4.5,"rgb(255,255,255) a=0.85","rgb(79,78,44)",6.725,PASS,"backdrop-only screenshot (text ink hidden via color:transparent), 4x4 grid sample per element, darkest-vs-lightest kept, WCAG relative-luminance ratio against the worse extreme"
https://eyalamit-co-il-2026.s887.upress.link/faq/,main.chapters-main>header.phero.phero--media>div.phero__in>h1.phero__h,שאלות נפוצות,44.2,300,True,3.0,"rgb(255,255,255)","rgb(137,104,32)",5.166,PASS,"backdrop-only screenshot (text ink hidden via color:transparent), 4x4 grid sample per element, darkest-vs-lightest kept, WCAG relative-luminance ratio against the worse extreme"
https://eyalamit-co-il-2026.s887.upress.link/faq/,main.chapters-main>header.phero.phero--media>div.phero__in>p.phero__s,"שאלות נפוצות על טיפול בדיג'רידו, שיעורי נגינה בדיג",19.55,300,False,4.5,"rgb(255,255,255) a=0.86","rgb(98,103,103)",4.757,PASS,"backdrop-only screenshot (text ink hidden via color:transparent), 4x4 grid sample per element, darkest-vs-lightest kept, WCAG relative-luminance ratio against the worse extreme"
https://eyalamit-co-il-2026.s887.upress.link/faq/,header.phero.phero--media>div.phero__in>p.phero__cta>a.btn.btn--gw,שיחת היכרות,15.3,500,False,4.5,"rgb(255,255,255)","rgb(69,61,54)",10.639,PASS,"backdrop-only screenshot (text ink hidden via color:transparent), 4x4 grid sample per element, darkest-vs-lightest kept, WCAG relative-luminance ratio against the worse extreme"
https://eyalamit-co-il-2026.s887.upress.link/faq/,section.ea-faq-list>div.ea-faq-list__inner>nav.ea-faq-toc>span.ea-faq-toc__label,נושאים:,13.6,500,False,4.5,"rgb(111,99,90)","rgb(255,255,250)",5.802,PASS,"backdrop-only screenshot (text ink hidden via color:transparent), 4x4 grid sample per element, darkest-vs-lightest kept, WCAG relative-luminance ratio against the worse extreme"
https://eyalamit-co-il-2026.s887.upress.link/faq/,nav.ea-faq-toc>ul.ea-faq-toc__list>li.ea-faq-toc__item>a.ea-faq-toc__link,טיפול בדיג'רידו,13.6,300,False,4.5,"rgb(46,43,40)","rgb(255,255,250)",14.029,PASS,"backdrop-only screenshot (text ink hidden via color:transparent), 4x4 grid sample per element, darkest-vs-lightest kept, WCAG relative-luminance ratio against the worse extreme"
https://eyalamit-co-il-2026.s887.upress.link/faq/,nav.ea-faq-toc>ul.ea-faq-toc__list>li.ea-faq-toc__item>a.ea-faq-toc__link,שיעורי נגינה בדיג'רידו,13.6,300,False,4.5,"rgb(46,43,40)","rgb(255,255,250)",14.029,PASS,"backdrop-only screenshot (text ink hidden via color:transparent), 4x4 grid sample per element, darkest-vs-lightest kept, WCAG relative-luminance ratio against the worse extreme"
https://eyalamit-co-il-2026.s887.upress.link/faq/,nav.ea-faq-toc>ul.ea-faq-toc__list>li.ea-faq-toc__item>a.ea-faq-toc__link.is-active,סאונד הילינג בדיג'רידו,13.6,300,False,4.5,"rgb(69,66,64)","rgb(255,255,250)",9.94,PASS,"backdrop-only screenshot (text ink hidden via color:transparent), 4x4 grid sample per element, darkest-vs-lightest kept, WCAG relative-luminance ratio against the worse extreme"
https://eyalamit-co-il-2026.s887.upress.link/faq/,nav.ea-faq-toc>ul.ea-faq-toc__list>li.ea-faq-toc__item>a.ea-faq-toc__link,השיטה — cbDIDG,13.6,300,False,4.5,"rgb(134,132,130)","rgb(255,255,250)",3.714,FAIL,"backdrop-only screenshot (text ink hidden via color:transparent), 4x4 grid sample per element, darkest-vs-lightest kept, WCAG relative-luminance ratio against the worse extreme"
https://eyalamit-co-il-2026.s887.upress.link/faq/,nav.ea-faq-toc>ul.ea-faq-toc__list>li.ea-faq-toc__item>a.ea-faq-toc__link,רכישת דיג'רידו,13.6,300,False,4.5,"rgb(46,43,40)","rgb(255,255,250)",14.029,PASS,"backdrop-only screenshot (text ink hidden via color:transparent), 4x4 grid sample per element, darkest-vs-lightest kept, WCAG relative-luminance ratio against the worse extreme"
https://eyalamit-co-il-2026.s887.upress.link/faq/,nav.ea-faq-toc>ul.ea-faq-toc__list>li.ea-faq-toc__item>a.ea-faq-toc__link,תיקים לדיג'רידו,13.6,300,False,4.5,"rgb(46,43,40)","rgb(255,255,250)",14.029,PASS,"backdrop-only screenshot (text ink hidden via color:transparent), 4x4 grid sample per element, darkest-vs-lightest kept, WCAG relative-luminance ratio against the worse extreme"
https://eyalamit-co-il-2026.s887.upress.link/faq/,nav.ea-faq-toc>ul.ea-faq-toc__list>li.ea-faq-toc__item>a.ea-faq-toc__link,סטנדים לאחסון דיג'רידו,13.6,300,False,4.5,"rgb(46,43,40)","rgb(255,255,250)",14.029,PASS,"backdrop-only screenshot (text ink hidden via color:transparent), 4x4 grid sample per element, darkest-vs-lightest kept, WCAG relative-luminance ratio against the worse extreme"
https://eyalamit-co-il-2026.s887.upress.link/faq/,nav.ea-faq-toc>ul.ea-faq-toc__list>li.ea-faq-toc__item>a.ea-faq-toc__link,סטנד רצפתי לנגינה,13.6,300,False,4.5,"rgb(46,43,40)","rgb(255,255,250)",14.029,PASS,"backdrop-only screenshot (text ink hidden via color:transparent), 4x4 grid sample per element, darkest-vs-lightest kept, WCAG relative-luminance ratio against the worse extreme"
https://eyalamit-co-il-2026.s887.upress.link/faq/,nav.ea-faq-toc>ul.ea-faq-toc__list>li.ea-faq-toc__item>a.ea-faq-toc__link,תיקון וחידוש דיג'רידו,13.6,300,False,4.5,"rgb(46,43,40)","rgb(255,255,250)",14.029,PASS,"backdrop-only screenshot (text ink hidden via color:transparent), 4x4 grid sample per element, darkest-vs-lightest kept, WCAG relative-luminance ratio against the worse extreme"
https://eyalamit-co-il-2026.s887.upress.link/faq/,nav.ea-faq-toc>ul.ea-faq-toc__list>li.ea-faq-toc__item>a.ea-faq-toc__link,שאלות כלליות,13.6,300,False,4.5,"rgb(46,43,40)","rgb(255,255,250)",14.029,PASS,"backdrop-only screenshot (text ink hidden via color:transparent), 4x4 grid sample per element, darkest-vs-lightest kept, WCAG relative-luminance ratio against the worse extreme"
https://eyalamit-co-il-2026.s887.upress.link/faq/,nav.ea-faq-toc>ul.ea-faq-toc__list>li.ea-faq-toc__item>a.ea-faq-toc__link,וכתבת,13.6,300,False,4.5,"rgb(46,43,40)","rgb(255,255,250)",14.029,PASS,"backdrop-only screenshot (text ink hidden via color:transparent), 4x4 grid sample per element, darkest-vs-lightest kept, WCAG relative-luminance ratio against the worse extreme"
https://eyalamit-co-il-2026.s887.upress.link/faq/,nav.ea-faq-toc>ul.ea-faq-toc__list>li.ea-faq-toc__item>a.ea-faq-toc__link,כושי בלאנטיס,13.6,300,False,4.5,"rgb(46,43,40)","rgb(255,255,250)",14.029,PASS,"backdrop-only screenshot (text ink hidden via color:transparent), 4x4 grid sample per element, darkest-vs-lightest kept, WCAG relative-luminance ratio against the worse extreme"
https://eyalamit-co-il-2026.s887.upress.link/faq/,nav.ea-faq-toc>ul.ea-faq-toc__list>li.ea-faq-toc__item>a.ea-faq-toc__link,צבע בכחול,13.6,300,False,4.5,"rgb(46,43,40)","rgb(255,255,250)",14.029,PASS,"backdrop-only screenshot (text ink hidden via color:transparent), 4x4 grid sample per element, darkest-vs-lightest kept, WCAG relative-luminance ratio against the worse extreme"
https://eyalamit-co-il-2026.s887.upress.link/faq/,nav.ea-faq-toc>ul.ea-faq-toc__list>li.ea-faq-toc__item>a.ea-faq-toc__link,הרצאות,13.6,300,False,4.5,"rgb(46,43,40)","rgb(255,255,250)",14.029,PASS,"backdrop-only screenshot (text ink hidden via color:transparent), 4x4 grid sample per element, darkest-vs-lightest kept, WCAG relative-luminance ratio against the worse extreme"
https://eyalamit-co-il-2026.s887.upress.link/faq/,nav.ea-faq-toc>ul.ea-faq-toc__list>li.ea-faq-toc__item>a.ea-faq-toc__link,סדנאות דיג'רידו,13.6,300,False,4.5,"rgb(46,43,40)","rgb(255,255,250)",14.029,PASS,"backdrop-only screenshot (text ink hidden via color:transparent), 4x4 grid sample per element, darkest-vs-lightest kept, WCAG relative-luminance ratio against the worse extreme"
https://eyalamit-co-il-2026.s887.upress.link/faq/,nav.ea-faq-toc>ul.ea-faq-toc__list>li.ea-faq-toc__item>a.ea-faq-toc__link,טיפול בנחירות ודום נשימה,13.6,300,False,4.5,"rgb(46,43,40)","rgb(255,255,250)",14.029,PASS,"backdrop-only screenshot (text ink hidden via color:transparent), 4x4 grid sample per element, darkest-vs-lightest kept, WCAG relative-luminance ratio against the worse extreme"
https://eyalamit-co-il-2026.s887.upress.link/faq/,div.ea-faq-list__inner>div>div.ea-faq-category>h2.ea-faq-category__heading,טיפול בדיג'רידו,18.7,500,False,4.5,"rgb(47,32,19)","rgb(255,255,250)",15.661,PASS,"backdrop-only screenshot (text ink hidden via color:transparent), 4x4 grid sample per element, darkest-vs-lightest kept, WCAG relative-luminance ratio against the worse extreme"
https://eyalamit-co-il-2026.s887.upress.link/faq/,div.ea-faq-category>details.ea-faq-item.ea-entrance>summary.ea-faq-item__summary>h3.ea-faq-item__question,אי אפשר פשוט ללמוד לנשום לבד?,17,500,False,4.5,"rgb(47,32,19)","rgb(255,255,250)",15.661,PASS,"backdrop-only screenshot (text ink hidden via color:transparent), 4x4 grid sample per element, darkest-vs-lightest kept, WCAG relative-luminance ratio against the worse extreme"
https://eyalamit-co-il-2026.s887.upress.link/faq/,div.ea-faq-category>details.ea-faq-item.ea-entrance>summary.ea-faq-item__summary>span.ea-faq-item__icon,▾,17,500,False,4.5,"rgb(181,102,61)","rgb(255,255,250)",4.244,FAIL,"backdrop-only screenshot (text ink hidden via color:transparent), 4x4 grid sample per element, darkest-vs-lightest kept, WCAG relative-luminance ratio against the worse extreme"
https://eyalamit-co-il-2026.s887.upress.link/faq/,div.ea-faq-category>details.ea-faq-item.ea-entrance>div.ea-faq-item__answer>p,השאלה הזו יכולה להתייחס לשני דברים שונים: נשימה יו,17,300,False,4.5,"rgb(138,90,68)","rgb(255,255,250)",5.773,PASS,"backdrop-only screenshot (text ink hidden via color:transparent), 4x4 grid sample per element, darkest-vs-lightest kept, WCAG relative-luminance ratio against the worse extreme"
https://eyalamit-co-il-2026.s887.upress.link/faq/,div.ea-faq-category>details.ea-faq-item.ea-entrance>div.ea-faq-item__answer>p,"אפשר לשים לב לנשימה, אבל לרוב קשה לראות לבד מה באמ",17,300,False,4.5,"rgb(138,90,68)","rgb(255,255,250)",5.773,PASS,"backdrop-only screenshot (text ink hidden via color:transparent), 4x4 grid sample per element, darkest-vs-lightest kept, WCAG relative-luminance ratio against the worse extreme"
https://eyalamit-co-il-2026.s887.upress.link/faq/,div.ea-faq-category>details.ea-faq-item.ea-entrance>div.ea-faq-item__answer>p,"הדיג׳רידו והליווי האישי יוצרים מסגרת ברורה, שמאפשר",17,300,False,4.5,"rgb(138,90,68)","rgb(255,255,250)",5.773,PASS,"backdrop-only screenshot (text ink hidden via color:transparent), 4x4 grid sample per element, darkest-vs-lightest kept, WCAG relative-luminance ratio against the worse extreme"
https://eyalamit-co-il-2026.s887.upress.link/faq/,div.ea-faq-category>details.ea-faq-item.ea-entrance>summary.ea-faq-item__summary>h3.ea-faq-item__question,איך נראה מפגש טיפולי?,17,500,False,4.5,"rgb(47,32,19)","rgb(255,255,250)",15.661,PASS,"backdrop-only screenshot (text ink hidden via color:transparent), 4x4 grid sample per element, darkest-vs-lightest kept, WCAG relative-luminance ratio against the worse extreme"
https://eyalamit-co-il-2026.s887.upress.link/faq/,div.ea-faq-category>details.ea-faq-item.ea-entrance>summary.ea-faq-item__summary>span.ea-faq-item__icon,▾,17,500,False,4.5,"rgb(181,102,61)","rgb(255,255,250)",4.244,FAIL,"backdrop-only screenshot (text ink hidden via color:transparent), 4x4 grid sample per element, darkest-vs-lightest kept, WCAG relative-luminance ratio against the worse extreme"
https://eyalamit-co-il-2026.s887.upress.link/faq/,div.ea-faq-category>details.ea-faq-item.ea-entrance>div.ea-faq-item__answer>p,"המפגש הוא אישי, אחד על אחד.",17,300,False,4.5,"rgb(138,90,68)","rgb(255,255,250)",5.773,PASS,"backdrop-only screenshot (text ink hidden via color:transparent), 4x4 grid sample per element, darkest-vs-lightest kept, WCAG relative-luminance ratio against the worse extreme"
https://eyalamit-co-il-2026.s887.upress.link/faq/,div.ea-faq-category>details.ea-faq-item.ea-entrance>div.ea-faq-item__answer>p,במהלך המפגש לומדים בהדרגה איך לעבוד עם הנשימה דרך ,17,300,False,4.5,"rgb(138,90,68)","rgb(255,255,250)",5.773,PASS,"backdrop-only screenshot (text ink hidden via color:transparent), 4x4 grid sample per element, darkest-vs-lightest kept, WCAG relative-luminance ratio against the worse extreme"
https://eyalamit-co-il-2026.s887.upress.link/faq/,div.ea-faq-category>details.ea-faq-item.ea-entrance>div.ea-faq-item__answer>p,"זה לא שיעור נגינה רגיל, אלא תהליך שמכוון להשפעה על",17,300,False,4.5,"rgb(138,90,68)","rgb(255,255,250)",5.773,PASS,"backdrop-only screenshot (text ink hidden via color:transparent), 4x4 grid sample per element, darkest-vs-lightest kept, WCAG relative-luminance ratio against the worse extreme"
https://eyalamit-co-il-2026.s887.upress.link/faq/,details.ea-faq-item.ea-entrance>div.ea-faq-item__answer>p>a,השיטה - cbDIDG,17,300,False,4.5,"rgb(138,90,68)","rgb(255,255,250)",5.773,PASS,"backdrop-only screenshot (text ink hidden via color:transparent), 4x4 grid sample per element, darkest-vs-lightest kept, WCAG relative-luminance ratio against the worse extreme"
https://eyalamit-co-il-2026.s887.upress.link/faq/,div.ea-faq-category>details.ea-faq-item.ea-entrance>summary.ea-faq-item__summary>h3.ea-faq-item__question,במה זה שונה מטיפולי נשימה אחרים?,17,500,False,4.5,"rgb(47,32,19)","rgb(255,255,250)",15.661,PASS,"backdrop-only screenshot (text ink hidden via color:transparent), 4x4 grid sample per element, darkest-vs-lightest kept, WCAG relative-luminance ratio against the worse extreme"
https://eyalamit-co-il-2026.s887.upress.link/faq/,div.ea-faq-category>details.ea-faq-item.ea-entrance>summary.ea-faq-item__summary>span.ea-faq-item__icon,▾,17,500,False,4.5,"rgb(181,102,61)","rgb(255,255,250)",4.244,FAIL,"backdrop-only screenshot (text ink hidden via color:transparent), 4x4 grid sample per element, darkest-vs-lightest kept, WCAG relative-luminance ratio against the worse extreme"
https://eyalamit-co-il-2026.s887.upress.link/faq/,div.ea-faq-category>details.ea-faq-item.ea-entrance>div.ea-faq-item__answer>p,יש הרבה דרכים לעבוד עם נשימה.,17,300,False,4.5,"rgb(138,90,68)","rgb(255,255,250)",5.773,PASS,"backdrop-only screenshot (text ink hidden via color:transparent), 4x4 grid sample per element, darkest-vs-lightest kept, WCAG relative-luminance ratio against the worse extreme"
https://eyalamit-co-il-2026.s887.upress.link/faq/,div.ea-faq-category>details.ea-faq-item.ea-entrance>div.ea-faq-item__answer>p,"הייחוד כאן הוא בשילוב בין כלי פיזי, צליל ותהליך למ",17,300,False,4.5,"rgb(138,90,68)","rgb(255,255,250)",5.773,PASS,"backdrop-only screenshot (text ink hidden via color:transparent), 4x4 grid sample per element, darkest-vs-lightest kept, WCAG relative-luminance ratio against the worse extreme"
https://eyalamit-co-il-2026.s887.upress.link/faq/,div.ea-faq-category>details.ea-faq-item.ea-entrance>div.ea-faq-item__answer>p,"טכניקת הנשימה המעגלית בדיג'רידו מחייבת דיוק, תזמון",17,300,False,4.5,"rgb(138,90,68)","rgb(255,255,250)",5.773,PASS,"backdrop-only screenshot (text ink hidden via color:transparent), 4x4 grid sample per element, darkest-vs-lightest kept, WCAG relative-luminance ratio against the worse extreme"
https://eyalamit-co-il-2026.s887.upress.link/faq/,div.ea-faq-category>details.ea-faq-item.ea-entrance>div.ea-faq-item__answer>p,"בנוסף, העבודה עם הדיג'רידו היא חווייתית ומעניינת, ",17,300,False,4.5,"rgb(138,90,68)","rgb(255,255,250)",5.773,PASS,"backdrop-only screenshot (text ink hidden via color:transparent), 4x4 grid sample per element, darkest-vs-lightest kept, WCAG relative-luminance ratio against the worse extreme"
https://eyalamit-co-il-2026.s887.upress.link/faq/,div.ea-faq-category>details.ea-faq-item.ea-entrance>summary.ea-faq-item__summary>h3.ea-faq-item__question,האם דיג'רידו באמת עוזר לנחירות?,17,500,False,4.5,"rgb(47,32,19)","rgb(255,255,250)",15.661,PASS,"backdrop-only screenshot (text ink hidden via color:transparent), 4x4 grid sample per element, darkest-vs-lightest kept, WCAG relative-luminance ratio against the worse extreme"
https://eyalamit-co-il-2026.s887.upress.link/faq/,div.ea-faq-category>details.ea-faq-item.ea-entrance>summary.ea-faq-item__summary>span.ea-faq-item__icon,▾,17,500,False,4.5,"rgb(181,102,61)","rgb(255,255,250)",4.244,FAIL,"backdrop-only screenshot (text ink hidden via color:transparent), 4x4 grid sample per element, darkest-vs-lightest kept, WCAG relative-luminance ratio against the worse extreme"
https://eyalamit-co-il-2026.s887.upress.link/faq/,div.ea-faq-category>details.ea-faq-item.ea-entrance>div.ea-faq-item__answer>p,"מחקרים, ובהם מחקר מבוקר ב-BMJ (2006), מצביעים על כ",17,300,False,4.5,"rgb(138,90,68)","rgb(255,255,250)",5.773,PASS,"backdrop-only screenshot (text ink hidden via color:transparent), 4x4 grid sample per element, darkest-vs-lightest kept, WCAG relative-luminance ratio against the worse extreme"
https://eyalamit-co-il-2026.s887.upress.link/faq/,div.ea-faq-category>details.ea-faq-item.ea-entrance>div.ea-faq-item__answer>p,לקריאה נוספת אודות נחירות ודום נשימה בשינה: גישה ט,17,300,False,4.5,"rgb(138,90,68)","rgb(255,255,250)",5.773,PASS,"backdrop-only screenshot (text ink hidden via color:transparent), 4x4 grid sample per element, darkest-vs-lightest kept, WCAG relative-luminance ratio against the worse extreme"
https://eyalamit-co-il-2026.s887.upress.link/faq/,details.ea-faq-item.ea-entrance>div.ea-faq-item__answer>p>a.tlink,עמוד נחירות ודום נשימה,17,300,False,4.5,"rgb(154,79,43)","rgb(255,255,250)",5.936,PASS,"backdrop-only screenshot (text ink hidden via color:transparent), 4x4 grid sample per element, darkest-vs-lightest kept, WCAG relative-luminance ratio against the worse extreme"
https://eyalamit-co-il-2026.s887.upress.link/faq/,div.ea-faq-category>details.ea-faq-item.ea-entrance>summary.ea-faq-item__summary>h3.ea-faq-item__question,האם דיג'רידו מחליף מכשיר CPAP?,17,500,False,4.5,"rgb(47,32,19)","rgb(255,255,250)",15.661,PASS,"backdrop-only screenshot (text ink hidden via color:transparent), 4x4 grid sample per element, darkest-vs-lightest kept, WCAG relative-luminance ratio against the worse extreme"
https://eyalamit-co-il-2026.s887.upress.link/faq/,div.ea-faq-category>details.ea-faq-item.ea-entrance>summary.ea-faq-item__summary>span.ea-faq-item__icon,▾,17,500,False,4.5,"rgb(181,102,61)","rgb(255,255,250)",4.244,FAIL,"backdrop-only screenshot (text ink hidden via color:transparent), 4x4 grid sample per element, darkest-vs-lightest kept, WCAG relative-luminance ratio against the worse extreme"
https://eyalamit-co-il-2026.s887.upress.link/faq/,div.ea-faq-category>details.ea-faq-item.ea-entrance>div.ea-faq-item__answer>p,"לא. CPAP הוא טיפול רפואי שנקבע ע""י רופא. תרגול בדי",17,300,False,4.5,"rgb(138,90,68)","rgb(255,255,250)",5.773,PASS,"backdrop-only screenshot (text ink hidden via color:transparent), 4x4 grid sample per element, darkest-vs-lightest kept, WCAG relative-luminance ratio against the worse extreme"
https://eyalamit-co-il-2026.s887.upress.link/faq/,div.ea-faq-category>details.ea-faq-item.ea-entrance>div.ea-faq-item__answer>p,לקריאה נוספת אודות נחירות ודום נשימה בשינה: גישה ט,17,300,False,4.5,"rgb(138,90,68)","rgb(255,255,250)",5.773,PASS,"backdrop-only screenshot (text ink hidden via color:transparent), 4x4 grid sample per element, darkest-vs-lightest kept, WCAG relative-luminance ratio against the worse extreme"
https://eyalamit-co-il-2026.s887.upress.link/faq/,details.ea-faq-item.ea-entrance>div.ea-faq-item__answer>p>a.tlink,עמוד נחירות ודום נשימה,17,300,False,4.5,"rgb(154,79,43)","rgb(255,255,250)",5.936,PASS,"backdrop-only screenshot (text ink hidden via color:transparent), 4x4 grid sample per element, darkest-vs-lightest kept, WCAG relative-luminance ratio against the worse extreme"
https://eyalamit-co-il-2026.s887.upress.link/faq/,div.ea-faq-category>details.ea-faq-item.ea-entrance>summary.ea-faq-item__summary>h3.ea-faq-item__question,האם זה טיפול רפואי?,17,500,False,4.5,"rgb(47,32,19)","rgb(255,255,250)",15.661,PASS,"backdrop-only screenshot (text ink hidden via color:transparent), 4x4 grid sample per element, darkest-vs-lightest kept, WCAG relative-luminance ratio against the worse extreme"
https://eyalamit-co-il-2026.s887.upress.link/faq/,div.ea-faq-category>details.ea-faq-item.ea-entrance>summary.ea-faq-item__summary>span.ea-faq-item__icon,▾,17,500,False,4.5,"rgb(181,102,61)","rgb(255,255,250)",4.244,FAIL,"backdrop-only screenshot (text ink hidden via color:transparent), 4x4 grid sample per element, darkest-vs-lightest kept, WCAG relative-luminance ratio against the worse extreme"
https://eyalamit-co-il-2026.s887.upress.link/faq/,div.ea-faq-category>details.ea-faq-item.ea-entrance>div.ea-faq-item__answer>p,לא.,17,300,False,4.5,"rgb(138,90,68)","rgb(255,255,250)",5.773,PASS,"backdrop-only screenshot (text ink hidden via color:transparent), 4x4 grid sample per element, darkest-vs-lightest kept, WCAG relative-luminance ratio against the worse extreme"
https://eyalamit-co-il-2026.s887.upress.link/faq/,div.ea-faq-category>details.ea-faq-item.ea-entrance>div.ea-faq-item__answer>p,"העבודה אינה תחליף לטיפול רפואי, ואינה מוצגת ככזו.",17,300,False,4.5,"rgb(138,90,68)","rgb(255,255,250)",5.773,PASS,"backdrop-only screenshot (text ink hidden via color:transparent), 4x4 grid sample per element, darkest-vs-lightest kept, WCAG relative-luminance ratio against the worse extreme"
https://eyalamit-co-il-2026.s887.upress.link/faq/,div.ea-faq-category>details.ea-faq-item.ea-entrance>div.ea-faq-item__answer>p,"עם זאת, אנשים רבים מגיעים מתוך מצבים שונים שקשורים",17,300,False,4.5,"rgb(138,90,68)","rgb(255,255,250)",5.773,PASS,"backdrop-only screenshot (text ink hidden via color:transparent), 4x4 grid sample per element, darkest-vs-lightest kept, WCAG relative-luminance ratio against the worse extreme"
https://eyalamit-co-il-2026.s887.upress.link/faq/,div.ea-faq-category>details.ea-faq-item.ea-entrance>summary.ea-faq-item__summary>h3.ea-faq-item__question,האם זה מתאים גם למי שכבר מכיר נשימה מעגלית?,17,500,False,4.5,"rgb(47,32,19)","rgb(255,255,250)",15.661,PASS,"backdrop-only screenshot (text ink hidden via color:transparent), 4x4 grid sample per element, darkest-vs-lightest kept, WCAG relative-luminance ratio against the worse extreme"
https://eyalamit-co-il-2026.s887.upress.link/faq/,div.ea-faq-category>details.ea-faq-item.ea-entrance>summary.ea-faq-item__summary>span.ea-faq-item__icon,▾,17,500,False,4.5,"rgb(181,102,61)","rgb(255,255,250)",4.244,FAIL,"backdrop-only screenshot (text ink hidden via color:transparent), 4x4 grid sample per element, darkest-vs-lightest kept, WCAG relative-luminance ratio against the worse extreme"
https://eyalamit-co-il-2026.s887.upress.link/faq/,div.ea-faq-category>details.ea-faq-item.ea-entrance>div.ea-faq-item__answer>p,יש הבדל בין נשימה מעגלית ריברסינג לבין נשימה מעגלי,17,300,False,4.5,"rgb(138,90,68)","rgb(255,255,250)",5.773,PASS,"backdrop-only screenshot (text ink hidden via color:transparent), 4x4 grid sample per element, darkest-vs-lightest kept, WCAG relative-luminance ratio against the worse extreme"
https://eyalamit-co-il-2026.s887.upress.link/faq/,details.ea-faq-item.ea-entrance>div.ea-faq-item__answer>p>a,ריברסינג,17,300,False,4.5,"rgb(138,90,68)","rgb(255,255,250)",5.773,PASS,"backdrop-only screenshot (text ink hidden via color:transparent), 4x4 grid sample per element, darkest-vs-lightest kept, WCAG relative-luminance ratio against the worse extreme"
https://eyalamit-co-il-2026.s887.upress.link/faq/,div.ea-faq-category>details.ea-faq-item.ea-entrance>div.ea-faq-item__answer>p,"בנשימה מעגלית ריברסינג, מדובר בתרגול נשימתי רציף, ",17,300,False,4.5,"rgb(138,90,68)","rgb(255,255,250)",5.773,PASS,"backdrop-only screenshot (text ink hidden via color:transparent), 4x4 grid sample per element, darkest-vs-lightest kept, WCAG relative-luminance ratio against the worse extreme"
https://eyalamit-co-il-2026.s887.upress.link/faq/,div.ea-faq-category>details.ea-faq-item.ea-entrance>div.ea-faq-item__answer>p,"בנשימה מעגלית בדיג'רידו, מדובר בטכניקה פיזית שונה ",17,300,False,4.5,"rgb(138,90,68)","rgb(255,255,250)",5.773,PASS,"backdrop-only screenshot (text ink hidden via color:transparent), 4x4 grid sample per element, darkest-vs-lightest kept, WCAG relative-luminance ratio against the worse extreme"
https://eyalamit-co-il-2026.s887.upress.link/faq/,div.ea-faq-category>details.ea-faq-item.ea-entrance>summary.ea-faq-item__summary>h3.ea-faq-item__question,"האם זה מתאים גם למי שלא ""מחובר לעולם הזה""?",17,500,False,4.5,"rgb(47,32,19)","rgb(255,255,250)",15.661,PASS,"backdrop-only screenshot (text ink hidden via color:transparent), 4x4 grid sample per element, darkest-vs-lightest kept, WCAG relative-luminance ratio against the worse extreme"
https://eyalamit-co-il-2026.s887.upress.link/faq/,div.ea-faq-category>details.ea-faq-item.ea-entrance>summary.ea-faq-item__summary>span.ea-faq-item__icon,▾,17,500,False,4.5,"rgb(181,102,61)","rgb(255,255,250)",4.244,FAIL,"backdrop-only screenshot (text ink hidden via color:transparent), 4x4 grid sample per element, darkest-vs-lightest kept, WCAG relative-luminance ratio against the worse extreme"
https://eyalamit-co-il-2026.s887.upress.link/faq/,div.ea-faq-category>details.ea-faq-item.ea-entrance>div.ea-faq-item__answer>p,כן.,17,300,False,4.5,"rgb(138,90,68)","rgb(255,255,250)",5.773,PASS,"backdrop-only screenshot (text ink hidden via color:transparent), 4x4 grid sample per element, darkest-vs-lightest kept, WCAG relative-luminance ratio against the worse extreme"
https://eyalamit-co-il-2026.s887.upress.link/faq/,div.ea-faq-category>details.ea-faq-item.ea-entrance>div.ea-faq-item__answer>p,"אין צורך ברקע, אמונה או גישה מסוימת. העבודה היא פש",17,300,False,4.5,"rgb(138,90,68)","rgb(255,255,250)",5.773,PASS,"backdrop-only screenshot (text ink hidden via color:transparent), 4x4 grid sample per element, darkest-vs-lightest kept, WCAG relative-luminance ratio against the worse extreme"
https://eyalamit-co-il-2026.s887.upress.link/faq/,div.ea-faq-category>details.ea-faq-item.ea-entrance>div.ea-faq-item__answer>p,אל המרכז לטיפול בדיג'רידו מגיעים אנשים מכל קצוות ה,17,300,False,4.5,"rgb(138,90,68)","rgb(255,255,250)",5.773,PASS,"backdrop-only screenshot (text ink hidden via color:transparent), 4x4 grid sample per element, darkest-vs-lightest kept, WCAG relative-luminance ratio against the worse extreme"
https://eyalamit-co-il-2026.s887.upress.link/faq/,div.ea-faq-category>details.ea-faq-item.ea-entrance>div.ea-faq-item__answer>p,הנשימה היא לכולם.,17,300,False,4.5,"rgb(138,90,68)","rgb(255,255,250)",5.773,PASS,"backdrop-only screenshot (text ink hidden via color:transparent), 4x4 grid sample per element, darkest-vs-lightest kept, WCAG relative-luminance ratio against the worse extreme"
https://eyalamit-co-il-2026.s887.upress.link/faq/,div.ea-faq-category>details.ea-faq-item.ea-entrance>summary.ea-faq-item__summary>h3.ea-faq-item__question,האם זה מתאים לדום נשימה חמור?,17,500,False,4.5,"rgb(47,32,19)","rgb(255,255,250)",15.661,PASS,"backdrop-only screenshot (text ink hidden via color:transparent), 4x4 grid sample per element, darkest-vs-lightest kept, WCAG relative-luminance ratio against the worse extreme"
https://eyalamit-co-il-2026.s887.upress.link/faq/,div.ea-faq-category>details.ea-faq-item.ea-entrance>summary.ea-faq-item__summary>span.ea-faq-item__icon,▾,17,500,False,4.5,"rgb(181,102,61)","rgb(255,255,250)",4.244,FAIL,"backdrop-only screenshot (text ink hidden via color:transparent), 4x4 grid sample per element, darkest-vs-lightest kept, WCAG relative-luminance ratio against the worse extreme"
https://eyalamit-co-il-2026.s887.upress.link/faq/,div.ea-faq-category>details.ea-faq-item.ea-entrance>div.ea-faq-item__answer>p,דום נשימה חמור מחייב מעקב רפואי וטיפול ייעודי. העב,17,300,False,4.5,"rgb(138,90,68)","rgb(255,255,250)",5.773,PASS,"backdrop-only screenshot (text ink hidden via color:transparent), 4x4 grid sample per element, darkest-vs-lightest kept, WCAG relative-luminance ratio against the worse extreme"
https://eyalamit-co-il-2026.s887.upress.link/faq/,div.ea-faq-category>details.ea-faq-item.ea-entrance>div.ea-faq-item__answer>p,לקריאה נוספת אודות נחירות ודום נשימה בשינה: גישה ט,17,300,False,4.5,"rgb(138,90,68)","rgb(255,255,250)",5.773,PASS,"backdrop-only screenshot (text ink hidden via color:transparent), 4x4 grid sample per element, darkest-vs-lightest kept, WCAG relative-luminance ratio against the worse extreme"
https://eyalamit-co-il-2026.s887.upress.link/faq/,details.ea-faq-item.ea-entrance>div.ea-faq-item__answer>p>a.tlink,עמוד נחירות ודום נשימה,17,300,False,4.5,"rgb(154,79,43)","rgb(255,255,250)",5.936,PASS,"backdrop-only screenshot (text ink hidden via color:transparent), 4x4 grid sample per element, darkest-vs-lightest kept, WCAG relative-luminance ratio against the worse extreme"
https://eyalamit-co-il-2026.s887.upress.link/faq/,div.ea-faq-category>details.ea-faq-item.ea-entrance>summary.ea-faq-item__summary>h3.ea-faq-item__question,האם זה מתאים למי שמתמודד עם סטרס או עומס?,17,500,False,4.5,"rgb(47,32,19)","rgb(255,255,250)",15.661,PASS,"backdrop-only screenshot (text ink hidden via color:transparent), 4x4 grid sample per element, darkest-vs-lightest kept, WCAG relative-luminance ratio against the worse extreme"
https://eyalamit-co-il-2026.s887.upress.link/faq/,div.ea-faq-category>details.ea-faq-item.ea-entrance>summary.ea-faq-item__summary>span.ea-faq-item__icon,▾,17,500,False,4.5,"rgb(181,102,61)","rgb(255,255,250)",4.244,FAIL,"backdrop-only screenshot (text ink hidden via color:transparent), 4x4 grid sample per element, darkest-vs-lightest kept, WCAG relative-luminance ratio against the worse extreme"
https://eyalamit-co-il-2026.s887.upress.link/faq/,div.ea-faq-category>details.ea-faq-item.ea-entrance>div.ea-faq-item__answer>p,"כן, במקרים רבים אנשים מגיעים בדיוק מהמקום הזה.",17,300,False,4.5,"rgb(138,90,68)","rgb(255,255,250)",5.773,PASS,"backdrop-only screenshot (text ink hidden via color:transparent), 4x4 grid sample per element, darkest-vs-lightest kept, WCAG relative-luminance ratio against the worse extreme"
https://eyalamit-co-il-2026.s887.upress.link/faq/,div.ea-faq-category>details.ea-faq-item.ea-entrance>div.ea-faq-item__answer>p,"העבודה עם הנשימה יכולה לעזור לייצב ולהרגיע, אבל הי",17,300,False,4.5,"rgb(138,90,68)","rgb(255,255,250)",5.773,PASS,"backdrop-only screenshot (text ink hidden via color:transparent), 4x4 grid sample per element, darkest-vs-lightest kept, WCAG relative-luminance ratio against the worse extreme"
https://eyalamit-co-il-2026.s887.upress.link/faq/,div.ea-faq-category>details.ea-faq-item.ea-entrance>summary.ea-faq-item__summary>h3.ea-faq-item__question,האם צריך לתרגל גם בין המפגשים?,17,500,False,4.5,"rgb(47,32,19)","rgb(255,255,250)",15.661,PASS,"backdrop-only screenshot (text ink hidden via color:transparent), 4x4 grid sample per element, darkest-vs-lightest kept, WCAG relative-luminance ratio against the worse extreme"
https://eyalamit-co-il-2026.s887.upress.link/faq/,div.ea-faq-category>details.ea-faq-item.ea-entrance>summary.ea-faq-item__summary>span.ea-faq-item__icon,▾,17,500,False,4.5,"rgb(181,102,61)","rgb(255,255,250)",4.244,FAIL,"backdrop-only screenshot (text ink hidden via color:transparent), 4x4 grid sample per element, darkest-vs-lightest kept, WCAG relative-luminance ratio against the worse extreme"
https://eyalamit-co-il-2026.s887.upress.link/faq/,div.ea-faq-category>details.ea-faq-item.ea-entrance>div.ea-faq-item__answer>p,כן.,17,300,False,4.5,"rgb(138,90,68)","rgb(255,255,250)",5.773,PASS,"backdrop-only screenshot (text ink hidden via color:transparent), 4x4 grid sample per element, darkest-vs-lightest kept, WCAG relative-luminance ratio against the worse extreme"
https://eyalamit-co-il-2026.s887.upress.link/faq/,div.ea-faq-category>details.ea-faq-item.ea-entrance>div.ea-faq-item__answer>p,"התרגול בין המפגשים הוא חלק חשוב מהתהליך, ושם הרבה ",17,300,False,4.5,"rgb(138,90,68)","rgb(255,255,250)",5.773,PASS,"backdrop-only screenshot (text ink hidden via color:transparent), 4x4 grid sample per element, darkest-vs-lightest kept, WCAG relative-luminance ratio against the worse extreme"
https://eyalamit-co-il-2026.s887.upress.link/faq/,div.ea-faq-category>details.ea-faq-item.ea-entrance>summary.ea-faq-item__summary>h3.ea-faq-item__question,האם צריך ניסיון קודם בנגינה?,17,500,False,4.5,"rgb(47,32,19)","rgb(255,255,250)",15.661,PASS,"backdrop-only screenshot (text ink hidden via color:transparent), 4x4 grid sample per element, darkest-vs-lightest kept, WCAG relative-luminance ratio against the worse extreme"
https://eyalamit-co-il-2026.s887.upress.link/faq/,div.ea-faq-category>details.ea-faq-item.ea-entrance>summary.ea-faq-item__summary>span.ea-faq-item__icon,▾,17,500,False,4.5,"rgb(181,102,61)","rgb(255,255,250)",4.244,FAIL,"backdrop-only screenshot (text ink hidden via color:transparent), 4x4 grid sample per element, darkest-vs-lightest kept, WCAG relative-luminance ratio against the worse extreme"
https://eyalamit-co-il-2026.s887.upress.link/faq/,div.ea-faq-category>details.ea-faq-item.ea-entrance>div.ea-faq-item__answer>p,לא.,17,300,False,4.5,"rgb(138,90,68)","rgb(255,255,250)",5.773,PASS,"backdrop-only screenshot (text ink hidden via color:transparent), 4x4 grid sample per element, darkest-vs-lightest kept, WCAG relative-luminance ratio against the worse extreme"
https://eyalamit-co-il-2026.s887.upress.link/faq/,div.ea-faq-category>details.ea-faq-item.ea-entrance>div.ea-faq-item__answer>p,"העבודה מתחילה מהבסיס, ואין צורך בידע קודם.",17,300,False,4.5,"rgb(138,90,68)","rgb(255,255,250)",5.773,PASS,"backdrop-only screenshot (text ink hidden via color:transparent), 4x4 grid sample per element, darkest-vs-lightest kept, WCAG relative-luminance ratio against the worse extreme"
https://eyalamit-co-il-2026.s887.upress.link/faq/,div.ea-faq-category>details.ea-faq-item.ea-entrance>div.ea-faq-item__answer>p,לומדים בהדרגה גם את הנגינה וגם את העבודה עם הנשימה,17,300,False,4.5,"rgb(138,90,68)","rgb(255,255,250)",5.773,PASS,"backdrop-only screenshot (text ink hidden via color:transparent), 4x4 grid sample per element, darkest-vs-lightest kept, WCAG relative-luminance ratio against the worse extreme"
https://eyalamit-co-il-2026.s887.upress.link/faq/,div.ea-faq-category>details.ea-faq-item.ea-entrance>summary.ea-faq-item__summary>h3.ea-faq-item__question,כמה זמן לוקח לראות שינוי?,17,500,False,4.5,"rgb(47,32,19)","rgb(255,255,250)",15.661,PASS,"backdrop-only screenshot (text ink hidden via color:transparent), 4x4 grid sample per element, darkest-vs-lightest kept, WCAG relative-luminance ratio against the worse extreme"
https://eyalamit-co-il-2026.s887.upress.link/faq/,div.ea-faq-category>details.ea-faq-item.ea-entrance>summary.ea-faq-item__summary>span.ea-faq-item__icon,▾,17,500,False,4.5,"rgb(181,102,61)","rgb(255,255,250)",4.244,FAIL,"backdrop-only screenshot (text ink hidden via color:transparent), 4x4 grid sample per element, darkest-vs-lightest kept, WCAG relative-luminance ratio against the worse extreme"
https://eyalamit-co-il-2026.s887.upress.link/faq/,div.ea-faq-category>details.ea-faq-item.ea-entrance>div.ea-faq-item__answer>p,זה לא תהליך של מפגש אחד.,17,300,False,4.5,"rgb(138,90,68)","rgb(255,255,250)",5.773,PASS,"backdrop-only screenshot (text ink hidden via color:transparent), 4x4 grid sample per element, darkest-vs-lightest kept, WCAG relative-luminance ratio against the worse extreme"
https://eyalamit-co-il-2026.s887.upress.link/faq/,div.ea-faq-category>details.ea-faq-item.ea-entrance>div.ea-faq-item__answer>p,"העבודה מבוססת על תרגול והתמדה, וההשפעה נבנית לאורך",17,300,False,4.5,"rgb(138,90,68)","rgb(255,255,250)",5.773,PASS,"backdrop-only screenshot (text ink hidden via color:transparent), 4x4 grid sample per element, darkest-vs-lightest kept, WCAG relative-luminance ratio against the worse extreme"
https://eyalamit-co-il-2026.s887.upress.link/faq/,div.ea-faq-category>details.ea-faq-item.ea-entrance>div.ea-faq-item__answer>p,"רבים מדווחים על שינוי כבר בשלבים הראשונים, אבל המש",17,300,False,4.5,"rgb(138,90,68)","rgb(255,255,250)",5.773,PASS,"backdrop-only screenshot (text ink hidden via color:transparent), 4x4 grid sample per element, darkest-vs-lightest kept, WCAG relative-luminance ratio against the worse extreme"
https://eyalamit-co-il-2026.s887.upress.link/faq/,div.ea-faq-category>details.ea-faq-item.ea-entrance>summary.ea-faq-item__summary>h3.ea-faq-item__question,כמה זמן נמשך התהליך?,17,500,False,4.5,"rgb(47,32,19)","rgb(255,255,250)",15.661,PASS,"backdrop-only screenshot (text ink hidden via color:transparent), 4x4 grid sample per element, darkest-vs-lightest kept, WCAG relative-luminance ratio against the worse extreme"
https://eyalamit-co-il-2026.s887.upress.link/faq/,div.ea-faq-category>details.ea-faq-item.ea-entrance>summary.ea-faq-item__summary>span.ea-faq-item__icon,▾,17,500,False,4.5,"rgb(181,102,61)","rgb(255,255,250)",4.244,FAIL,"backdrop-only screenshot (text ink hidden via color:transparent), 4x4 grid sample per element, darkest-vs-lightest kept, WCAG relative-luminance ratio against the worse extreme"
https://eyalamit-co-il-2026.s887.upress.link/faq/,div.ea-faq-category>details.ea-faq-item.ea-entrance>div.ea-faq-item__answer>p,אין זמן קבוע.,17,300,False,4.5,"rgb(138,90,68)","rgb(255,255,250)",5.773,PASS,"backdrop-only screenshot (text ink hidden via color:transparent), 4x4 grid sample per element, darkest-vs-lightest kept, WCAG relative-luminance ratio against the worse extreme"
https://eyalamit-co-il-2026.s887.upress.link/faq/,div.ea-faq-category>details.ea-faq-item.ea-entrance>div.ea-faq-item__answer>p,"זה תהליך אישי, שיכול להימשך תקופה קצרה או ארוכה יו",17,300,False,4.5,"rgb(138,90,68)","rgb(255,255,250)",5.773,PASS,"backdrop-only screenshot (text ink hidden via color:transparent), 4x4 grid sample per element, darkest-vs-lightest kept, WCAG relative-luminance ratio against the worse extreme"
https://eyalamit-co-il-2026.s887.upress.link/faq/,div.ea-faq-category>details.ea-faq-item.ea-entrance>summary.ea-faq-item__summary>h3.ea-faq-item__question,למי זה פחות מתאים?,17,500,False,4.5,"rgb(47,32,19)","rgb(255,255,250)",15.661,PASS,"backdrop-only screenshot (text ink hidden via color:transparent), 4x4 grid sample per element, darkest-vs-lightest kept, WCAG relative-luminance ratio against the worse extreme"
https://eyalamit-co-il-2026.s887.upress.link/faq/,div.ea-faq-category>details.ea-faq-item.ea-entrance>summary.ea-faq-item__summary>span.ea-faq-item__icon,▾,17,500,False,4.5,"rgb(181,102,61)","rgb(255,255,250)",4.244,FAIL,"backdrop-only screenshot (text ink hidden via color:transparent), 4x4 grid sample per element, darkest-vs-lightest kept, WCAG relative-luminance ratio against the worse extreme"
https://eyalamit-co-il-2026.s887.upress.link/faq/,div.ea-faq-category>details.ea-faq-item.ea-entrance>div.ea-faq-item__answer>p,"העבודה מתאימה לרוב האנשים, אך יש מצבים שבהם כדאי ל",17,300,False,4.5,"rgb(138,90,68)","rgb(255,255,250)",5.773,PASS,"backdrop-only screenshot (text ink hidden via color:transparent), 4x4 grid sample per element, darkest-vs-lightest kept, WCAG relative-luminance ratio against the worse extreme"
https://eyalamit-co-il-2026.s887.upress.link/faq/,div.ea-faq-category>details.ea-faq-item.ea-entrance>div.ea-faq-item__answer>p,לדוגמה:,17,300,False,4.5,"rgb(138,90,68)","rgb(255,255,250)",5.773,PASS,"backdrop-only screenshot (text ink hidden via color:transparent), 4x4 grid sample per element, darkest-vs-lightest kept, WCAG relative-luminance ratio against the worse extreme"
https://eyalamit-co-il-2026.s887.upress.link/faq/,details.ea-faq-item.ea-entrance>div.ea-faq-item__answer>ul>li,נשים בהריון,17,300,False,4.5,"rgb(103,72,45)","rgb(255,255,250)",8.238,PASS,"backdrop-only screenshot (text ink hidden via color:transparent), 4x4 grid sample per element, darkest-vs-lightest kept, WCAG relative-luminance ratio against the worse extreme"
https://eyalamit-co-il-2026.s887.upress.link/faq/,details.ea-faq-item.ea-entrance>div.ea-faq-item__answer>ul>li,מצבים נפשיים מורכבים,17,300,False,4.5,"rgb(103,72,45)","rgb(255,255,250)",8.238,PASS,"backdrop-only screenshot (text ink hidden via color:transparent), 4x4 grid sample per element, darkest-vs-lightest kept, WCAG relative-luminance ratio against the worse extreme"
https://eyalamit-co-il-2026.s887.upress.link/faq/,details.ea-faq-item.ea-entrance>div.ea-faq-item__answer>ul>li,מצבים רפואיים חריגים,17,300,False,4.5,"rgb(103,72,45)","rgb(255,255,250)",8.238,PASS,"backdrop-only screenshot (text ink hidden via color:transparent), 4x4 grid sample per element, darkest-vs-lightest kept, WCAG relative-luminance ratio against the worse extreme"
https://eyalamit-co-il-2026.s887.upress.link/faq/,div.ea-faq-category>details.ea-faq-item.ea-entrance>div.ea-faq-item__answer>p,"בנוסף, העבודה מתאימה בדרך כלל מגיל 17 ומעלה.",17,300,False,4.5,"rgb(138,90,68)","rgb(255,255,250)",5.773,PASS,"backdrop-only screenshot (text ink hidden via color:transparent), 4x4 grid sample per element, darkest-vs-lightest kept, WCAG relative-luminance ratio against the worse extreme"
https://eyalamit-co-il-2026.s887.upress.link/faq/,div.ea-faq-category>details.ea-faq-item.ea-entrance>summary.ea-faq-item__summary>h3.ea-faq-item__question,למי טיפול בדיג'רידו יכול להתאים?,17,500,False,4.5,"rgb(47,32,19)","rgb(255,255,250)",15.661,PASS,"backdrop-only screenshot (text ink hidden via color:transparent), 4x4 grid sample per element, darkest-vs-lightest kept, WCAG relative-luminance ratio against the worse extreme"
https://eyalamit-co-il-2026.s887.upress.link/faq/,div.ea-faq-category>details.ea-faq-item.ea-entrance>summary.ea-faq-item__summary>span.ea-faq-item__icon,▾,17,500,False,4.5,"rgb(181,102,61)","rgb(255,255,250)",4.244,FAIL,"backdrop-only screenshot (text ink hidden via color:transparent), 4x4 grid sample per element, darkest-vs-lightest kept, WCAG relative-luminance ratio against the worse extreme"
https://eyalamit-co-il-2026.s887.upress.link/faq/,div.ea-faq-category>details.ea-faq-item.ea-entrance>div.ea-faq-item__answer>p,"אנשים מגיעים ממגוון סיבות, למשל:",17,300,False,4.5,"rgb(138,90,68)","rgb(255,255,250)",5.773,PASS,"backdrop-only screenshot (text ink hidden via color:transparent), 4x4 grid sample per element, darkest-vs-lightest kept, WCAG relative-luminance ratio against the worse extreme"
https://eyalamit-co-il-2026.s887.upress.link/faq/,details.ea-faq-item.ea-entrance>div.ea-faq-item__answer>ul>li,תחושה של עומס או סטרס מתמשך,17,300,False,4.5,"rgb(103,72,45)","rgb(255,255,250)",8.238,PASS,"backdrop-only screenshot (text ink hidden via color:transparent), 4x4 grid sample per element, darkest-vs-lightest kept, WCAG relative-luminance ratio against the worse extreme"
https://eyalamit-co-il-2026.s887.upress.link/faq/,details.ea-faq-item.ea-entrance>div.ea-faq-item__answer>ul>li,קושי בנשימה או הרגלי נשימה לא מודעים,17,300,False,4.5,"rgb(103,72,45)","rgb(255,255,250)",8.238,PASS,"backdrop-only screenshot (text ink hidden via color:transparent), 4x4 grid sample per element, darkest-vs-lightest kept, WCAG relative-luminance ratio against the worse extreme"
https://eyalamit-co-il-2026.s887.upress.link/faq/,details.ea-faq-item.ea-entrance>div.ea-faq-item__answer>ul>li,נחירות או הפרעות שינה,17,300,False,4.5,"rgb(103,72,45)","rgb(255,255,250)",8.238,PASS,"backdrop-only screenshot (text ink hidden via color:transparent), 4x4 grid sample per element, darkest-vs-lightest kept, WCAG relative-luminance ratio against the worse extreme"
https://eyalamit-co-il-2026.s887.upress.link/faq/,details.ea-faq-item.ea-entrance>div.ea-faq-item__answer>ul>li,רצון לשפר את הקשר לגוף ולנשימה,17,300,False,4.5,"rgb(103,72,45)","rgb(255,255,250)",8.238,PASS,"backdrop-only screenshot (text ink hidden via color:transparent), 4x4 grid sample per element, darkest-vs-lightest kept, WCAG relative-luminance ratio against the worse extreme"
https://eyalamit-co-il-2026.s887.upress.link/faq/,div.ea-faq-category>details.ea-faq-item.ea-entrance>div.ea-faq-item__answer>p,אבל לא חייבת להיות בעיה מוגדרת - יש גם מי שמגיעים ,17,300,False,4.5,"rgb(138,90,68)","rgb(255,255,250)",5.773,PASS,"backdrop-only screenshot (text ink hidden via color:transparent), 4x4 grid sample per element, darkest-vs-lightest kept, WCAG relative-luminance ratio against the worse extreme"
https://eyalamit-co-il-2026.s887.upress.link/faq/,div.ea-faq-category>details.ea-faq-item.ea-entrance>summary.ea-faq-item__summary>h3.ea-faq-item__question,מה ההבדל בין טיפול בדיג'רידו לסאונד הילינג?,17,500,False,4.5,"rgb(47,32,19)","rgb(255,255,250)",15.661,PASS,"backdrop-only screenshot (text ink hidden via color:transparent), 4x4 grid sample per element, darkest-vs-lightest kept, WCAG relative-luminance ratio against the worse extreme"
https://eyalamit-co-il-2026.s887.upress.link/faq/,div.ea-faq-category>details.ea-faq-item.ea-entrance>summary.ea-faq-item__summary>span.ea-faq-item__icon,▾,17,500,False,4.5,"rgb(181,102,61)","rgb(255,255,250)",4.244,FAIL,"backdrop-only screenshot (text ink hidden via color:transparent), 4x4 grid sample per element, darkest-vs-lightest kept, WCAG relative-luminance ratio against the worse extreme"
https://eyalamit-co-il-2026.s887.upress.link/faq/,div.ea-faq-category>details.ea-faq-item.ea-entrance>div.ea-faq-item__answer>p,בסאונד הילינג האדם מקשיב לצליל בצורה פאסיבית. הצלי,17,300,False,4.5,"rgb(138,90,68)","rgb(255,255,250)",5.773,PASS,"backdrop-only screenshot (text ink hidden via color:transparent), 4x4 grid sample per element, darkest-vs-lightest kept, WCAG relative-luminance ratio against the worse extreme"
https://eyalamit-co-il-2026.s887.upress.link/faq/,div.ea-faq-category>details.ea-faq-item.ea-entrance>div.ea-faq-item__answer>p,בטיפול בדיג'רידו העבודה היא אקטיבית. האדם עצמו לומ,17,300,False,4.5,"rgb(138,90,68)","rgb(255,255,250)",5.773,PASS,"backdrop-only screenshot (text ink hidden via color:transparent), 4x4 grid sample per element, darkest-vs-lightest kept, WCAG relative-luminance ratio against the worse extreme"
https://eyalamit-co-il-2026.s887.upress.link/faq/,div.ea-faq-category>details.ea-faq-item.ea-entrance>div.ea-faq-item__answer>p,"אפשר לומר בפשטות: בסאונד הילינג מקבלים חוויה, ובטי",17,300,False,4.5,"rgb(138,90,68)","rgb(255,255,250)",5.773,PASS,"backdrop-only screenshot (text ink hidden via color:transparent), 4x4 grid sample per element, darkest-vs-lightest kept, WCAG relative-luminance ratio against the worse extreme"
https://eyalamit-co-il-2026.s887.upress.link/faq/,div.ea-faq-category>details.ea-faq-item.ea-entrance>summary.ea-faq-item__summary>h3.ea-faq-item__question,מה הקשר בין הנגינה לנשימה היומיומית?,17,500,False,4.5,"rgb(47,32,19)","rgb(255,255,250)",15.661,PASS,"backdrop-only screenshot (text ink hidden via color:transparent), 4x4 grid sample per element, darkest-vs-lightest kept, WCAG relative-luminance ratio against the worse extreme"
https://eyalamit-co-il-2026.s887.upress.link/faq/,div.ea-faq-category>details.ea-faq-item.ea-entrance>summary.ea-faq-item__summary>span.ea-faq-item__icon,▾,17,500,False,4.5,"rgb(181,102,61)","rgb(255,255,250)",4.244,FAIL,"backdrop-only screenshot (text ink hidden via color:transparent), 4x4 grid sample per element, darkest-vs-lightest kept, WCAG relative-luminance ratio against the worse extreme"
https://eyalamit-co-il-2026.s887.upress.link/faq/,div.ea-faq-category>details.ea-faq-item.ea-entrance>div.ea-faq-item__answer>p,כדי לנגן בדיג'רידו משתמשים בטכניקת נשימה מעגלית בד,17,300,False,4.5,"rgb(138,90,68)","rgb(255,255,250)",5.773,PASS,"backdrop-only screenshot (text ink hidden via color:transparent), 4x4 grid sample per element, darkest-vs-lightest kept, WCAG relative-luminance ratio against the worse extreme"
https://eyalamit-co-il-2026.s887.upress.link/faq/,div.ea-faq-category>details.ea-faq-item.ea-entrance>div.ea-faq-item__answer>p,"התרגול הזה משפיע בהדרגה על הנשימה היומיומית, ומשנה",17,300,False,4.5,"rgb(138,90,68)","rgb(255,255,250)",5.773,PASS,"backdrop-only screenshot (text ink hidden via color:transparent), 4x4 grid sample per element, darkest-vs-lightest kept, WCAG relative-luminance ratio against the worse extreme"
https://eyalamit-co-il-2026.s887.upress.link/faq/,div.ea-faq-category>details.ea-faq-item.ea-entrance>summary.ea-faq-item__summary>h3.ea-faq-item__question,"מה הקשר בין נשימה יומיומית, נחירות ושינה?",17,500,False,4.5,"rgb(47,32,19)","rgb(255,255,250)",15.661,PASS,"backdrop-only screenshot (text ink hidden via color:transparent), 4x4 grid sample per element, darkest-vs-lightest kept, WCAG relative-luminance ratio against the worse extreme"
https://eyalamit-co-il-2026.s887.upress.link/faq/,div.ea-faq-category>details.ea-faq-item.ea-entrance>summary.ea-faq-item__summary>span.ea-faq-item__icon,▾,17,500,False,4.5,"rgb(181,102,61)","rgb(255,255,250)",4.244,FAIL,"backdrop-only screenshot (text ink hidden via color:transparent), 4x4 grid sample per element, darkest-vs-lightest kept, WCAG relative-luminance ratio against the worse extreme"
https://eyalamit-co-il-2026.s887.upress.link/faq/,div.ea-faq-category>details.ea-faq-item.ea-entrance>div.ea-faq-item__answer>p,דפוסי נשימה לא-יעילים ביום נוטים להימשך גם בשינה. ,17,300,False,4.5,"rgb(138,90,68)","rgb(255,255,250)",5.773,PASS,"backdrop-only screenshot (text ink hidden via color:transparent), 4x4 grid sample per element, darkest-vs-lightest kept, WCAG relative-luminance ratio against the worse extreme"
https://eyalamit-co-il-2026.s887.upress.link/faq/,div.ea-faq-category>details.ea-faq-item.ea-entrance>div.ea-faq-item__answer>p,לקריאה נוספת אודות נחירות ודום נשימה בשינה: גישה ט,17,300,False,4.5,"rgb(138,90,68)","rgb(255,255,250)",5.773,PASS,"backdrop-only screenshot (text ink hidden via color:transparent), 4x4 grid sample per element, darkest-vs-lightest kept, WCAG relative-luminance ratio against the worse extreme"
https://eyalamit-co-il-2026.s887.upress.link/faq/,details.ea-faq-item.ea-entrance>div.ea-faq-item__answer>p>a.tlink,עמוד נחירות ודום נשימה,17,300,False,4.5,"rgb(154,79,43)","rgb(255,255,250)",5.936,PASS,"backdrop-only screenshot (text ink hidden via color:transparent), 4x4 grid sample per element, darkest-vs-lightest kept, WCAG relative-luminance ratio against the worse extreme"
https://eyalamit-co-il-2026.s887.upress.link/faq/,div.ea-faq-category>details.ea-faq-item.ea-entrance>summary.ea-faq-item__summary>h3.ea-faq-item__question,מה זה בעצם טיפול בדיג'רידו?,17,500,False,4.5,"rgb(47,32,19)","rgb(255,255,250)",15.661,PASS,"backdrop-only screenshot (text ink hidden via color:transparent), 4x4 grid sample per element, darkest-vs-lightest kept, WCAG relative-luminance ratio against the worse extreme"
https://eyalamit-co-il-2026.s887.upress.link/faq/,div.ea-faq-category>details.ea-faq-item.ea-entrance>summary.ea-faq-item__summary>span.ea-faq-item__icon,▾,17,500,False,4.5,"rgb(181,102,61)","rgb(255,255,250)",4.244,FAIL,"backdrop-only screenshot (text ink hidden via color:transparent), 4x4 grid sample per element, darkest-vs-lightest kept, WCAG relative-luminance ratio against the worse extreme"
https://eyalamit-co-il-2026.s887.upress.link/faq/,div.ea-faq-category>details.ea-faq-item.ea-entrance>div.ea-faq-item__answer>p,טיפול בדיג'רידו הוא תהליך שבו עובדים באופן אקטיבי ,17,300,False,4.5,"rgb(138,90,68)","rgb(255,255,250)",5.773,PASS,"backdrop-only screenshot (text ink hidden via color:transparent), 4x4 grid sample per element, darkest-vs-lightest kept, WCAG relative-luminance ratio against the worse extreme"
https://eyalamit-co-il-2026.s887.upress.link/faq/,div.ea-faq-category>details.ea-faq-item.ea-entrance>div.ea-faq-item__answer>p,"הדיג'רידו משמש ככלי עבודה שמאפשר לדייק, לחזק ולווס",17,300,False,4.5,"rgb(138,90,68)","rgb(255,255,250)",5.773,PASS,"backdrop-only screenshot (text ink hidden via color:transparent), 4x4 grid sample per element, darkest-vs-lightest kept, WCAG relative-luminance ratio against the worse extreme"
https://eyalamit-co-il-2026.s887.upress.link/faq/,div.ea-faq-category>details.ea-faq-item.ea-entrance>div.ea-faq-item__answer>p,המטרה היא להטיב ולהשפיע על האופן שבו נושמים ביומיו,17,300,False,4.5,"rgb(138,90,68)","rgb(255,255,250)",5.773,PASS,"backdrop-only screenshot (text ink hidden via color:transparent), 4x4 grid sample per element, darkest-vs-lightest kept, WCAG relative-luminance ratio against the worse extreme"
https://eyalamit-co-il-2026.s887.upress.link/faq/,div.ea-faq-category>details.ea-faq-item.ea-entrance>summary.ea-faq-item__summary>h3.ea-faq-item__question,מה קורה במפגש הראשון?,17,500,False,4.5,"rgb(47,32,19)","rgb(255,255,250)",15.661,PASS,"backdrop-only screenshot (text ink hidden via color:transparent), 4x4 grid sample per element, darkest-vs-lightest kept, WCAG relative-luminance ratio against the worse extreme"
https://eyalamit-co-il-2026.s887.upress.link/faq/,div.ea-faq-category>details.ea-faq-item.ea-entrance>summary.ea-faq-item__summary>span.ea-faq-item__icon,▾,17,500,False,4.5,"rgb(181,102,61)","rgb(255,255,250)",4.244,FAIL,"backdrop-only screenshot (text ink hidden via color:transparent), 4x4 grid sample per element, darkest-vs-lightest kept, WCAG relative-luminance ratio against the worse extreme"
https://eyalamit-co-il-2026.s887.upress.link/faq/,div.ea-faq-category>details.ea-faq-item.ea-entrance>div.ea-faq-item__answer>p,"המפגש הראשון כולל היכרות ואבחון, וניתן להתחיל ב־שי",17,300,False,4.5,"rgb(138,90,68)","rgb(255,255,250)",5.773,PASS,"backdrop-only screenshot (text ink hidden via color:transparent), 4x4 grid sample per element, darkest-vs-lightest kept, WCAG relative-luminance ratio against the worse extreme"
https://eyalamit-co-il-2026.s887.upress.link/faq/,details.ea-faq-item.ea-entrance>div.ea-faq-item__answer>p>a,שיחת היכרות,17,300,False,4.5,"rgb(138,90,68)","rgb(255,255,250)",5.773,PASS,"backdrop-only screenshot (text ink hidden via color:transparent), 4x4 grid sample per element, darkest-vs-lightest kept, WCAG relative-luminance ratio against the worse extreme"
https://eyalamit-co-il-2026.s887.upress.link/faq/,div.ea-faq-category>details.ea-faq-item.ea-entrance>summary.ea-faq-item__summary>h3.ea-faq-item__question,תוך כמה זמן רואים שיפור בנחירות?,17,500,False,4.5,"rgb(47,32,19)","rgb(255,255,250)",15.661,PASS,"backdrop-only screenshot (text ink hidden via color:transparent), 4x4 grid sample per element, darkest-vs-lightest kept, WCAG relative-luminance ratio against the worse extreme"
https://eyalamit-co-il-2026.s887.upress.link/faq/,div.ea-faq-category>details.ea-faq-item.ea-entrance>summary.ea-faq-item__summary>span.ea-faq-item__icon,▾,17,500,False,4.5,"rgb(181,102,61)","rgb(255,255,250)",4.244,FAIL,"backdrop-only screenshot (text ink hidden via color:transparent), 4x4 grid sample per element, darkest-vs-lightest kept, WCAG relative-luminance ratio against the worse extreme"
https://eyalamit-co-il-2026.s887.upress.link/faq/,div.ea-faq-category>details.ea-faq-item.ea-entrance>div.ea-faq-item__answer>p,משתנה מאדם לאדם. במחקר ה-BMJ נמדד שיפור לאחר כ-4 ח,17,300,False,4.5,"rgb(138,90,68)","rgb(255,255,250)",5.773,PASS,"backdrop-only screenshot (text ink hidden via color:transparent), 4x4 grid sample per element, darkest-vs-lightest kept, WCAG relative-luminance ratio against the worse extreme"
https://eyalamit-co-il-2026.s887.upress.link/faq/,div.ea-faq-category>details.ea-faq-item.ea-entrance>div.ea-faq-item__answer>p,לקריאה נוספת אודות נחירות ודום נשימה בשינה: גישה ט,17,300,False,4.5,"rgb(138,90,68)","rgb(255,255,250)",5.773,PASS,"backdrop-only screenshot (text ink hidden via color:transparent), 4x4 grid sample per element, darkest-vs-lightest kept, WCAG relative-luminance ratio against the worse extreme"
https://eyalamit-co-il-2026.s887.upress.link/faq/,details.ea-faq-item.ea-entrance>div.ea-faq-item__answer>p>a.tlink,עמוד נחירות ודום נשימה,17,300,False,4.5,"rgb(154,79,43)","rgb(255,255,250)",5.936,PASS,"backdrop-only screenshot (text ink hidden via color:transparent), 4x4 grid sample per element, darkest-vs-lightest kept, WCAG relative-luminance ratio against the worse extreme"
https://eyalamit-co-il-2026.s887.upress.link/faq/,div.ea-faq-list__inner>div>div.ea-faq-category>h2.ea-faq-category__heading,שיעורי נגינה בדיג'רידו,18.7,500,False,4.5,"rgb(47,32,19)","rgb(255,255,250)",15.661,PASS,"backdrop-only screenshot (text ink hidden via color:transparent), 4x4 grid sample per element, darkest-vs-lightest kept, WCAG relative-luminance ratio against the worse extreme"
https://eyalamit-co-il-2026.s887.upress.link/faq/,div.ea-faq-category>details.ea-faq-item.ea-entrance>summary.ea-faq-item__summary>h3.ea-faq-item__question,האם אפשר בזמן הריון?,17,500,False,4.5,"rgb(47,32,19)","rgb(255,255,250)",15.661,PASS,"backdrop-only screenshot (text ink hidden via color:transparent), 4x4 grid sample per element, darkest-vs-lightest kept, WCAG relative-luminance ratio against the worse extreme"
https://eyalamit-co-il-2026.s887.upress.link/faq/,div.ea-faq-category>details.ea-faq-item.ea-entrance>summary.ea-faq-item__summary>span.ea-faq-item__icon,▾,17,500,False,4.5,"rgb(181,102,61)","rgb(255,255,250)",4.244,FAIL,"backdrop-only screenshot (text ink hidden via color:transparent), 4x4 grid sample per element, darkest-vs-lightest kept, WCAG relative-luminance ratio against the worse extreme"
https://eyalamit-co-il-2026.s887.upress.link/faq/,div.ea-faq-category>details.ea-faq-item.ea-entrance>div.ea-faq-item__answer>p,לא מומלץ.,17,300,False,4.5,"rgb(138,90,68)","rgb(255,255,250)",5.773,PASS,"backdrop-only screenshot (text ink hidden via color:transparent), 4x4 grid sample per element, darkest-vs-lightest kept, WCAG relative-luminance ratio against the worse extreme"
https://eyalamit-co-il-2026.s887.upress.link/faq/,details.ea-faq-item.ea-entrance>div.ea-faq-item__answer>p>a.tlink,קראו עוד,17,300,False,4.5,"rgb(154,79,43)","rgb(255,255,250)",5.936,PASS,"backdrop-only screenshot (text ink hidden via color:transparent), 4x4 grid sample per element, darkest-vs-lightest kept, WCAG relative-luminance ratio against the worse extreme"
https://eyalamit-co-il-2026.s887.upress.link/faq/,div.ea-faq-category>details.ea-faq-item.ea-entrance>summary.ea-faq-item__summary>h3.ea-faq-item__question,האם אפשר ללמוד לבד מיוטיוב?,17,500,False,4.5,"rgb(47,32,19)","rgb(255,255,250)",15.661,PASS,"backdrop-only screenshot (text ink hidden via color:transparent), 4x4 grid sample per element, darkest-vs-lightest kept, WCAG relative-luminance ratio against the worse extreme"
https://eyalamit-co-il-2026.s887.upress.link/faq/,div.ea-faq-category>details.ea-faq-item.ea-entrance>summary.ea-faq-item__summary>span.ea-faq-item__icon,▾,17,500,False,4.5,"rgb(181,102,61)","rgb(255,255,250)",4.244,FAIL,"backdrop-only screenshot (text ink hidden via color:transparent), 4x4 grid sample per element, darkest-vs-lightest kept, WCAG relative-luminance ratio against the worse extreme"
https://eyalamit-co-il-2026.s887.upress.link/faq/,div.ea-faq-category>details.ea-faq-item.ea-entrance>div.ea-faq-item__answer>p,"אפשר, אך ללא משוב טעויות מתקבעות, התסכול גדל ורבים",17,300,False,4.5,"rgb(138,90,68)","rgb(255,255,250)",5.773,PASS,"backdrop-only screenshot (text ink hidden via color:transparent), 4x4 grid sample per element, darkest-vs-lightest kept, WCAG relative-luminance ratio against the worse extreme"
https://eyalamit-co-il-2026.s887.upress.link/faq/,div.ea-faq-category>details.ea-faq-item.ea-entrance>summary.ea-faq-item__summary>h3.ea-faq-item__question,האם אפשר ללמוד על כיסא?,17,500,False,4.5,"rgb(47,32,19)","rgb(255,255,250)",15.661,PASS,"backdrop-only screenshot (text ink hidden via color:transparent), 4x4 grid sample per element, darkest-vs-lightest kept, WCAG relative-luminance ratio against the worse extreme"
https://eyalamit-co-il-2026.s887.upress.link/faq/,div.ea-faq-category>details.ea-faq-item.ea-entrance>summary.ea-faq-item__summary>span.ea-faq-item__icon,▾,17,500,False,4.5,"rgb(181,102,61)","rgb(255,255,250)",4.244,FAIL,"backdrop-only screenshot (text ink hidden via color:transparent), 4x4 grid sample per element, darkest-vs-lightest kept, WCAG relative-luminance ratio against the worse extreme"
https://eyalamit-co-il-2026.s887.upress.link/faq/,div.ea-faq-category>details.ea-faq-item.ea-entrance>div.ea-faq-item__answer>p,כן. ניתן ללמוד במגוון מנחים בהתאם לנוחות הגוף.,17,300,False,4.5,"rgb(138,90,68)","rgb(255,255,250)",5.773,PASS,"backdrop-only screenshot (text ink hidden via color:transparent), 4x4 grid sample per element, darkest-vs-lightest kept, WCAG relative-luminance ratio against the worse extreme"
https://eyalamit-co-il-2026.s887.upress.link/faq/,div.ea-faq-category>details.ea-faq-item.ea-entrance>summary.ea-faq-item__summary>h3.ea-faq-item__question,האם זה מתאים למי שניסה בעבר ולא הצליח?,17,500,False,4.5,"rgb(47,32,19)","rgb(255,255,250)",15.661,PASS,"backdrop-only screenshot (text ink hidden via color:transparent), 4x4 grid sample per element, darkest-vs-lightest kept, WCAG relative-luminance ratio against the worse extreme"
https://eyalamit-co-il-2026.s887.upress.link/faq/,div.ea-faq-category>details.ea-faq-item.ea-entrance>summary.ea-faq-item__summary>span.ea-faq-item__icon,▾,17,500,False,4.5,"rgb(181,102,61)","rgb(255,255,250)",4.244,FAIL,"backdrop-only screenshot (text ink hidden via color:transparent), 4x4 grid sample per element, darkest-vs-lightest kept, WCAG relative-luminance ratio against the worse extreme"
https://eyalamit-co-il-2026.s887.upress.link/faq/,div.ea-faq-category>details.ea-faq-item.ea-entrance>div.ea-faq-item__answer>p,כן. למידה מסודרת עם ליווי אישי מאפשרת התקדמות אמית,17,300,False,4.5,"rgb(138,90,68)","rgb(255,255,250)",5.773,PASS,"backdrop-only screenshot (text ink hidden via color:transparent), 4x4 grid sample per element, darkest-vs-lightest kept, WCAG relative-luminance ratio against the worse extreme"
https://eyalamit-co-il-2026.s887.upress.link/faq/,div.ea-faq-category>details.ea-faq-item.ea-entrance>summary.ea-faq-item__summary>h3.ea-faq-item__question,האם יש מגבלת גיל?,17,500,False,4.5,"rgb(47,32,19)","rgb(255,255,250)",15.661,PASS,"backdrop-only screenshot (text ink hidden via color:transparent), 4x4 grid sample per element, darkest-vs-lightest kept, WCAG relative-luminance ratio against the worse extreme"
https://eyalamit-co-il-2026.s887.upress.link/faq/,div.ea-faq-category>details.ea-faq-item.ea-entrance>summary.ea-faq-item__summary>span.ea-faq-item__icon,▾,17,500,False,4.5,"rgb(181,102,61)","rgb(255,255,250)",4.244,FAIL,"backdrop-only screenshot (text ink hidden via color:transparent), 4x4 grid sample per element, darkest-vs-lightest kept, WCAG relative-luminance ratio against the worse extreme"
https://eyalamit-co-il-2026.s887.upress.link/faq/,div.ea-faq-category>details.ea-faq-item.ea-entrance>div.ea-faq-item__answer>p,השיעורים מיועדים מגיל 17 ומעלה.,17,300,False,4.5,"rgb(138,90,68)","rgb(255,255,250)",5.773,PASS,"backdrop-only screenshot (text ink hidden via color:transparent), 4x4 grid sample per element, darkest-vs-lightest kept, WCAG relative-luminance ratio against the worse extreme"
https://eyalamit-co-il-2026.s887.upress.link/faq/,div.ea-faq-category>details.ea-faq-item.ea-entrance>summary.ea-faq-item__summary>h3.ea-faq-item__question,האם יש שיעור ניסיון?,17,500,False,4.5,"rgb(47,32,19)","rgb(255,255,250)",15.661,PASS,"backdrop-only screenshot (text ink hidden via color:transparent), 4x4 grid sample per element, darkest-vs-lightest kept, WCAG relative-luminance ratio against the worse extreme"
https://eyalamit-co-il-2026.s887.upress.link/faq/,div.ea-faq-category>details.ea-faq-item.ea-entrance>summary.ea-faq-item__summary>span.ea-faq-item__icon,▾,17,500,False,4.5,"rgb(181,102,61)","rgb(255,255,250)",4.244,FAIL,"backdrop-only screenshot (text ink hidden via color:transparent), 4x4 grid sample per element, darkest-vs-lightest kept, WCAG relative-luminance ratio against the worse extreme"
https://eyalamit-co-il-2026.s887.upress.link/faq/,div.ea-faq-category>details.ea-faq-item.ea-entrance>div.ea-faq-item__answer>p,כן. ניתן להגיע ללא התחייבות.,17,300,False,4.5,"rgb(138,90,68)","rgb(255,255,250)",5.773,PASS,"backdrop-only screenshot (text ink hidden via color:transparent), 4x4 grid sample per element, darkest-vs-lightest kept, WCAG relative-luminance ratio against the worse extreme"
https://eyalamit-co-il-2026.s887.upress.link/faq/,div.ea-faq-category>details.ea-faq-item.ea-entrance>summary.ea-faq-item__summary>h3.ea-faq-item__question,האם עדיף ללמוד בקבוצה או פרטי?,17,500,False,4.5,"rgb(47,32,19)","rgb(255,255,250)",15.661,PASS,"backdrop-only screenshot (text ink hidden via color:transparent), 4x4 grid sample per element, darkest-vs-lightest kept, WCAG relative-luminance ratio against the worse extreme"
https://eyalamit-co-il-2026.s887.upress.link/faq/,div.ea-faq-category>details.ea-faq-item.ea-entrance>summary.ea-faq-item__summary>span.ea-faq-item__icon,▾,17,500,False,4.5,"rgb(181,102,61)","rgb(255,255,250)",4.244,FAIL,"backdrop-only screenshot (text ink hidden via color:transparent), 4x4 grid sample per element, darkest-vs-lightest kept, WCAG relative-luminance ratio against the worse extreme"
https://eyalamit-co-il-2026.s887.upress.link/faq/,div.ea-faq-category>details.ea-faq-item.ea-entrance>div.ea-faq-item__answer>p,לימוד בקבוצה מתקדם בקצב אחיד ולא מאפשר התאמה אישית,17,300,False,4.5,"rgb(138,90,68)","rgb(255,255,250)",5.773,PASS,"backdrop-only screenshot (text ink hidden via color:transparent), 4x4 grid sample per element, darkest-vs-lightest kept, WCAG relative-luminance ratio against the worse extreme"
https://eyalamit-co-il-2026.s887.upress.link/faq/,div.ea-faq-category>details.ea-faq-item.ea-entrance>summary.ea-faq-item__summary>h3.ea-faq-item__question,יש לי בעיה בריאותית,17,500,False,4.5,"rgb(47,32,19)","rgb(255,255,250)",15.661,PASS,"backdrop-only screenshot (text ink hidden via color:transparent), 4x4 grid sample per element, darkest-vs-lightest kept, WCAG relative-luminance ratio against the worse extreme"
https://eyalamit-co-il-2026.s887.upress.link/faq/,div.ea-faq-category>details.ea-faq-item.ea-entrance>summary.ea-faq-item__summary>span.ea-faq-item__icon,▾,17,500,False,4.5,"rgb(181,102,61)","rgb(255,255,250)",4.244,FAIL,"backdrop-only screenshot (text ink hidden via color:transparent), 4x4 grid sample per element, darkest-vs-lightest kept, WCAG relative-luminance ratio against the worse extreme"
https://eyalamit-co-il-2026.s887.upress.link/faq/,div.ea-faq-category>details.ea-faq-item.ea-entrance>div.ea-faq-item__answer>p,שיעורים אינם טיפוליים. פנו למסלול של טיפול בדיג'רי,17,300,False,4.5,"rgb(138,90,68)","rgb(255,255,250)",5.773,PASS,"backdrop-only screenshot (text ink hidden via color:transparent), 4x4 grid sample per element, darkest-vs-lightest kept, WCAG relative-luminance ratio against the worse extreme"
https://eyalamit-co-il-2026.s887.upress.link/faq/,details.ea-faq-item.ea-entrance>div.ea-faq-item__answer>p>a,טיפול בדיג'רידו,17,300,False,4.5,"rgb(138,90,68)","rgb(255,255,250)",5.773,PASS,"backdrop-only screenshot (text ink hidden via color:transparent), 4x4 grid sample per element, darkest-vs-lightest kept, WCAG relative-luminance ratio against the worse extreme"
https://eyalamit-co-il-2026.s887.upress.link/faq/,div.ea-faq-list__inner>div>div.ea-faq-category>h2.ea-faq-category__heading,סאונד הילינג בדיג'רידו,18.7,500,False,4.5,"rgb(47,32,19)","rgb(255,255,250)",15.661,PASS,"backdrop-only screenshot (text ink hidden via color:transparent), 4x4 grid sample per element, darkest-vs-lightest kept, WCAG relative-luminance ratio against the worse extreme"
https://eyalamit-co-il-2026.s887.upress.link/faq/,div.ea-faq-category>details.ea-faq-item.ea-entrance>summary.ea-faq-item__summary>h3.ea-faq-item__question,האם זה מתאים גם כמתנה או כחוויה זוגית?,17,500,False,4.5,"rgb(47,32,19)","rgb(255,255,250)",15.661,PASS,"backdrop-only screenshot (text ink hidden via color:transparent), 4x4 grid sample per element, darkest-vs-lightest kept, WCAG relative-luminance ratio against the worse extreme"
https://eyalamit-co-il-2026.s887.upress.link/faq/,div.ea-faq-category>details.ea-faq-item.ea-entrance>summary.ea-faq-item__summary>span.ea-faq-item__icon,▾,17,500,False,4.5,"rgb(181,102,61)","rgb(255,255,250)",4.244,FAIL,"backdrop-only screenshot (text ink hidden via color:transparent), 4x4 grid sample per element, darkest-vs-lightest kept, WCAG relative-luminance ratio against the worse extreme"
https://eyalamit-co-il-2026.s887.upress.link/faq/,div.ea-faq-category>details.ea-faq-item.ea-entrance>div.ea-faq-item__answer>p,"כן. ניתן להגיע למפגש כיחיד או כזוג, והוא מתאים גם ",17,300,False,4.5,"rgb(138,90,68)","rgb(255,255,250)",5.773,PASS,"backdrop-only screenshot (text ink hidden via color:transparent), 4x4 grid sample per element, darkest-vs-lightest kept, WCAG relative-luminance ratio against the worse extreme"
https://eyalamit-co-il-2026.s887.upress.link/faq/,div.ea-faq-category>details.ea-faq-item.ea-entrance>summary.ea-faq-item__summary>h3.ea-faq-item__question,האם זה מתאים לכל אחד?,17,500,False,4.5,"rgb(47,32,19)","rgb(255,255,250)",15.661,PASS,"backdrop-only screenshot (text ink hidden via color:transparent), 4x4 grid sample per element, darkest-vs-lightest kept, WCAG relative-luminance ratio against the worse extreme"
https://eyalamit-co-il-2026.s887.upress.link/faq/,div.ea-faq-category>details.ea-faq-item.ea-entrance>summary.ea-faq-item__summary>span.ea-faq-item__icon,▾,17,500,False,4.5,"rgb(181,102,61)","rgb(255,255,250)",4.244,FAIL,"backdrop-only screenshot (text ink hidden via color:transparent), 4x4 grid sample per element, darkest-vs-lightest kept, WCAG relative-luminance ratio against the worse extreme"
https://eyalamit-co-il-2026.s887.upress.link/faq/,div.ea-faq-category>details.ea-faq-item.ea-entrance>div.ea-faq-item__answer>p,המפגש אינו מיועד למצבים נפשיים מורכבים או לא יציבי,17,300,False,4.5,"rgb(138,90,68)","rgb(255,255,250)",5.773,PASS,"backdrop-only screenshot (text ink hidden via color:transparent), 4x4 grid sample per element, darkest-vs-lightest kept, WCAG relative-luminance ratio against the worse extreme"
https://eyalamit-co-il-2026.s887.upress.link/faq/,details.ea-faq-item.ea-entrance>div.ea-faq-item__answer>p>a,שיחת היכרות,17,300,False,4.5,"rgb(138,90,68)","rgb(255,255,250)",5.773,PASS,"backdrop-only screenshot (text ink hidden via color:transparent), 4x4 grid sample per element, darkest-vs-lightest kept, WCAG relative-luminance ratio against the worse extreme"
https://eyalamit-co-il-2026.s887.upress.link/faq/,div.ea-faq-category>details.ea-faq-item.ea-entrance>summary.ea-faq-item__summary>h3.ea-faq-item__question,האם יש מגע במהלך המפגש?,17,500,False,4.5,"rgb(47,32,19)","rgb(255,255,250)",15.661,PASS,"backdrop-only screenshot (text ink hidden via color:transparent), 4x4 grid sample per element, darkest-vs-lightest kept, WCAG relative-luminance ratio against the worse extreme"
https://eyalamit-co-il-2026.s887.upress.link/faq/,div.ea-faq-category>details.ea-faq-item.ea-entrance>summary.ea-faq-item__summary>span.ea-faq-item__icon,▾,17,500,False,4.5,"rgb(181,102,61)","rgb(255,255,250)",4.244,FAIL,"backdrop-only screenshot (text ink hidden via color:transparent), 4x4 grid sample per element, darkest-vs-lightest kept, WCAG relative-luminance ratio against the worse extreme"
https://eyalamit-co-il-2026.s887.upress.link/faq/,div.ea-faq-category>details.ea-faq-item.ea-entrance>div.ea-faq-item__answer>p,"ברוב המקרים העבודה נעשית ללא מגע, דרך צליל ותדר בל",17,300,False,4.5,"rgb(138,90,68)","rgb(255,255,250)",5.773,PASS,"backdrop-only screenshot (text ink hidden via color:transparent), 4x4 grid sample per element, darkest-vs-lightest kept, WCAG relative-luminance ratio against the worse extreme"
https://eyalamit-co-il-2026.s887.upress.link/faq/,div.ea-faq-category>details.ea-faq-item.ea-entrance>summary.ea-faq-item__summary>h3.ea-faq-item__question,האם עולים רגשות או זיכרונות במהלך המפגש?,17,500,False,4.5,"rgb(47,32,19)","rgb(255,255,250)",15.661,PASS,"backdrop-only screenshot (text ink hidden via color:transparent), 4x4 grid sample per element, darkest-vs-lightest kept, WCAG relative-luminance ratio against the worse extreme"
https://eyalamit-co-il-2026.s887.upress.link/faq/,div.ea-faq-category>details.ea-faq-item.ea-entrance>summary.ea-faq-item__summary>span.ea-faq-item__icon,▾,17,500,False,4.5,"rgb(181,102,61)","rgb(255,255,250)",4.244,FAIL,"backdrop-only screenshot (text ink hidden via color:transparent), 4x4 grid sample per element, darkest-vs-lightest kept, WCAG relative-luminance ratio against the worse extreme"
https://eyalamit-co-il-2026.s887.upress.link/faq/,div.ea-faq-category>details.ea-faq-item.ea-entrance>div.ea-faq-item__answer>p,"לעיתים כן. במהלך מפגש עמוק יכולים לעלות רגשות, זיכ",17,300,False,4.5,"rgb(138,90,68)","rgb(255,255,250)",5.773,PASS,"backdrop-only screenshot (text ink hidden via color:transparent), 4x4 grid sample per element, darkest-vs-lightest kept, WCAG relative-luminance ratio against the worse extreme"
https://eyalamit-co-il-2026.s887.upress.link/faq/,div.ea-faq-category>details.ea-faq-item.ea-entrance>summary.ea-faq-item__summary>h3.ea-faq-item__question,האם צריך ניסיון קודם או היכרות עם סאונד הילינג?,17,500,False,4.5,"rgb(47,32,19)","rgb(255,255,250)",15.661,PASS,"backdrop-only screenshot (text ink hidden via color:transparent), 4x4 grid sample per element, darkest-vs-lightest kept, WCAG relative-luminance ratio against the worse extreme"
https://eyalamit-co-il-2026.s887.upress.link/faq/,div.ea-faq-category>details.ea-faq-item.ea-entrance>summary.ea-faq-item__summary>span.ea-faq-item__icon,▾,17,500,False,4.5,"rgb(181,102,61)","rgb(255,255,250)",4.244,FAIL,"backdrop-only screenshot (text ink hidden via color:transparent), 4x4 grid sample per element, darkest-vs-lightest kept, WCAG relative-luminance ratio against the worse extreme"
https://eyalamit-co-il-2026.s887.upress.link/faq/,div.ea-faq-category>details.ea-faq-item.ea-entrance>div.ea-faq-item__answer>p,"לא. המפגש מתאים גם למי שמגיע בפעם הראשונה, מתוך סק",17,300,False,4.5,"rgb(138,90,68)","rgb(255,255,250)",5.773,PASS,"backdrop-only screenshot (text ink hidden via color:transparent), 4x4 grid sample per element, darkest-vs-lightest kept, WCAG relative-luminance ratio against the worse extreme"
https://eyalamit-co-il-2026.s887.upress.link/faq/,div.ea-faq-category>details.ea-faq-item.ea-entrance>summary.ea-faq-item__summary>h3.ea-faq-item__question,כמה זמן נמשך המפגש?,17,500,False,4.5,"rgb(47,32,19)","rgb(255,255,250)",15.661,PASS,"backdrop-only screenshot (text ink hidden via color:transparent), 4x4 grid sample per element, darkest-vs-lightest kept, WCAG relative-luminance ratio against the worse extreme"
https://eyalamit-co-il-2026.s887.upress.link/faq/,div.ea-faq-category>details.ea-faq-item.ea-entrance>summary.ea-faq-item__summary>span.ea-faq-item__icon,▾,17,500,False,4.5,"rgb(181,102,61)","rgb(255,255,250)",4.244,FAIL,"backdrop-only screenshot (text ink hidden via color:transparent), 4x4 grid sample per element, darkest-vs-lightest kept, WCAG relative-luminance ratio against the worse extreme"
https://eyalamit-co-il-2026.s887.upress.link/faq/,div.ea-faq-category>details.ea-faq-item.ea-entrance>div.ea-faq-item__answer>p,המפגש נמשך בדרך כלל כשעתיים.,17,300,False,4.5,"rgb(138,90,68)","rgb(255,255,250)",5.773,PASS,"backdrop-only screenshot (text ink hidden via color:transparent), 4x4 grid sample per element, darkest-vs-lightest kept, WCAG relative-luminance ratio against the worse extreme"
https://eyalamit-co-il-2026.s887.upress.link/faq/,div.ea-faq-category>details.ea-faq-item.ea-entrance>summary.ea-faq-item__summary>h3.ea-faq-item__question,"מה אם קשה לי ""להירגע"" או לשחרר?",17,500,False,4.5,"rgb(47,32,19)","rgb(255,255,250)",15.661,PASS,"backdrop-only screenshot (text ink hidden via color:transparent), 4x4 grid sample per element, darkest-vs-lightest kept, WCAG relative-luminance ratio against the worse extreme"
https://eyalamit-co-il-2026.s887.upress.link/faq/,div.ea-faq-category>details.ea-faq-item.ea-entrance>summary.ea-faq-item__summary>span.ea-faq-item__icon,▾,17,500,False,4.5,"rgb(181,102,61)","rgb(255,255,250)",4.244,FAIL,"backdrop-only screenshot (text ink hidden via color:transparent), 4x4 grid sample per element, darkest-vs-lightest kept, WCAG relative-luminance ratio against the worse extreme"
https://eyalamit-co-il-2026.s887.upress.link/faq/,div.ea-faq-category>details.ea-faq-item.ea-entrance>div.ea-faq-item__answer>p,אין ציפייה להגיע למצב מסוים. גם אם המחשבות פעילות ,17,300,False,4.5,"rgb(138,90,68)","rgb(255,255,250)",5.773,PASS,"backdrop-only screenshot (text ink hidden via color:transparent), 4x4 grid sample per element, darkest-vs-lightest kept, WCAG relative-luminance ratio against the worse extreme"
https://eyalamit-co-il-2026.s887.upress.link/faq/,div.ea-faq-category>details.ea-faq-item.ea-entrance>summary.ea-faq-item__summary>h3.ea-faq-item__question,מה ההבדל בין סאונד הילינג לטיפול בדיג'רידו?,17,500,False,4.5,"rgb(47,32,19)","rgb(255,255,250)",15.661,PASS,"backdrop-only screenshot (text ink hidden via color:transparent), 4x4 grid sample per element, darkest-vs-lightest kept, WCAG relative-luminance ratio against the worse extreme"
https://eyalamit-co-il-2026.s887.upress.link/faq/,div.ea-faq-category>details.ea-faq-item.ea-entrance>summary.ea-faq-item__summary>span.ea-faq-item__icon,▾,17,500,False,4.5,"rgb(181,102,61)","rgb(255,255,250)",4.244,FAIL,"backdrop-only screenshot (text ink hidden via color:transparent), 4x4 grid sample per element, darkest-vs-lightest kept, WCAG relative-luminance ratio against the worse extreme"
https://eyalamit-co-il-2026.s887.upress.link/faq/,div.ea-faq-category>details.ea-faq-item.ea-entrance>div.ea-faq-item__answer>p,בסאונד הילינג מדובר במפגש פאסיבי שבו מקשיבים לצליל,17,300,False,4.5,"rgb(138,90,68)","rgb(255,255,250)",5.773,PASS,"backdrop-only screenshot (text ink hidden via color:transparent), 4x4 grid sample per element, darkest-vs-lightest kept, WCAG relative-luminance ratio against the worse extreme"
https://eyalamit-co-il-2026.s887.upress.link/faq/,div.ea-faq-category>details.ea-faq-item.ea-entrance>div.ea-faq-item__answer>p,"הדיג'רידו משמש בשני המקרים ככלי עבודה, אך המטרה שו",17,300,False,4.5,"rgb(138,90,68)","rgb(255,255,250)",5.773,PASS,"backdrop-only screenshot (text ink hidden via color:transparent), 4x4 grid sample per element, darkest-vs-lightest kept, WCAG relative-luminance ratio against the worse extreme"
https://eyalamit-co-il-2026.s887.upress.link/faq/,div.ea-faq-category>details.ea-faq-item.ea-entrance>div.ea-faq-item__answer>p,👉 למידע נוסף על טיפול בדיג'רידו,17,300,False,4.5,"rgb(138,90,68)","rgb(255,255,250)",5.773,PASS,"backdrop-only screenshot (text ink hidden via color:transparent), 4x4 grid sample per element, darkest-vs-lightest kept, WCAG relative-luminance ratio against the worse extreme"
https://eyalamit-co-il-2026.s887.upress.link/faq/,details.ea-faq-item.ea-entrance>div.ea-faq-item__answer>p>a,למידע נוסף על טיפול בדיג'רידו,17,300,False,4.5,"rgb(138,90,68)","rgb(255,255,250)",5.773,PASS,"backdrop-only screenshot (text ink hidden via color:transparent), 4x4 grid sample per element, darkest-vs-lightest kept, WCAG relative-luminance ratio against the worse extreme"
https://eyalamit-co-il-2026.s887.upress.link/faq/,div.ea-faq-list__inner>div>div.ea-faq-category>h2.ea-faq-category__heading,השיטה — cbDIDG,18.7,500,False,4.5,"rgb(47,32,19)","rgb(255,255,250)",15.661,PASS,"backdrop-only screenshot (text ink hidden via color:transparent), 4x4 grid sample per element, darkest-vs-lightest kept, WCAG relative-luminance ratio against the worse extreme"
https://eyalamit-co-il-2026.s887.upress.link/faq/,div.ea-faq-category>details.ea-faq-item.ea-entrance>summary.ea-faq-item__summary>h3.ea-faq-item__question,אפשר ללמוד נשימה מעגלית לבד מסרטונים?,17,500,False,4.5,"rgb(47,32,19)","rgb(255,255,250)",15.661,PASS,"backdrop-only screenshot (text ink hidden via color:transparent), 4x4 grid sample per element, darkest-vs-lightest kept, WCAG relative-luminance ratio against the worse extreme"
https://eyalamit-co-il-2026.s887.upress.link/faq/,div.ea-faq-category>details.ea-faq-item.ea-entrance>summary.ea-faq-item__summary>span.ea-faq-item__icon,▾,17,500,False,4.5,"rgb(181,102,61)","rgb(255,255,250)",4.244,FAIL,"backdrop-only screenshot (text ink hidden via color:transparent), 4x4 grid sample per element, darkest-vs-lightest kept, WCAG relative-luminance ratio against the worse extreme"
https://eyalamit-co-il-2026.s887.upress.link/faq/,div.ea-faq-category>details.ea-faq-item.ea-entrance>div.ea-faq-item__answer>p,"אפשר להתחיל, אבל קשה לראות לבד מה באמת קורה ועל מה",17,300,False,4.5,"rgb(138,90,68)","rgb(255,255,250)",5.773,PASS,"backdrop-only screenshot (text ink hidden via color:transparent), 4x4 grid sample per element, darkest-vs-lightest kept, WCAG relative-luminance ratio against the worse extreme"
https://eyalamit-co-il-2026.s887.upress.link/faq/,div.ea-faq-category>details.ea-faq-item.ea-entrance>summary.ea-faq-item__summary>h3.ea-faq-item__question,האם השיטה יכולה לעזור לנחירות או דום נשימה?,17,500,False,4.5,"rgb(47,32,19)","rgb(255,255,250)",15.661,PASS,"backdrop-only screenshot (text ink hidden via color:transparent), 4x4 grid sample per element, darkest-vs-lightest kept, WCAG relative-luminance ratio against the worse extreme"
https://eyalamit-co-il-2026.s887.upress.link/faq/,div.ea-faq-category>details.ea-faq-item.ea-entrance>summary.ea-faq-item__summary>span.ea-faq-item__icon,▾,17,500,False,4.5,"rgb(181,102,61)","rgb(255,255,250)",4.244,FAIL,"backdrop-only screenshot (text ink hidden via color:transparent), 4x4 grid sample per element, darkest-vs-lightest kept, WCAG relative-luminance ratio against the worse extreme"
https://eyalamit-co-il-2026.s887.upress.link/faq/,div.ea-faq-category>details.ea-faq-item.ea-entrance>div.ea-faq-item__answer>p,"יש מקרים שבהם כן, אך כל מקרה נבחן באופן אישי. לקרי",17,300,False,4.5,"rgb(138,90,68)","rgb(255,255,250)",5.773,PASS,"backdrop-only screenshot (text ink hidden via color:transparent), 4x4 grid sample per element, darkest-vs-lightest kept, WCAG relative-luminance ratio against the worse extreme"
https://eyalamit-co-il-2026.s887.upress.link/faq/,details.ea-faq-item.ea-entrance>div.ea-faq-item__answer>p>a,לקריאה על המחקר ב־BMJ,17,300,False,4.5,"rgb(138,90,68)","rgb(255,255,250)",5.773,PASS,"backdrop-only screenshot (text ink hidden via color:transparent), 4x4 grid sample per element, darkest-vs-lightest kept, WCAG relative-luminance ratio against the worse extreme"
https://eyalamit-co-il-2026.s887.upress.link/faq/,div.ea-faq-category>details.ea-faq-item.ea-entrance>div.ea-faq-item__answer>p,לקריאה נוספת אודות נחירות ודום נשימה בשינה: גישה ט,17,300,False,4.5,"rgb(138,90,68)","rgb(255,255,250)",5.773,PASS,"backdrop-only screenshot (text ink hidden via color:transparent), 4x4 grid sample per element, darkest-vs-lightest kept, WCAG relative-luminance ratio against the worse extreme"
https://eyalamit-co-il-2026.s887.upress.link/faq/,details.ea-faq-item.ea-entrance>div.ea-faq-item__answer>p>a.tlink,עמוד נחירות ודום נשימה,17,300,False,4.5,"rgb(154,79,43)","rgb(255,255,250)",5.936,PASS,"backdrop-only screenshot (text ink hidden via color:transparent), 4x4 grid sample per element, darkest-vs-lightest kept, WCAG relative-luminance ratio against the worse extreme"
https://eyalamit-co-il-2026.s887.upress.link/faq/,div.ea-faq-category>details.ea-faq-item.ea-entrance>summary.ea-faq-item__summary>h3.ea-faq-item__question,האם השיטה מתאימה גם למקרים שאינם קשורים ישירות לנש,17,500,False,4.5,"rgb(47,32,19)","rgb(255,255,250)",15.661,PASS,"backdrop-only screenshot (text ink hidden via color:transparent), 4x4 grid sample per element, darkest-vs-lightest kept, WCAG relative-luminance ratio against the worse extreme"
https://eyalamit-co-il-2026.s887.upress.link/faq/,div.ea-faq-category>details.ea-faq-item.ea-entrance>summary.ea-faq-item__summary>span.ea-faq-item__icon,▾,17,500,False,4.5,"rgb(181,102,61)","rgb(255,255,250)",4.244,FAIL,"backdrop-only screenshot (text ink hidden via color:transparent), 4x4 grid sample per element, darkest-vs-lightest kept, WCAG relative-luminance ratio against the worse extreme"
https://eyalamit-co-il-2026.s887.upress.link/faq/,div.ea-faq-category>details.ea-faq-item.ea-entrance>div.ea-faq-item__answer>p,"למרות שהעבודה בשיטה מתמקדת בנשימה, חשוב להבין שהנש",17,300,False,4.5,"rgb(138,90,68)","rgb(255,255,250)",5.773,PASS,"backdrop-only screenshot (text ink hidden via color:transparent), 4x4 grid sample per element, darkest-vs-lightest kept, WCAG relative-luminance ratio against the worse extreme"
https://eyalamit-co-il-2026.s887.upress.link/faq/,div.ea-faq-category>details.ea-faq-item.ea-entrance>div.ea-faq-item__answer>p,"היא פועלת כמראה למצב הגופני והתודעתי, ולכן כאשר עו",17,300,False,4.5,"rgb(138,90,68)","rgb(255,255,250)",5.773,PASS,"backdrop-only screenshot (text ink hidden via color:transparent), 4x4 grid sample per element, darkest-vs-lightest kept, WCAG relative-luminance ratio against the worse extreme"
https://eyalamit-co-il-2026.s887.upress.link/faq/,div.ea-faq-category>details.ea-faq-item.ea-entrance>div.ea-faq-item__answer>p,"עם זאת, השיטה אינה מטפלת ישירות בכל מערכת בנפרד, א",17,300,False,4.5,"rgb(138,90,68)","rgb(255,255,250)",5.773,PASS,"backdrop-only screenshot (text ink hidden via color:transparent), 4x4 grid sample per element, darkest-vs-lightest kept, WCAG relative-luminance ratio against the worse extreme"
https://eyalamit-co-il-2026.s887.upress.link/faq/,div.ea-faq-category>details.ea-faq-item.ea-entrance>summary.ea-faq-item__summary>h3.ea-faq-item__question,האם נשימה מעגלית קשה ללמוד? כמה זמן זה לוקח?,17,500,False,4.5,"rgb(47,32,19)","rgb(255,255,250)",15.661,PASS,"backdrop-only screenshot (text ink hidden via color:transparent), 4x4 grid sample per element, darkest-vs-lightest kept, WCAG relative-luminance ratio against the worse extreme"
https://eyalamit-co-il-2026.s887.upress.link/faq/,div.ea-faq-category>details.ea-faq-item.ea-entrance>summary.ea-faq-item__summary>span.ea-faq-item__icon,▾,17,500,False,4.5,"rgb(181,102,61)","rgb(255,255,250)",4.244,FAIL,"backdrop-only screenshot (text ink hidden via color:transparent), 4x4 grid sample per element, darkest-vs-lightest kept, WCAG relative-luminance ratio against the worse extreme"
https://eyalamit-co-il-2026.s887.upress.link/faq/,div.ea-faq-category>details.ea-faq-item.ea-entrance>div.ea-faq-item__answer>p,"זה לא אינטואיטיבי, אבל הגוף לומד — בדומה לרכיבה על",17,300,False,4.5,"rgb(138,90,68)","rgb(255,255,250)",5.773,PASS,"backdrop-only screenshot (text ink hidden via color:transparent), 4x4 grid sample per element, darkest-vs-lightest kept, WCAG relative-luminance ratio against the worse extreme"
https://eyalamit-co-il-2026.s887.upress.link/faq/,div.ea-faq-category>details.ea-faq-item.ea-entrance>summary.ea-faq-item__summary>h3.ea-faq-item__question,האם צריך לדעת לנגן בדיג'רידו כדי להתחיל?,17,500,False,4.5,"rgb(47,32,19)","rgb(255,255,250)",15.661,PASS,"backdrop-only screenshot (text ink hidden via color:transparent), 4x4 grid sample per element, darkest-vs-lightest kept, WCAG relative-luminance ratio against the worse extreme"
https://eyalamit-co-il-2026.s887.upress.link/faq/,div.ea-faq-category>details.ea-faq-item.ea-entrance>summary.ea-faq-item__summary>span.ea-faq-item__icon,▾,17,500,False,4.5,"rgb(181,102,61)","rgb(255,255,250)",4.244,FAIL,"backdrop-only screenshot (text ink hidden via color:transparent), 4x4 grid sample per element, darkest-vs-lightest kept, WCAG relative-luminance ratio against the worse extreme"
https://eyalamit-co-il-2026.s887.upress.link/faq/,div.ea-faq-category>details.ea-faq-item.ea-entrance>div.ea-faq-item__answer>p,לא. הלימוד מתחיל מהבסיס.,17,300,False,4.5,"rgb(138,90,68)","rgb(255,255,250)",5.773,PASS,"backdrop-only screenshot (text ink hidden via color:transparent), 4x4 grid sample per element, darkest-vs-lightest kept, WCAG relative-luminance ratio against the worse extreme"
https://eyalamit-co-il-2026.s887.upress.link/faq/,div.ea-faq-category>details.ea-faq-item.ea-entrance>summary.ea-faq-item__summary>h3.ea-faq-item__question,כמה זמן לוקח לראות שינוי?,17,500,False,4.5,"rgb(47,32,19)","rgb(255,255,250)",15.661,PASS,"backdrop-only screenshot (text ink hidden via color:transparent), 4x4 grid sample per element, darkest-vs-lightest kept, WCAG relative-luminance ratio against the worse extreme"
https://eyalamit-co-il-2026.s887.upress.link/faq/,div.ea-faq-category>details.ea-faq-item.ea-entrance>summary.ea-faq-item__summary>span.ea-faq-item__icon,▾,17,500,False,4.5,"rgb(181,102,61)","rgb(255,255,250)",4.244,FAIL,"backdrop-only screenshot (text ink hidden via color:transparent), 4x4 grid sample per element, darkest-vs-lightest kept, WCAG relative-luminance ratio against the worse extreme"
https://eyalamit-co-il-2026.s887.upress.link/faq/,div.ea-faq-category>details.ea-faq-item.ea-entrance>div.ea-faq-item__answer>p,זה תהליך הדרגתי שמבוסס על תרגול והתמדה.,17,300,False,4.5,"rgb(138,90,68)","rgb(255,255,250)",5.773,PASS,"backdrop-only screenshot (text ink hidden via color:transparent), 4x4 grid sample per element, darkest-vs-lightest kept, WCAG relative-luminance ratio against the worse extreme"
https://eyalamit-co-il-2026.s887.upress.link/faq/,div.ea-faq-category>details.ea-faq-item.ea-entrance>summary.ea-faq-item__summary>h3.ea-faq-item__question,למי זה לא מתאים?,17,500,False,4.5,"rgb(47,32,19)","rgb(255,255,250)",15.661,PASS,"backdrop-only screenshot (text ink hidden via color:transparent), 4x4 grid sample per element, darkest-vs-lightest kept, WCAG relative-luminance ratio against the worse extreme"
https://eyalamit-co-il-2026.s887.upress.link/faq/,div.ea-faq-category>details.ea-faq-item.ea-entrance>summary.ea-faq-item__summary>span.ea-faq-item__icon,▾,17,500,False,4.5,"rgb(181,102,61)","rgb(255,255,250)",4.244,FAIL,"backdrop-only screenshot (text ink hidden via color:transparent), 4x4 grid sample per element, darkest-vs-lightest kept, WCAG relative-luminance ratio against the worse extreme"
https://eyalamit-co-il-2026.s887.upress.link/faq/,div.ea-faq-category>details.ea-faq-item.ea-entrance>div.ea-faq-item__answer>p,"לאנשים שמחפשים פתרון מהיר ללא תרגול, לנשים בהריון ",17,300,False,4.5,"rgb(138,90,68)","rgb(255,255,250)",5.773,PASS,"backdrop-only screenshot (text ink hidden via color:transparent), 4x4 grid sample per element, darkest-vs-lightest kept, WCAG relative-luminance ratio against the worse extreme"
https://eyalamit-co-il-2026.s887.upress.link/faq/,div.ea-faq-category>details.ea-faq-item.ea-entrance>summary.ea-faq-item__summary>h3.ea-faq-item__question,מה ההבדל בין נשימה מעגלית בדיג'רידו לבין נשימה מעג,17,500,False,4.5,"rgb(47,32,19)","rgb(255,255,250)",15.661,PASS,"backdrop-only screenshot (text ink hidden via color:transparent), 4x4 grid sample per element, darkest-vs-lightest kept, WCAG relative-luminance ratio against the worse extreme"
https://eyalamit-co-il-2026.s887.upress.link/faq/,div.ea-faq-category>details.ea-faq-item.ea-entrance>summary.ea-faq-item__summary>span.ea-faq-item__icon,▾,17,500,False,4.5,"rgb(181,102,61)","rgb(255,255,250)",4.244,FAIL,"backdrop-only screenshot (text ink hidden via color:transparent), 4x4 grid sample per element, darkest-vs-lightest kept, WCAG relative-luminance ratio against the worse extreme"
https://eyalamit-co-il-2026.s887.upress.link/faq/,div.ea-faq-category>details.ea-faq-item.ea-entrance>div.ea-faq-item__answer>p,"למרות השם הדומה, מדובר בשתי גישות שונות לחלוטין.",17,300,False,4.5,"rgb(138,90,68)","rgb(255,255,250)",5.773,PASS,"backdrop-only screenshot (text ink hidden via color:transparent), 4x4 grid sample per element, darkest-vs-lightest kept, WCAG relative-luminance ratio against the worse extreme"
https://eyalamit-co-il-2026.s887.upress.link/faq/,div.ea-faq-category>details.ea-faq-item.ea-entrance>div.ea-faq-item__answer>p,נשימה מעגלית בדיג'רידו היא טכניקה פיזית שמאפשרת לה,17,300,False,4.5,"rgb(138,90,68)","rgb(255,255,250)",5.773,PASS,"backdrop-only screenshot (text ink hidden via color:transparent), 4x4 grid sample per element, darkest-vs-lightest kept, WCAG relative-luminance ratio against the worse extreme"
https://eyalamit-co-il-2026.s887.upress.link/faq/,div.ea-faq-category>details.ea-faq-item.ea-entrance>div.ea-faq-item__answer>p,"לעומת זאת, בריברסינג מדובר בתהליך נשימתי רציף שמטר",17,300,False,4.5,"rgb(138,90,68)","rgb(255,255,250)",5.773,PASS,"backdrop-only screenshot (text ink hidden via color:transparent), 4x4 grid sample per element, darkest-vs-lightest kept, WCAG relative-luminance ratio against the worse extreme"
https://eyalamit-co-il-2026.s887.upress.link/faq/,div.ea-faq-category>details.ea-faq-item.ea-entrance>div.ea-faq-item__answer>p,"למידע נוסף: ריברסינג, נשימה מעגלית ודיג'רידו",17,300,False,4.5,"rgb(138,90,68)","rgb(255,255,250)",5.773,PASS,"backdrop-only screenshot (text ink hidden via color:transparent), 4x4 grid sample per element, darkest-vs-lightest kept, WCAG relative-luminance ratio against the worse extreme"
https://eyalamit-co-il-2026.s887.upress.link/faq/,details.ea-faq-item.ea-entrance>div.ea-faq-item__answer>p>a,"ריברסינג, נשימה מעגלית ודיג'רידו",17,300,False,4.5,"rgb(138,90,68)","rgb(255,255,250)",5.773,PASS,"backdrop-only screenshot (text ink hidden via color:transparent), 4x4 grid sample per element, darkest-vs-lightest kept, WCAG relative-luminance ratio against the worse extreme"
https://eyalamit-co-il-2026.s887.upress.link/faq/,div.ea-faq-category>details.ea-faq-item.ea-entrance>summary.ea-faq-item__summary>h3.ea-faq-item__question,מה ההבדל בין שיטת cbDIDG לבין שיטות נשימה אחרות כמ,17,500,False,4.5,"rgb(47,32,19)","rgb(255,255,250)",15.661,PASS,"backdrop-only screenshot (text ink hidden via color:transparent), 4x4 grid sample per element, darkest-vs-lightest kept, WCAG relative-luminance ratio against the worse extreme"
https://eyalamit-co-il-2026.s887.upress.link/faq/,div.ea-faq-category>details.ea-faq-item.ea-entrance>summary.ea-faq-item__summary>span.ea-faq-item__icon,▾,17,500,False,4.5,"rgb(181,102,61)","rgb(255,255,250)",4.244,FAIL,"backdrop-only screenshot (text ink hidden via color:transparent), 4x4 grid sample per element, darkest-vs-lightest kept, WCAG relative-luminance ratio against the worse extreme"
https://eyalamit-co-il-2026.s887.upress.link/faq/,div.ea-faq-category>details.ea-faq-item.ea-entrance>div.ea-faq-item__answer>p,"בשיטת cbDIDG העבודה מתבצעת דרך נגינה בדיג'רידו, כך",17,300,False,4.5,"rgb(138,90,68)","rgb(255,255,250)",5.773,PASS,"backdrop-only screenshot (text ink hidden via color:transparent), 4x4 grid sample per element, darkest-vs-lightest kept, WCAG relative-luminance ratio against the worse extreme"
https://eyalamit-co-il-2026.s887.upress.link/faq/,details.ea-faq-item.ea-entrance>div.ea-faq-item__answer>p>a,cbDIDG,17,300,False,4.5,"rgb(138,90,68)","rgb(255,255,250)",5.773,PASS,"backdrop-only screenshot (text ink hidden via color:transparent), 4x4 grid sample per element, darkest-vs-lightest kept, WCAG relative-luminance ratio against the worse extreme"
https://eyalamit-co-il-2026.s887.upress.link/faq/,div.ea-faq-category>details.ea-faq-item.ea-entrance>div.ea-faq-item__answer>p,"הנגינה יוצרת עניין, מיקוד ורצף תרגול, ומאפשרת להתמ",17,300,False,4.5,"rgb(138,90,68)","rgb(255,255,250)",5.773,PASS,"backdrop-only screenshot (text ink hidden via color:transparent), 4x4 grid sample per element, darkest-vs-lightest kept, WCAG relative-luminance ratio against the worse extreme"
https://eyalamit-co-il-2026.s887.upress.link/faq/,details.ea-faq-item.ea-entrance>div.ea-faq-item__answer>p>a.tlink,"ריברסינג, נשימה מעגלית ודיג'רידו",17,300,False,4.5,"rgb(154,79,43)","rgb(255,255,250)",5.936,PASS,"backdrop-only screenshot (text ink hidden via color:transparent), 4x4 grid sample per element, darkest-vs-lightest kept, WCAG relative-luminance ratio against the worse extreme"
https://eyalamit-co-il-2026.s887.upress.link/faq/,div.ea-faq-list__inner>div>div.ea-faq-category>h2.ea-faq-category__heading,רכישת דיג'רידו,18.7,500,False,4.5,"rgb(47,32,19)","rgb(255,255,250)",15.661,PASS,"backdrop-only screenshot (text ink hidden via color:transparent), 4x4 grid sample per element, darkest-vs-lightest kept, WCAG relative-luminance ratio against the worse extreme"
https://eyalamit-co-il-2026.s887.upress.link/faq/,div.ea-faq-category>details.ea-faq-item.ea-entrance>summary.ea-faq-item__summary>h3.ea-faq-item__question,איך יודעים איזה כלי מתאים לי?,17,500,False,4.5,"rgb(47,32,19)","rgb(255,255,250)",15.661,PASS,"backdrop-only screenshot (text ink hidden via color:transparent), 4x4 grid sample per element, darkest-vs-lightest kept, WCAG relative-luminance ratio against the worse extreme"
https://eyalamit-co-il-2026.s887.upress.link/faq/,div.ea-faq-category>details.ea-faq-item.ea-entrance>summary.ea-faq-item__summary>span.ea-faq-item__icon,▾,17,500,False,4.5,"rgb(181,102,61)","rgb(255,255,250)",4.244,FAIL,"backdrop-only screenshot (text ink hidden via color:transparent), 4x4 grid sample per element, darkest-vs-lightest kept, WCAG relative-luminance ratio against the worse extreme"
https://eyalamit-co-il-2026.s887.upress.link/faq/,div.ea-faq-category>details.ea-faq-item.ea-entrance>div.ea-faq-item__answer>p,"ההתאמה נעשית לפי הנשימה, התחושה בגוף והמטרה שלך. ל",17,300,False,4.5,"rgb(138,90,68)","rgb(255,255,250)",5.773,PASS,"backdrop-only screenshot (text ink hidden via color:transparent), 4x4 grid sample per element, darkest-vs-lightest kept, WCAG relative-luminance ratio against the worse extreme"
https://eyalamit-co-il-2026.s887.upress.link/faq/,div.ea-faq-category>details.ea-faq-item.ea-entrance>summary.ea-faq-item__summary>h3.ea-faq-item__question,איך קונים בפועל?,17,500,False,4.5,"rgb(47,32,19)","rgb(255,255,250)",15.661,PASS,"backdrop-only screenshot (text ink hidden via color:transparent), 4x4 grid sample per element, darkest-vs-lightest kept, WCAG relative-luminance ratio against the worse extreme"
https://eyalamit-co-il-2026.s887.upress.link/faq/,div.ea-faq-category>details.ea-faq-item.ea-entrance>summary.ea-faq-item__summary>span.ea-faq-item__icon,▾,17,500,False,4.5,"rgb(181,102,61)","rgb(255,255,250)",4.244,FAIL,"backdrop-only screenshot (text ink hidden via color:transparent), 4x4 grid sample per element, darkest-vs-lightest kept, WCAG relative-luminance ratio against the worse extreme"
https://eyalamit-co-il-2026.s887.upress.link/faq/,div.ea-faq-category>details.ea-faq-item.ea-entrance>div.ea-faq-item__answer>p,"פונים דרך עמוד יצירת קשר, ומתאמים הגעה או שיחה קצר",17,300,False,4.5,"rgb(138,90,68)","rgb(255,255,250)",5.773,PASS,"backdrop-only screenshot (text ink hidden via color:transparent), 4x4 grid sample per element, darkest-vs-lightest kept, WCAG relative-luminance ratio against the worse extreme"
https://eyalamit-co-il-2026.s887.upress.link/faq/,details.ea-faq-item.ea-entrance>div.ea-faq-item__answer>p>a.tlink,עמוד יצירת קשר,17,300,False,4.5,"rgb(154,79,43)","rgb(255,255,250)",5.936,PASS,"backdrop-only screenshot (text ink hidden via color:transparent), 4x4 grid sample per element, darkest-vs-lightest kept, WCAG relative-luminance ratio against the worse extreme"
https://eyalamit-co-il-2026.s887.upress.link/faq/,div.ea-faq-category>details.ea-faq-item.ea-entrance>summary.ea-faq-item__summary>h3.ea-faq-item__question,האם אפשר להשתמש בכלי גם לעבודה נשימתית ולא רק לנגי,17,500,False,4.5,"rgb(47,32,19)","rgb(255,255,250)",15.661,PASS,"backdrop-only screenshot (text ink hidden via color:transparent), 4x4 grid sample per element, darkest-vs-lightest kept, WCAG relative-luminance ratio against the worse extreme"
https://eyalamit-co-il-2026.s887.upress.link/faq/,div.ea-faq-category>details.ea-faq-item.ea-entrance>summary.ea-faq-item__summary>span.ea-faq-item__icon,▾,17,500,False,4.5,"rgb(181,102,61)","rgb(255,255,250)",4.244,FAIL,"backdrop-only screenshot (text ink hidden via color:transparent), 4x4 grid sample per element, darkest-vs-lightest kept, WCAG relative-luminance ratio against the worse extreme"
https://eyalamit-co-il-2026.s887.upress.link/faq/,div.ea-faq-category>details.ea-faq-item.ea-entrance>div.ea-faq-item__answer>p,"כן. רבים משתמשים בדיג'רידו ככלי לעבודה עם הנשימה, ",17,300,False,4.5,"rgb(138,90,68)","rgb(255,255,250)",5.773,PASS,"backdrop-only screenshot (text ink hidden via color:transparent), 4x4 grid sample per element, darkest-vs-lightest kept, WCAG relative-luminance ratio against the worse extreme"
https://eyalamit-co-il-2026.s887.upress.link/faq/,details.ea-faq-item.ea-entrance>div.ea-faq-item__answer>p>a.tlink,טיפול בדיג'רידו,17,300,False,4.5,"rgb(154,79,43)","rgb(255,255,250)",5.936,PASS,"backdrop-only screenshot (text ink hidden via color:transparent), 4x4 grid sample per element, darkest-vs-lightest kept, WCAG relative-luminance ratio against the worse extreme"
https://eyalamit-co-il-2026.s887.upress.link/faq/,div.ea-faq-category>details.ea-faq-item.ea-entrance>summary.ea-faq-item__summary>h3.ea-faq-item__question,האם יש הבדל בין כלי למתחילים לכלי למתקדמים?,17,500,False,4.5,"rgb(47,32,19)","rgb(255,255,250)",15.661,PASS,"backdrop-only screenshot (text ink hidden via color:transparent), 4x4 grid sample per element, darkest-vs-lightest kept, WCAG relative-luminance ratio against the worse extreme"
https://eyalamit-co-il-2026.s887.upress.link/faq/,div.ea-faq-category>details.ea-faq-item.ea-entrance>summary.ea-faq-item__summary>span.ea-faq-item__icon,▾,17,500,False,4.5,"rgb(181,102,61)","rgb(255,255,250)",4.244,FAIL,"backdrop-only screenshot (text ink hidden via color:transparent), 4x4 grid sample per element, darkest-vs-lightest kept, WCAG relative-luminance ratio against the worse extreme"
https://eyalamit-co-il-2026.s887.upress.link/faq/,div.ea-faq-category>details.ea-faq-item.ea-entrance>div.ea-faq-item__answer>p,"כן. יש כלים שקל יותר להתחיל איתם, ויש כאלה שדורשים",17,300,False,4.5,"rgb(138,90,68)","rgb(255,255,250)",5.773,PASS,"backdrop-only screenshot (text ink hidden via color:transparent), 4x4 grid sample per element, darkest-vs-lightest kept, WCAG relative-luminance ratio against the worse extreme"
https://eyalamit-co-il-2026.s887.upress.link/faq/,div.ea-faq-category>details.ea-faq-item.ea-entrance>summary.ea-faq-item__summary>h3.ea-faq-item__question,האם צריך ניסיון קודם כדי לרכוש דיג'רידו?,17,500,False,4.5,"rgb(47,32,19)","rgb(255,255,250)",15.661,PASS,"backdrop-only screenshot (text ink hidden via color:transparent), 4x4 grid sample per element, darkest-vs-lightest kept, WCAG relative-luminance ratio against the worse extreme"
https://eyalamit-co-il-2026.s887.upress.link/faq/,div.ea-faq-category>details.ea-faq-item.ea-entrance>summary.ea-faq-item__summary>span.ea-faq-item__icon,▾,17,500,False,4.5,"rgb(181,102,61)","rgb(255,255,250)",4.244,FAIL,"backdrop-only screenshot (text ink hidden via color:transparent), 4x4 grid sample per element, darkest-vs-lightest kept, WCAG relative-luminance ratio against the worse extreme"
https://eyalamit-co-il-2026.s887.upress.link/faq/,div.ea-faq-category>details.ea-faq-item.ea-entrance>div.ea-faq-item__answer>p,"לא. אפשר להתחיל גם בלי ניסיון, והכלי יכול ללוות או",17,300,False,4.5,"rgb(138,90,68)","rgb(255,255,250)",5.773,PASS,"backdrop-only screenshot (text ink hidden via color:transparent), 4x4 grid sample per element, darkest-vs-lightest kept, WCAG relative-luminance ratio against the worse extreme"
https://eyalamit-co-il-2026.s887.upress.link/faq/,div.ea-faq-category>details.ea-faq-item.ea-entrance>div.ea-faq-item__answer>p,"אבל כדי לדייק את הבחירה וההתאמה של הכלי, מומלץ מאו",17,300,False,4.5,"rgb(138,90,68)","rgb(255,255,250)",5.773,PASS,"backdrop-only screenshot (text ink hidden via color:transparent), 4x4 grid sample per element, darkest-vs-lightest kept, WCAG relative-luminance ratio against the worse extreme"
https://eyalamit-co-il-2026.s887.upress.link/faq/,div.ea-faq-category>details.ea-faq-item.ea-entrance>div.ea-faq-item__answer>p,"אם עדיין לא למדת, אפשר להתחיל דרך שיעורי נגינה בדי",17,300,False,4.5,"rgb(138,90,68)","rgb(255,255,250)",5.773,PASS,"backdrop-only screenshot (text ink hidden via color:transparent), 4x4 grid sample per element, darkest-vs-lightest kept, WCAG relative-luminance ratio against the worse extreme"
https://eyalamit-co-il-2026.s887.upress.link/faq/,details.ea-faq-item.ea-entrance>div.ea-faq-item__answer>p>a.tlink,שיעורי נגינה בדיג'רידו,17,300,False,4.5,"rgb(154,79,43)","rgb(255,255,250)",5.936,PASS,"backdrop-only screenshot (text ink hidden via color:transparent), 4x4 grid sample per element, darkest-vs-lightest kept, WCAG relative-luminance ratio against the worse extreme"
https://eyalamit-co-il-2026.s887.upress.link/faq/,div.ea-faq-list__inner>div>div.ea-faq-category>h2.ea-faq-category__heading,תיקים לדיג'רידו,18.7,500,False,4.5,"rgb(47,32,19)","rgb(255,255,250)",15.661,PASS,"backdrop-only screenshot (text ink hidden via color:transparent), 4x4 grid sample per element, darkest-vs-lightest kept, WCAG relative-luminance ratio against the worse extreme"
https://eyalamit-co-il-2026.s887.upress.link/faq/,div.ea-faq-category>details.ea-faq-item.ea-entrance>summary.ea-faq-item__summary>h3.ea-faq-item__question,אני בתחילת הדרך – כדאי כבר לקנות תיק?,17,500,False,4.5,"rgb(47,32,19)","rgb(255,255,250)",15.661,PASS,"backdrop-only screenshot (text ink hidden via color:transparent), 4x4 grid sample per element, darkest-vs-lightest kept, WCAG relative-luminance ratio against the worse extreme"
https://eyalamit-co-il-2026.s887.upress.link/faq/,div.ea-faq-category>details.ea-faq-item.ea-entrance>summary.ea-faq-item__summary>span.ea-faq-item__icon,▾,17,500,False,4.5,"rgb(181,102,61)","rgb(255,255,250)",4.244,FAIL,"backdrop-only screenshot (text ink hidden via color:transparent), 4x4 grid sample per element, darkest-vs-lightest kept, WCAG relative-luminance ratio against the worse extreme"
https://eyalamit-co-il-2026.s887.upress.link/faq/,div.ea-faq-category>details.ea-faq-item.ea-entrance>div.ea-faq-item__answer>p,"כן. גם בשלבים הראשונים, תיק יכול לעזור לשמור על הכ",17,300,False,4.5,"rgb(138,90,68)","rgb(255,255,250)",5.773,PASS,"backdrop-only screenshot (text ink hidden via color:transparent), 4x4 grid sample per element, darkest-vs-lightest kept, WCAG relative-luminance ratio against the worse extreme"
https://eyalamit-co-il-2026.s887.upress.link/faq/,div.ea-faq-category>details.ea-faq-item.ea-entrance>div.ea-faq-item__answer>p,למידע נוסף על שיעורי נגינה בדיג'רידו,17,300,False,4.5,"rgb(138,90,68)","rgb(255,255,250)",5.773,PASS,"backdrop-only screenshot (text ink hidden via color:transparent), 4x4 grid sample per element, darkest-vs-lightest kept, WCAG relative-luminance ratio against the worse extreme"
https://eyalamit-co-il-2026.s887.upress.link/faq/,details.ea-faq-item.ea-entrance>div.ea-faq-item__answer>p>a.tlink,שיעורי נגינה בדיג'רידו,17,300,False,4.5,"rgb(154,79,43)","rgb(255,255,250)",5.936,PASS,"backdrop-only screenshot (text ink hidden via color:transparent), 4x4 grid sample per element, darkest-vs-lightest kept, WCAG relative-luminance ratio against the worse extreme"
https://eyalamit-co-il-2026.s887.upress.link/faq/,div.ea-faq-category>details.ea-faq-item.ea-entrance>summary.ea-faq-item__summary>h3.ea-faq-item__question,אפשר לאחסן את הדיג'רידו בתוך התיק לאורך זמן?,17,500,False,4.5,"rgb(47,32,19)","rgb(255,255,250)",15.661,PASS,"backdrop-only screenshot (text ink hidden via color:transparent), 4x4 grid sample per element, darkest-vs-lightest kept, WCAG relative-luminance ratio against the worse extreme"
https://eyalamit-co-il-2026.s887.upress.link/faq/,div.ea-faq-category>details.ea-faq-item.ea-entrance>summary.ea-faq-item__summary>span.ea-faq-item__icon,▾,17,500,False,4.5,"rgb(181,102,61)","rgb(255,255,250)",4.244,FAIL,"backdrop-only screenshot (text ink hidden via color:transparent), 4x4 grid sample per element, darkest-vs-lightest kept, WCAG relative-luminance ratio against the worse extreme"
https://eyalamit-co-il-2026.s887.upress.link/faq/,div.ea-faq-category>details.ea-faq-item.ea-entrance>div.ea-faq-item__answer>p,"כן, כל עוד מדובר במקום יבש ומאוורר. התיק עוזר לשמו",17,300,False,4.5,"rgb(138,90,68)","rgb(255,255,250)",5.773,PASS,"backdrop-only screenshot (text ink hidden via color:transparent), 4x4 grid sample per element, darkest-vs-lightest kept, WCAG relative-luminance ratio against the worse extreme"
https://eyalamit-co-il-2026.s887.upress.link/faq/,div.ea-faq-category>details.ea-faq-item.ea-entrance>summary.ea-faq-item__summary>h3.ea-faq-item__question,אפשר להזמין תיק בהתאמה אישית?,17,500,False,4.5,"rgb(47,32,19)","rgb(255,255,250)",15.661,PASS,"backdrop-only screenshot (text ink hidden via color:transparent), 4x4 grid sample per element, darkest-vs-lightest kept, WCAG relative-luminance ratio against the worse extreme"
https://eyalamit-co-il-2026.s887.upress.link/faq/,div.ea-faq-category>details.ea-faq-item.ea-entrance>summary.ea-faq-item__summary>span.ea-faq-item__icon,▾,17,500,False,4.5,"rgb(181,102,61)","rgb(255,255,250)",4.244,FAIL,"backdrop-only screenshot (text ink hidden via color:transparent), 4x4 grid sample per element, darkest-vs-lightest kept, WCAG relative-luminance ratio against the worse extreme"
https://eyalamit-co-il-2026.s887.upress.link/faq/,div.ea-faq-category>details.ea-faq-item.ea-entrance>div.ea-faq-item__answer>p,כן. ניתן להתאים תיק לפי סוג הכלי והצרכים שלך.,17,300,False,4.5,"rgb(138,90,68)","rgb(255,255,250)",5.773,PASS,"backdrop-only screenshot (text ink hidden via color:transparent), 4x4 grid sample per element, darkest-vs-lightest kept, WCAG relative-luminance ratio against the worse extreme"
https://eyalamit-co-il-2026.s887.upress.link/faq/,div.ea-faq-category>details.ea-faq-item.ea-entrance>div.ea-faq-item__answer>p,לתיאום – מעבר לצרו קשר,17,300,False,4.5,"rgb(138,90,68)","rgb(255,255,250)",5.773,PASS,"backdrop-only screenshot (text ink hidden via color:transparent), 4x4 grid sample per element, darkest-vs-lightest kept, WCAG relative-luminance ratio against the worse extreme"
https://eyalamit-co-il-2026.s887.upress.link/faq/,details.ea-faq-item.ea-entrance>div.ea-faq-item__answer>p>a.tlink,צרו קשר,17,300,False,4.5,"rgb(154,79,43)","rgb(255,255,250)",5.936,PASS,"backdrop-only screenshot (text ink hidden via color:transparent), 4x4 grid sample per element, darkest-vs-lightest kept, WCAG relative-luminance ratio against the worse extreme"
https://eyalamit-co-il-2026.s887.upress.link/faq/,div.ea-faq-category>details.ea-faq-item.ea-entrance>summary.ea-faq-item__summary>h3.ea-faq-item__question,האם התיק מגן מפני נפילות?,17,500,False,4.5,"rgb(47,32,19)","rgb(255,255,250)",15.661,PASS,"backdrop-only screenshot (text ink hidden via color:transparent), 4x4 grid sample per element, darkest-vs-lightest kept, WCAG relative-luminance ratio against the worse extreme"
https://eyalamit-co-il-2026.s887.upress.link/faq/,div.ea-faq-category>details.ea-faq-item.ea-entrance>summary.ea-faq-item__summary>span.ea-faq-item__icon,▾,17,500,False,4.5,"rgb(181,102,61)","rgb(255,255,250)",4.244,FAIL,"backdrop-only screenshot (text ink hidden via color:transparent), 4x4 grid sample per element, darkest-vs-lightest kept, WCAG relative-luminance ratio against the worse extreme"
https://eyalamit-co-il-2026.s887.upress.link/faq/,div.ea-faq-category>details.ea-faq-item.ea-entrance>div.ea-faq-item__answer>p,"התיק מספק הגנה טובה מפני מכות וזעזועים יומיומיים, ",17,300,False,4.5,"rgb(138,90,68)","rgb(255,255,250)",5.773,PASS,"backdrop-only screenshot (text ink hidden via color:transparent), 4x4 grid sample per element, darkest-vs-lightest kept, WCAG relative-luminance ratio against the worse extreme"
https://eyalamit-co-il-2026.s887.upress.link/faq/,div.ea-faq-category>details.ea-faq-item.ea-entrance>summary.ea-faq-item__summary>h3.ea-faq-item__question,האם כל תיק מתאים לכל דיג'רידו?,17,500,False,4.5,"rgb(47,32,19)","rgb(255,255,250)",15.661,PASS,"backdrop-only screenshot (text ink hidden via color:transparent), 4x4 grid sample per element, darkest-vs-lightest kept, WCAG relative-luminance ratio against the worse extreme"
https://eyalamit-co-il-2026.s887.upress.link/faq/,div.ea-faq-category>details.ea-faq-item.ea-entrance>summary.ea-faq-item__summary>span.ea-faq-item__icon,▾,17,500,False,4.5,"rgb(181,102,61)","rgb(255,255,250)",4.244,FAIL,"backdrop-only screenshot (text ink hidden via color:transparent), 4x4 grid sample per element, darkest-vs-lightest kept, WCAG relative-luminance ratio against the worse extreme"
https://eyalamit-co-il-2026.s887.upress.link/faq/,div.ea-faq-category>details.ea-faq-item.ea-entrance>div.ea-faq-item__answer>p,"לא. יש הבדלים באורך, בקוטר ובמבנה של הכלים, ולכן ח",17,300,False,4.5,"rgb(138,90,68)","rgb(255,255,250)",5.773,PASS,"backdrop-only screenshot (text ink hidden via color:transparent), 4x4 grid sample per element, darkest-vs-lightest kept, WCAG relative-luminance ratio against the worse extreme"
https://eyalamit-co-il-2026.s887.upress.link/faq/,div.ea-faq-category>details.ea-faq-item.ea-entrance>summary.ea-faq-item__summary>h3.ea-faq-item__question,האם ניתן לכבס את התיק?,17,500,False,4.5,"rgb(47,32,19)","rgb(255,255,250)",15.661,PASS,"backdrop-only screenshot (text ink hidden via color:transparent), 4x4 grid sample per element, darkest-vs-lightest kept, WCAG relative-luminance ratio against the worse extreme"
https://eyalamit-co-il-2026.s887.upress.link/faq/,div.ea-faq-category>details.ea-faq-item.ea-entrance>summary.ea-faq-item__summary>span.ea-faq-item__icon,▾,17,500,False,4.5,"rgb(181,102,61)","rgb(255,255,250)",4.244,FAIL,"backdrop-only screenshot (text ink hidden via color:transparent), 4x4 grid sample per element, darkest-vs-lightest kept, WCAG relative-luminance ratio against the worse extreme"
https://eyalamit-co-il-2026.s887.upress.link/faq/,div.ea-faq-category>details.ea-faq-item.ea-entrance>div.ea-faq-item__answer>p,כן.,17,300,False,4.5,"rgb(138,90,68)","rgb(255,255,250)",5.773,PASS,"backdrop-only screenshot (text ink hidden via color:transparent), 4x4 grid sample per element, darkest-vs-lightest kept, WCAG relative-luminance ratio against the worse extreme"
https://eyalamit-co-il-2026.s887.upress.link/faq/,div.ea-faq-category>details.ea-faq-item.ea-entrance>summary.ea-faq-item__summary>h3.ea-faq-item__question,כמה עולה תיק לדיג'רידו?,17,500,False,4.5,"rgb(47,32,19)","rgb(255,255,250)",15.661,PASS,"backdrop-only screenshot (text ink hidden via color:transparent), 4x4 grid sample per element, darkest-vs-lightest kept, WCAG relative-luminance ratio against the worse extreme"
https://eyalamit-co-il-2026.s887.upress.link/faq/,div.ea-faq-category>details.ea-faq-item.ea-entrance>summary.ea-faq-item__summary>span.ea-faq-item__icon,▾,17,500,False,4.5,"rgb(181,102,61)","rgb(255,255,250)",4.244,FAIL,"backdrop-only screenshot (text ink hidden via color:transparent), 4x4 grid sample per element, darkest-vs-lightest kept, WCAG relative-luminance ratio against the worse extreme"
https://eyalamit-co-il-2026.s887.upress.link/faq/,div.ea-faq-category>details.ea-faq-item.ea-entrance>div.ea-faq-item__answer>p,טווח המחירים משתנה בהתאם לגודל התיק.,17,300,False,4.5,"rgb(138,90,68)","rgb(255,255,250)",5.773,PASS,"backdrop-only screenshot (text ink hidden via color:transparent), 4x4 grid sample per element, darkest-vs-lightest kept, WCAG relative-luminance ratio against the worse extreme"
https://eyalamit-co-il-2026.s887.upress.link/faq/,div.ea-faq-category>details.ea-faq-item.ea-entrance>div.ea-faq-item__answer>p,לפרטים צרו קשר,17,300,False,4.5,"rgb(138,90,68)","rgb(255,255,250)",5.773,PASS,"backdrop-only screenshot (text ink hidden via color:transparent), 4x4 grid sample per element, darkest-vs-lightest kept, WCAG relative-luminance ratio against the worse extreme"
https://eyalamit-co-il-2026.s887.upress.link/faq/,details.ea-faq-item.ea-entrance>div.ea-faq-item__answer>p>a.tlink,צרו קשר,17,300,False,4.5,"rgb(154,79,43)","rgb(255,255,250)",5.936,PASS,"backdrop-only screenshot (text ink hidden via color:transparent), 4x4 grid sample per element, darkest-vs-lightest kept, WCAG relative-luminance ratio against the worse extreme"
https://eyalamit-co-il-2026.s887.upress.link/faq/,div.ea-faq-list__inner>div>div.ea-faq-category>h2.ea-faq-category__heading,סטנדים לאחסון דיג'רידו,18.7,500,False,4.5,"rgb(47,32,19)","rgb(255,255,250)",15.661,PASS,"backdrop-only screenshot (text ink hidden via color:transparent), 4x4 grid sample per element, darkest-vs-lightest kept, WCAG relative-luminance ratio against the worse extreme"
https://eyalamit-co-il-2026.s887.upress.link/faq/,div.ea-faq-category>details.ea-faq-item.ea-entrance>summary.ea-faq-item__summary>h3.ea-faq-item__question,איך מקבלים הצעת מחיר?,17,500,False,4.5,"rgb(47,32,19)","rgb(255,255,250)",15.661,PASS,"backdrop-only screenshot (text ink hidden via color:transparent), 4x4 grid sample per element, darkest-vs-lightest kept, WCAG relative-luminance ratio against the worse extreme"
https://eyalamit-co-il-2026.s887.upress.link/faq/,div.ea-faq-category>details.ea-faq-item.ea-entrance>summary.ea-faq-item__summary>span.ea-faq-item__icon,▾,17,500,False,4.5,"rgb(181,102,61)","rgb(255,255,250)",4.244,FAIL,"backdrop-only screenshot (text ink hidden via color:transparent), 4x4 grid sample per element, darkest-vs-lightest kept, WCAG relative-luminance ratio against the worse extreme"
https://eyalamit-co-il-2026.s887.upress.link/faq/,div.ea-faq-category>details.ea-faq-item.ea-entrance>div.ea-faq-item__answer>p,"פונים דרך /contact ומתארים מה צריך (סוג סטנד, כמות",17,300,False,4.5,"rgb(138,90,68)","rgb(255,255,250)",5.773,PASS,"backdrop-only screenshot (text ink hidden via color:transparent), 4x4 grid sample per element, darkest-vs-lightest kept, WCAG relative-luminance ratio against the worse extreme"
https://eyalamit-co-il-2026.s887.upress.link/faq/,details.ea-faq-item.ea-entrance>div.ea-faq-item__answer>p>a.tlink,/contact,17,300,False,4.5,"rgb(154,79,43)","rgb(255,255,250)",5.936,PASS,"backdrop-only screenshot (text ink hidden via color:transparent), 4x4 grid sample per element, darkest-vs-lightest kept, WCAG relative-luminance ratio against the worse extreme"
https://eyalamit-co-il-2026.s887.upress.link/faq/,div.ea-faq-category>details.ea-faq-item.ea-entrance>summary.ea-faq-item__summary>h3.ea-faq-item__question,אפשר להזמין סטנד בהתאמה אישית?,17,500,False,4.5,"rgb(47,32,19)","rgb(255,255,250)",15.661,PASS,"backdrop-only screenshot (text ink hidden via color:transparent), 4x4 grid sample per element, darkest-vs-lightest kept, WCAG relative-luminance ratio against the worse extreme"
https://eyalamit-co-il-2026.s887.upress.link/faq/,div.ea-faq-category>details.ea-faq-item.ea-entrance>summary.ea-faq-item__summary>span.ea-faq-item__icon,▾,17,500,False,4.5,"rgb(181,102,61)","rgb(255,255,250)",4.244,FAIL,"backdrop-only screenshot (text ink hidden via color:transparent), 4x4 grid sample per element, darkest-vs-lightest kept, WCAG relative-luminance ratio against the worse extreme"
https://eyalamit-co-il-2026.s887.upress.link/faq/,div.ea-faq-category>details.ea-faq-item.ea-entrance>div.ea-faq-item__answer>p,"כן. ניתן להזמין סטנד בהתאם לגודל הכלי, סוג האחסון ",17,300,False,4.5,"rgb(138,90,68)","rgb(255,255,250)",5.773,PASS,"backdrop-only screenshot (text ink hidden via color:transparent), 4x4 grid sample per element, darkest-vs-lightest kept, WCAG relative-luminance ratio against the worse extreme"
https://eyalamit-co-il-2026.s887.upress.link/faq/,div.ea-faq-category>details.ea-faq-item.ea-entrance>summary.ea-faq-item__summary>h3.ea-faq-item__question,האם הסטנד מתאים לכל סוגי הדיג'רידו?,17,500,False,4.5,"rgb(47,32,19)","rgb(255,255,250)",15.661,PASS,"backdrop-only screenshot (text ink hidden via color:transparent), 4x4 grid sample per element, darkest-vs-lightest kept, WCAG relative-luminance ratio against the worse extreme"
https://eyalamit-co-il-2026.s887.upress.link/faq/,div.ea-faq-category>details.ea-faq-item.ea-entrance>summary.ea-faq-item__summary>span.ea-faq-item__icon,▾,17,500,False,4.5,"rgb(181,102,61)","rgb(255,255,250)",4.244,FAIL,"backdrop-only screenshot (text ink hidden via color:transparent), 4x4 grid sample per element, darkest-vs-lightest kept, WCAG relative-luminance ratio against the worse extreme"
https://eyalamit-co-il-2026.s887.upress.link/faq/,div.ea-faq-category>details.ea-faq-item.ea-entrance>div.ea-faq-item__answer>p,ברוב המקרים כן. הסטנדים מתאימים למגוון גדלים וסוגי,17,300,False,4.5,"rgb(138,90,68)","rgb(255,255,250)",5.773,PASS,"backdrop-only screenshot (text ink hidden via color:transparent), 4x4 grid sample per element, darkest-vs-lightest kept, WCAG relative-luminance ratio against the worse extreme"
https://eyalamit-co-il-2026.s887.upress.link/faq/,div.ea-faq-category>details.ea-faq-item.ea-entrance>div.ea-faq-item__answer>p,"אם יש כלי חריג בגודל או במשקל, כדאי לציין זאת מראש",17,300,False,4.5,"rgb(138,90,68)","rgb(255,255,250)",5.773,PASS,"backdrop-only screenshot (text ink hidden via color:transparent), 4x4 grid sample per element, darkest-vs-lightest kept, WCAG relative-luminance ratio against the worse extreme"
https://eyalamit-co-il-2026.s887.upress.link/faq/,div.ea-faq-category>details.ea-faq-item.ea-entrance>summary.ea-faq-item__summary>h3.ea-faq-item__question,האם הסטנד שומר על הדיג'רידו?,17,500,False,4.5,"rgb(47,32,19)","rgb(255,255,250)",15.661,PASS,"backdrop-only screenshot (text ink hidden via color:transparent), 4x4 grid sample per element, darkest-vs-lightest kept, WCAG relative-luminance ratio against the worse extreme"
https://eyalamit-co-il-2026.s887.upress.link/faq/,div.ea-faq-category>details.ea-faq-item.ea-entrance>summary.ea-faq-item__summary>span.ea-faq-item__icon,▾,17,500,False,4.5,"rgb(181,102,61)","rgb(255,255,250)",4.244,FAIL,"backdrop-only screenshot (text ink hidden via color:transparent), 4x4 grid sample per element, darkest-vs-lightest kept, WCAG relative-luminance ratio against the worse extreme"
https://eyalamit-co-il-2026.s887.upress.link/faq/,div.ea-faq-category>details.ea-faq-item.ea-entrance>div.ea-faq-item__answer>p,"כן. הדיג'רידו הוא כלי שביר יחסית, ונפילה עלולה לסד",17,300,False,4.5,"rgb(138,90,68)","rgb(255,255,250)",5.773,PASS,"backdrop-only screenshot (text ink hidden via color:transparent), 4x4 grid sample per element, darkest-vs-lightest kept, WCAG relative-luminance ratio against the worse extreme"
https://eyalamit-co-il-2026.s887.upress.link/faq/,div.ea-faq-category>details.ea-faq-item.ea-entrance>div.ea-faq-item__answer>p,הסטנד מחזיק אותו בצורה יציבה ומפחית את הסיכון לפגי,17,300,False,4.5,"rgb(138,90,68)","rgb(241,235,226)",4.887,PASS,"backdrop-only screenshot (text ink hidden via color:transparent), 4x4 grid sample per element, darkest-vs-lightest kept, WCAG relative-luminance ratio against the worse extreme"
https://eyalamit-co-il-2026.s887.upress.link/faq/,div.ea-faq-category>details.ea-faq-item.ea-entrance>summary.ea-faq-item__summary>h3.ea-faq-item__question,מה ההבדל בין סטנד לתלייה לסטנד לעמידה?,17,500,False,4.5,"rgb(47,32,19)","rgb(255,255,250)",15.661,PASS,"backdrop-only screenshot (text ink hidden via color:transparent), 4x4 grid sample per element, darkest-vs-lightest kept, WCAG relative-luminance ratio against the worse extreme"
https://eyalamit-co-il-2026.s887.upress.link/faq/,div.ea-faq-category>details.ea-faq-item.ea-entrance>summary.ea-faq-item__summary>span.ea-faq-item__icon,▾,17,500,False,4.5,"rgb(181,102,61)","rgb(255,255,250)",4.244,FAIL,"backdrop-only screenshot (text ink hidden via color:transparent), 4x4 grid sample per element, darkest-vs-lightest kept, WCAG relative-luminance ratio against the worse extreme"
https://eyalamit-co-il-2026.s887.upress.link/faq/,div.ea-faq-category>details.ea-faq-item.ea-entrance>div.ea-faq-item__answer>p,"סטנד לתלייה מתחבר לקיר וחוסך מקום, סטנד לעמידה מונ",17,300,False,4.5,"rgb(138,90,68)","rgb(255,255,250)",5.773,PASS,"backdrop-only screenshot (text ink hidden via color:transparent), 4x4 grid sample per element, darkest-vs-lightest kept, WCAG relative-luminance ratio against the worse extreme"
https://eyalamit-co-il-2026.s887.upress.link/faq/,div.ea-faq-list__inner>div>div.ea-faq-category>h2.ea-faq-category__heading,סטנד רצפתי לנגינה,18.7,500,False,4.5,"rgb(47,32,19)","rgb(255,255,250)",15.661,PASS,"backdrop-only screenshot (text ink hidden via color:transparent), 4x4 grid sample per element, darkest-vs-lightest kept, WCAG relative-luminance ratio against the worse extreme"
https://eyalamit-co-il-2026.s887.upress.link/faq/,div.ea-faq-category>details.ea-faq-item.ea-entrance>summary.ea-faq-item__summary>h3.ea-faq-item__question,האם אפשר להזמין עיצוב אישי?,17,500,False,4.5,"rgb(47,32,19)","rgb(255,255,250)",15.661,PASS,"backdrop-only screenshot (text ink hidden via color:transparent), 4x4 grid sample per element, darkest-vs-lightest kept, WCAG relative-luminance ratio against the worse extreme"
https://eyalamit-co-il-2026.s887.upress.link/faq/,div.ea-faq-category>details.ea-faq-item.ea-entrance>summary.ea-faq-item__summary>span.ea-faq-item__icon,▾,17,500,False,4.5,"rgb(181,102,61)","rgb(255,255,250)",4.244,FAIL,"backdrop-only screenshot (text ink hidden via color:transparent), 4x4 grid sample per element, darkest-vs-lightest kept, WCAG relative-luminance ratio against the worse extreme"
https://eyalamit-co-il-2026.s887.upress.link/faq/,div.ea-faq-category>details.ea-faq-item.ea-entrance>div.ea-faq-item__answer>p,כן. ניתן להזמין את הסטנד בשלל עיצובים וגם בהתאמה א,17,300,False,4.5,"rgb(138,90,68)","rgb(255,255,250)",5.773,PASS,"backdrop-only screenshot (text ink hidden via color:transparent), 4x4 grid sample per element, darkest-vs-lightest kept, WCAG relative-luminance ratio against the worse extreme"
https://eyalamit-co-il-2026.s887.upress.link/faq/,div.ea-faq-category>details.ea-faq-item.ea-entrance>summary.ea-faq-item__summary>h3.ea-faq-item__question,האם הסטנד דורש תחזוקה?,17,500,False,4.5,"rgb(47,32,19)","rgb(255,255,250)",15.661,PASS,"backdrop-only screenshot (text ink hidden via color:transparent), 4x4 grid sample per element, darkest-vs-lightest kept, WCAG relative-luminance ratio against the worse extreme"
https://eyalamit-co-il-2026.s887.upress.link/faq/,div.ea-faq-category>details.ea-faq-item.ea-entrance>summary.ea-faq-item__summary>span.ea-faq-item__icon,▾,17,500,False,4.5,"rgb(181,102,61)","rgb(255,255,250)",4.244,FAIL,"backdrop-only screenshot (text ink hidden via color:transparent), 4x4 grid sample per element, darkest-vs-lightest kept, WCAG relative-luminance ratio against the worse extreme"
https://eyalamit-co-il-2026.s887.upress.link/faq/,div.ea-faq-category>details.ea-faq-item.ea-entrance>div.ea-faq-item__answer>p,לא. אין חלקים נעים ואין צורך בתחזוקה שוטפת.,17,300,False,4.5,"rgb(138,90,68)","rgb(255,255,250)",5.773,PASS,"backdrop-only screenshot (text ink hidden via color:transparent), 4x4 grid sample per element, darkest-vs-lightest kept, WCAG relative-luminance ratio against the worse extreme"
https://eyalamit-co-il-2026.s887.upress.link/faq/,div.ea-faq-category>details.ea-faq-item.ea-entrance>summary.ea-faq-item__summary>h3.ea-faq-item__question,האם הסטנד מתאים לכל סוגי הדיג'רידו?,17,500,False,4.5,"rgb(47,32,19)","rgb(255,255,250)",15.661,PASS,"backdrop-only screenshot (text ink hidden via color:transparent), 4x4 grid sample per element, darkest-vs-lightest kept, WCAG relative-luminance ratio against the worse extreme"
https://eyalamit-co-il-2026.s887.upress.link/faq/,div.ea-faq-category>details.ea-faq-item.ea-entrance>summary.ea-faq-item__summary>span.ea-faq-item__icon,▾,17,500,False,4.5,"rgb(181,102,61)","rgb(255,255,250)",4.244,FAIL,"backdrop-only screenshot (text ink hidden via color:transparent), 4x4 grid sample per element, darkest-vs-lightest kept, WCAG relative-luminance ratio against the worse extreme"
https://eyalamit-co-il-2026.s887.upress.link/faq/,div.ea-faq-category>details.ea-faq-item.ea-entrance>div.ea-faq-item__answer>p,כן. המבנה מאפשר התאמה אוניברסלית לרוב סוגי הכלים.,17,300,False,4.5,"rgb(138,90,68)","rgb(255,255,250)",5.773,PASS,"backdrop-only screenshot (text ink hidden via color:transparent), 4x4 grid sample per element, darkest-vs-lightest kept, WCAG relative-luminance ratio against the worse extreme"
https://eyalamit-co-il-2026.s887.upress.link/faq/,div.ea-faq-category>details.ea-faq-item.ea-entrance>summary.ea-faq-item__summary>h3.ea-faq-item__question,האם צריך להרכיב או לכוון אותו?,17,500,False,4.5,"rgb(47,32,19)","rgb(255,255,250)",15.661,PASS,"backdrop-only screenshot (text ink hidden via color:transparent), 4x4 grid sample per element, darkest-vs-lightest kept, WCAG relative-luminance ratio against the worse extreme"
https://eyalamit-co-il-2026.s887.upress.link/faq/,div.ea-faq-category>details.ea-faq-item.ea-entrance>summary.ea-faq-item__summary>span.ea-faq-item__icon,▾,17,500,False,4.5,"rgb(181,102,61)","rgb(255,255,250)",4.244,FAIL,"backdrop-only screenshot (text ink hidden via color:transparent), 4x4 grid sample per element, darkest-vs-lightest kept, WCAG relative-luminance ratio against the worse extreme"
https://eyalamit-co-il-2026.s887.upress.link/faq/,div.ea-faq-category>details.ea-faq-item.ea-entrance>div.ea-faq-item__answer>p,"לא. פשוט מניחים על הרצפה, משחילים את הדיג'רידו ומנ",17,300,False,4.5,"rgb(138,90,68)","rgb(255,255,250)",5.773,PASS,"backdrop-only screenshot (text ink hidden via color:transparent), 4x4 grid sample per element, darkest-vs-lightest kept, WCAG relative-luminance ratio against the worse extreme"
https://eyalamit-co-il-2026.s887.upress.link/faq/,div.ea-faq-list__inner>div>div.ea-faq-category>h2.ea-faq-category__heading,תיקון וחידוש דיג'רידו,18.7,500,False,4.5,"rgb(47,32,19)","rgb(255,255,250)",15.661,PASS,"backdrop-only screenshot (text ink hidden via color:transparent), 4x4 grid sample per element, darkest-vs-lightest kept, WCAG relative-luminance ratio against the worse extreme"
https://eyalamit-co-il-2026.s887.upress.link/faq/,div.ea-faq-category>details.ea-faq-item.ea-entrance>summary.ea-faq-item__summary>h3.ea-faq-item__question,האם אפשר לשדרג את הכלי תוך כדי תיקון?,17,500,False,4.5,"rgb(47,32,19)","rgb(255,255,250)",15.661,PASS,"backdrop-only screenshot (text ink hidden via color:transparent), 4x4 grid sample per element, darkest-vs-lightest kept, WCAG relative-luminance ratio against the worse extreme"
https://eyalamit-co-il-2026.s887.upress.link/faq/,div.ea-faq-category>details.ea-faq-item.ea-entrance>summary.ea-faq-item__summary>span.ea-faq-item__icon,▾,17,500,False,4.5,"rgb(181,102,61)","rgb(255,255,250)",4.244,FAIL,"backdrop-only screenshot (text ink hidden via color:transparent), 4x4 grid sample per element, darkest-vs-lightest kept, WCAG relative-luminance ratio against the worse extreme"
https://eyalamit-co-il-2026.s887.upress.link/faq/,div.ea-faq-category>details.ea-faq-item.ea-entrance>div.ea-faq-item__answer>p,כן. במקרים רבים ניתן לשלב התאמות כמו שדרוג פייה או,17,300,False,4.5,"rgb(138,90,68)","rgb(255,255,250)",5.773,PASS,"backdrop-only screenshot (text ink hidden via color:transparent), 4x4 grid sample per element, darkest-vs-lightest kept, WCAG relative-luminance ratio against the worse extreme"
https://eyalamit-co-il-2026.s887.upress.link/faq/,div.ea-faq-category>details.ea-faq-item.ea-entrance>summary.ea-faq-item__summary>h3.ea-faq-item__question,האם התיקון משנה את הצליל של הכלי?,17,500,False,4.5,"rgb(47,32,19)","rgb(255,255,250)",15.661,PASS,"backdrop-only screenshot (text ink hidden via color:transparent), 4x4 grid sample per element, darkest-vs-lightest kept, WCAG relative-luminance ratio against the worse extreme"
https://eyalamit-co-il-2026.s887.upress.link/faq/,div.ea-faq-category>details.ea-faq-item.ea-entrance>summary.ea-faq-item__summary>span.ea-faq-item__icon,▾,17,500,False,4.5,"rgb(181,102,61)","rgb(255,255,250)",4.244,FAIL,"backdrop-only screenshot (text ink hidden via color:transparent), 4x4 grid sample per element, darkest-vs-lightest kept, WCAG relative-luminance ratio against the worse extreme"
https://eyalamit-co-il-2026.s887.upress.link/faq/,div.ea-faq-category>details.ea-faq-item.ea-entrance>div.ea-faq-item__answer>p,המטרה היא להחזיר את הכלי לאיזון המקורי שלו במקרים ,17,300,False,4.5,"rgb(138,90,68)","rgb(255,255,250)",5.773,PASS,"backdrop-only screenshot (text ink hidden via color:transparent), 4x4 grid sample per element, darkest-vs-lightest kept, WCAG relative-luminance ratio against the worse extreme"
https://eyalamit-co-il-2026.s887.upress.link/faq/,div.ea-faq-category>details.ea-faq-item.ea-entrance>summary.ea-faq-item__summary>h3.ea-faq-item__question,האם כל דיג'רידו ניתן לתיקון?,17,500,False,4.5,"rgb(47,32,19)","rgb(255,255,250)",15.661,PASS,"backdrop-only screenshot (text ink hidden via color:transparent), 4x4 grid sample per element, darkest-vs-lightest kept, WCAG relative-luminance ratio against the worse extreme"
https://eyalamit-co-il-2026.s887.upress.link/faq/,div.ea-faq-category>details.ea-faq-item.ea-entrance>summary.ea-faq-item__summary>span.ea-faq-item__icon,▾,17,500,False,4.5,"rgb(181,102,61)","rgb(255,255,250)",4.244,FAIL,"backdrop-only screenshot (text ink hidden via color:transparent), 4x4 grid sample per element, darkest-vs-lightest kept, WCAG relative-luminance ratio against the worse extreme"
https://eyalamit-co-il-2026.s887.upress.link/faq/,div.ea-faq-category>details.ea-faq-item.ea-entrance>div.ea-faq-item__answer>p,ברוב המקרים כן. גם כלים עם סדקים או שברים משמעותיי,17,300,False,4.5,"rgb(138,90,68)","rgb(255,255,250)",5.773,PASS,"backdrop-only screenshot (text ink hidden via color:transparent), 4x4 grid sample per element, darkest-vs-lightest kept, WCAG relative-luminance ratio against the worse extreme"
https://eyalamit-co-il-2026.s887.upress.link/faq/,details.ea-faq-item.ea-entrance>div.ea-faq-item__answer>p>a.tlink,כלים ואביזרים לדיג'רידו,17,300,False,4.5,"rgb(154,79,43)","rgb(255,255,250)",5.936,PASS,"backdrop-only screenshot (text ink hidden via color:transparent), 4x4 grid sample per element, darkest-vs-lightest kept, WCAG relative-luminance ratio against the worse extreme"
https://eyalamit-co-il-2026.s887.upress.link/faq/,div.ea-faq-category>details.ea-faq-item.ea-entrance>summary.ea-faq-item__summary>h3.ea-faq-item__question,האם מקבלים הצעת מחיר לפני תחילת העבודה?,17,500,False,4.5,"rgb(47,32,19)","rgb(255,255,250)",15.661,PASS,"backdrop-only screenshot (text ink hidden via color:transparent), 4x4 grid sample per element, darkest-vs-lightest kept, WCAG relative-luminance ratio against the worse extreme"
https://eyalamit-co-il-2026.s887.upress.link/faq/,div.ea-faq-category>details.ea-faq-item.ea-entrance>summary.ea-faq-item__summary>span.ea-faq-item__icon,▾,17,500,False,4.5,"rgb(181,102,61)","rgb(255,255,250)",4.244,FAIL,"backdrop-only screenshot (text ink hidden via color:transparent), 4x4 grid sample per element, darkest-vs-lightest kept, WCAG relative-luminance ratio against the worse extreme"
https://eyalamit-co-il-2026.s887.upress.link/faq/,div.ea-faq-category>details.ea-faq-item.ea-entrance>div.ea-faq-item__answer>p,כן. כל תיקון מתחיל בהערכת מצב ומתן הצעת מחיר ללא ה,17,300,False,4.5,"rgb(138,90,68)","rgb(255,255,250)",5.773,PASS,"backdrop-only screenshot (text ink hidden via color:transparent), 4x4 grid sample per element, darkest-vs-lightest kept, WCAG relative-luminance ratio against the worse extreme"
https://eyalamit-co-il-2026.s887.upress.link/faq/,div.ea-faq-category>details.ea-faq-item.ea-entrance>summary.ea-faq-item__summary>h3.ea-faq-item__question,כמה זמן לוקח תיקון דיג'רידו?,17,500,False,4.5,"rgb(47,32,19)","rgb(255,255,250)",15.661,PASS,"backdrop-only screenshot (text ink hidden via color:transparent), 4x4 grid sample per element, darkest-vs-lightest kept, WCAG relative-luminance ratio against the worse extreme"
https://eyalamit-co-il-2026.s887.upress.link/faq/,div.ea-faq-category>details.ea-faq-item.ea-entrance>summary.ea-faq-item__summary>span.ea-faq-item__icon,▾,17,500,False,4.5,"rgb(181,102,61)","rgb(255,255,250)",4.244,FAIL,"backdrop-only screenshot (text ink hidden via color:transparent), 4x4 grid sample per element, darkest-vs-lightest kept, WCAG relative-luminance ratio against the worse extreme"
https://eyalamit-co-il-2026.s887.upress.link/faq/,div.ea-faq-category>details.ea-faq-item.ea-entrance>div.ea-faq-item__answer>p,משך התיקון תלוי בסוג הבעיה. תיקונים פשוטים יכולים ,17,300,False,4.5,"rgb(138,90,68)","rgb(255,255,250)",5.773,PASS,"backdrop-only screenshot (text ink hidden via color:transparent), 4x4 grid sample per element, darkest-vs-lightest kept, WCAG relative-luminance ratio against the worse extreme"
https://eyalamit-co-il-2026.s887.upress.link/faq/,div.ea-faq-category>details.ea-faq-item.ea-entrance>summary.ea-faq-item__summary>h3.ea-faq-item__question,כמה עולה תיקון דיג'רידו?,17,500,False,4.5,"rgb(47,32,19)","rgb(255,255,250)",15.661,PASS,"backdrop-only screenshot (text ink hidden via color:transparent), 4x4 grid sample per element, darkest-vs-lightest kept, WCAG relative-luminance ratio against the worse extreme"
https://eyalamit-co-il-2026.s887.upress.link/faq/,div.ea-faq-category>details.ea-faq-item.ea-entrance>summary.ea-faq-item__summary>span.ea-faq-item__icon,▾,17,500,False,4.5,"rgb(181,102,61)","rgb(255,255,250)",4.244,FAIL,"backdrop-only screenshot (text ink hidden via color:transparent), 4x4 grid sample per element, darkest-vs-lightest kept, WCAG relative-luminance ratio against the worse extreme"
https://eyalamit-co-il-2026.s887.upress.link/faq/,div.ea-faq-category>details.ea-faq-item.ea-entrance>div.ea-faq-item__answer>p,המחיר משתנה בהתאם למצב הכלי וסוג העבודה הנדרש הצעת,17,300,False,4.5,"rgb(138,90,68)","rgb(255,255,250)",5.773,PASS,"backdrop-only screenshot (text ink hidden via color:transparent), 4x4 grid sample per element, darkest-vs-lightest kept, WCAG relative-luminance ratio against the worse extreme"
https://eyalamit-co-il-2026.s887.upress.link/faq/,div.ea-faq-list__inner>div>div.ea-faq-category>h2.ea-faq-category__heading,שאלות כלליות,18.7,500,False,4.5,"rgb(47,32,19)","rgb(255,255,250)",15.661,PASS,"backdrop-only screenshot (text ink hidden via color:transparent), 4x4 grid sample per element, darkest-vs-lightest kept, WCAG relative-luminance ratio against the worse extreme"
https://eyalamit-co-il-2026.s887.upress.link/faq/,div.ea-faq-category>details.ea-faq-item.ea-entrance>summary.ea-faq-item__summary>h3.ea-faq-item__question,איך קובעים מפגש?,17,500,False,4.5,"rgb(47,32,19)","rgb(255,255,250)",15.661,PASS,"backdrop-only screenshot (text ink hidden via color:transparent), 4x4 grid sample per element, darkest-vs-lightest kept, WCAG relative-luminance ratio against the worse extreme"
https://eyalamit-co-il-2026.s887.upress.link/faq/,div.ea-faq-category>details.ea-faq-item.ea-entrance>summary.ea-faq-item__summary>span.ea-faq-item__icon,▾,17,500,False,4.5,"rgb(181,102,61)","rgb(255,255,250)",4.244,FAIL,"backdrop-only screenshot (text ink hidden via color:transparent), 4x4 grid sample per element, darkest-vs-lightest kept, WCAG relative-luminance ratio against the worse extreme"
https://eyalamit-co-il-2026.s887.upress.link/faq/,div.ea-faq-category>details.ea-faq-item.ea-entrance>div.ea-faq-item__answer>p,ניתן ליצור קשר דרך שיחת היכרות ולתאם זמן שמתאים.,17,300,False,4.5,"rgb(138,90,68)","rgb(255,255,250)",5.773,PASS,"backdrop-only screenshot (text ink hidden via color:transparent), 4x4 grid sample per element, darkest-vs-lightest kept, WCAG relative-luminance ratio against the worse extreme"
https://eyalamit-co-il-2026.s887.upress.link/faq/,details.ea-faq-item.ea-entrance>div.ea-faq-item__answer>p>a,שיחת היכרות,17,300,False,4.5,"rgb(138,90,68)","rgb(255,255,250)",5.773,PASS,"backdrop-only screenshot (text ink hidden via color:transparent), 4x4 grid sample per element, darkest-vs-lightest kept, WCAG relative-luminance ratio against the worse extreme"
https://eyalamit-co-il-2026.s887.upress.link/faq/,div.ea-faq-category>details.ea-faq-item.ea-entrance>summary.ea-faq-item__summary>h3.ea-faq-item__question,איך קובעים שיחת היכרות?,17,500,False,4.5,"rgb(47,32,19)","rgb(255,255,250)",15.661,PASS,"backdrop-only screenshot (text ink hidden via color:transparent), 4x4 grid sample per element, darkest-vs-lightest kept, WCAG relative-luminance ratio against the worse extreme"
https://eyalamit-co-il-2026.s887.upress.link/faq/,div.ea-faq-category>details.ea-faq-item.ea-entrance>summary.ea-faq-item__summary>span.ea-faq-item__icon,▾,17,500,False,4.5,"rgb(181,102,61)","rgb(255,255,250)",4.244,FAIL,"backdrop-only screenshot (text ink hidden via color:transparent), 4x4 grid sample per element, darkest-vs-lightest kept, WCAG relative-luminance ratio against the worse extreme"
https://eyalamit-co-il-2026.s887.upress.link/faq/,div.ea-faq-category>details.ea-faq-item.ea-entrance>div.ea-faq-item__answer>p,אפשר לפנות בוואטסאפ 052-4822842 או דרך טופס יצירת ,17,300,False,4.5,"rgb(138,90,68)","rgb(255,255,250)",5.773,PASS,"backdrop-only screenshot (text ink hidden via color:transparent), 4x4 grid sample per element, darkest-vs-lightest kept, WCAG relative-luminance ratio against the worse extreme"
https://eyalamit-co-il-2026.s887.upress.link/faq/,div.ea-faq-category>details.ea-faq-item.ea-entrance>summary.ea-faq-item__summary>h3.ea-faq-item__question,איפה מתקיימים המפגשים?,17,500,False,4.5,"rgb(47,32,19)","rgb(255,255,250)",15.661,PASS,"backdrop-only screenshot (text ink hidden via color:transparent), 4x4 grid sample per element, darkest-vs-lightest kept, WCAG relative-luminance ratio against the worse extreme"
https://eyalamit-co-il-2026.s887.upress.link/faq/,div.ea-faq-category>details.ea-faq-item.ea-entrance>summary.ea-faq-item__summary>span.ea-faq-item__icon,▾,17,500,False,4.5,"rgb(181,102,61)","rgb(255,255,250)",4.244,FAIL,"backdrop-only screenshot (text ink hidden via color:transparent), 4x4 grid sample per element, darkest-vs-lightest kept, WCAG relative-luminance ratio against the worse extreme"
https://eyalamit-co-il-2026.s887.upress.link/faq/,div.ea-faq-category>details.ea-faq-item.ea-entrance>div.ea-faq-item__answer>p,"המפגשים מתקיימים בסטודיו בפרדס חנה, בסביבה שקטה ונ",17,300,False,4.5,"rgb(138,90,68)","rgb(255,255,250)",5.773,PASS,"backdrop-only screenshot (text ink hidden via color:transparent), 4x4 grid sample per element, darkest-vs-lightest kept, WCAG relative-luminance ratio against the worse extreme"
https://eyalamit-co-il-2026.s887.upress.link/faq/,div.ea-faq-category>details.ea-faq-item.ea-entrance>div.ea-faq-item__answer>p,"הסטודיו ממוקם בתוך מרחב ירוק ושקט, עם חצר פתוחה, ע",17,300,False,4.5,"rgb(138,90,68)","rgb(255,255,250)",5.773,PASS,"backdrop-only screenshot (text ink hidden via color:transparent), 4x4 grid sample per element, darkest-vs-lightest kept, WCAG relative-luminance ratio against the worse extreme"
https://eyalamit-co-il-2026.s887.upress.link/faq/,div.ea-faq-category>details.ea-faq-item.ea-entrance>summary.ea-faq-item__summary>h3.ea-faq-item__question,האם אייל עמית כתב ספרים?,17,500,False,4.5,"rgb(47,32,19)","rgb(255,255,250)",15.661,PASS,"backdrop-only screenshot (text ink hidden via color:transparent), 4x4 grid sample per element, darkest-vs-lightest kept, WCAG relative-luminance ratio against the worse extreme"
https://eyalamit-co-il-2026.s887.upress.link/faq/,div.ea-faq-category>details.ea-faq-item.ea-entrance>summary.ea-faq-item__summary>span.ea-faq-item__icon,▾,17,500,False,4.5,"rgb(181,102,61)","rgb(255,255,250)",4.244,FAIL,"backdrop-only screenshot (text ink hidden via color:transparent), 4x4 grid sample per element, darkest-vs-lightest kept, WCAG relative-luminance ratio against the worse extreme"
https://eyalamit-co-il-2026.s887.upress.link/faq/,div.ea-faq-category>details.ea-faq-item.ea-entrance>div.ea-faq-item__answer>p,כן. אייל עמית כתב והוציא לאור 3 ספרים במסגרת מוזה ,17,300,False,4.5,"rgb(138,90,68)","rgb(255,255,250)",5.773,PASS,"backdrop-only screenshot (text ink hidden via color:transparent), 4x4 grid sample per element, darkest-vs-lightest kept, WCAG relative-luminance ratio against the worse extreme"
https://eyalamit-co-il-2026.s887.upress.link/faq/,details.ea-faq-item.ea-entrance>div.ea-faq-item__answer>p>a.tlink,מוזה הוצאה לאור,17,300,False,4.5,"rgb(154,79,43)","rgb(255,255,250)",5.936,PASS,"backdrop-only screenshot (text ink hidden via color:transparent), 4x4 grid sample per element, darkest-vs-lightest kept, WCAG relative-luminance ratio against the worse extreme"
https://eyalamit-co-il-2026.s887.upress.link/faq/,div.ea-faq-category>details.ea-faq-item.ea-entrance>summary.ea-faq-item__summary>h3.ea-faq-item__question,האם אפשר לרכוש דיג'רידו?,17,500,False,4.5,"rgb(47,32,19)","rgb(255,255,250)",15.661,PASS,"backdrop-only screenshot (text ink hidden via color:transparent), 4x4 grid sample per element, darkest-vs-lightest kept, WCAG relative-luminance ratio against the worse extreme"
https://eyalamit-co-il-2026.s887.upress.link/faq/,div.ea-faq-category>details.ea-faq-item.ea-entrance>summary.ea-faq-item__summary>span.ea-faq-item__icon,▾,17,500,False,4.5,"rgb(181,102,61)","rgb(255,255,250)",4.244,FAIL,"backdrop-only screenshot (text ink hidden via color:transparent), 4x4 grid sample per element, darkest-vs-lightest kept, WCAG relative-luminance ratio against the worse extreme"
https://eyalamit-co-il-2026.s887.upress.link/faq/,div.ea-faq-category>details.ea-faq-item.ea-entrance>div.ea-faq-item__answer>p,כן. יש אפשרות לרכוש כלים שנבנים בעבודת יד על ידי א,17,300,False,4.5,"rgb(138,90,68)","rgb(255,255,250)",5.773,PASS,"backdrop-only screenshot (text ink hidden via color:transparent), 4x4 grid sample per element, darkest-vs-lightest kept, WCAG relative-luminance ratio against the worse extreme"
https://eyalamit-co-il-2026.s887.upress.link/faq/,div.ea-faq-category>details.ea-faq-item.ea-entrance>div.ea-faq-item__answer>p,למידע נוסף: דיג'רידו למכירה - כלים בעבודת יד,17,300,False,4.5,"rgb(138,90,68)","rgb(255,255,250)",5.773,PASS,"backdrop-only screenshot (text ink hidden via color:transparent), 4x4 grid sample per element, darkest-vs-lightest kept, WCAG relative-luminance ratio against the worse extreme"
https://eyalamit-co-il-2026.s887.upress.link/faq/,details.ea-faq-item.ea-entrance>div.ea-faq-item__answer>p>a,דיג'רידו למכירה - כלים בעבודת יד,17,300,False,4.5,"rgb(138,90,68)","rgb(255,255,250)",5.773,PASS,"backdrop-only screenshot (text ink hidden via color:transparent), 4x4 grid sample per element, darkest-vs-lightest kept, WCAG relative-luminance ratio against the worse extreme"
https://eyalamit-co-il-2026.s887.upress.link/faq/,div.ea-faq-category>details.ea-faq-item.ea-entrance>summary.ea-faq-item__summary>h3.ea-faq-item__question,האם יש גם אביזרים נלווים?,17,500,False,4.5,"rgb(47,32,19)","rgb(255,255,250)",15.661,PASS,"backdrop-only screenshot (text ink hidden via color:transparent), 4x4 grid sample per element, darkest-vs-lightest kept, WCAG relative-luminance ratio against the worse extreme"
https://eyalamit-co-il-2026.s887.upress.link/faq/,div.ea-faq-category>details.ea-faq-item.ea-entrance>summary.ea-faq-item__summary>span.ea-faq-item__icon,▾,17,500,False,4.5,"rgb(181,102,61)","rgb(255,255,250)",4.244,FAIL,"backdrop-only screenshot (text ink hidden via color:transparent), 4x4 grid sample per element, darkest-vs-lightest kept, WCAG relative-luminance ratio against the worse extreme"
https://eyalamit-co-il-2026.s887.upress.link/faq/,div.ea-faq-category>details.ea-faq-item.ea-entrance>div.ea-faq-item__answer>p,כן. ניתן למצוא גם אביזרים משלימים לנגינה ולתחזוקה:,17,300,False,4.5,"rgb(138,90,68)","rgb(255,255,250)",5.773,PASS,"backdrop-only screenshot (text ink hidden via color:transparent), 4x4 grid sample per element, darkest-vs-lightest kept, WCAG relative-luminance ratio against the worse extreme"
https://eyalamit-co-il-2026.s887.upress.link/faq/,div.ea-faq-item__answer>ul>li>a,תיקי נשיאה לדיג'רידו,17,300,False,4.5,"rgb(103,72,45)","rgb(255,255,250)",8.238,PASS,"backdrop-only screenshot (text ink hidden via color:transparent), 4x4 grid sample per element, darkest-vs-lightest kept, WCAG relative-luminance ratio against the worse extreme"
https://eyalamit-co-il-2026.s887.upress.link/faq/,div.ea-faq-item__answer>ul>li>a,סטנד לנגינה בישיבה נמוכה,17,300,False,4.5,"rgb(103,72,45)","rgb(255,255,250)",8.238,PASS,"backdrop-only screenshot (text ink hidden via color:transparent), 4x4 grid sample per element, darkest-vs-lightest kept, WCAG relative-luminance ratio against the worse extreme"
https://eyalamit-co-il-2026.s887.upress.link/faq/,div.ea-faq-item__answer>ul>li>a,סטנדים לאחסון דיג'רידו,17,300,False,4.5,"rgb(103,72,45)","rgb(255,255,250)",8.238,PASS,"backdrop-only screenshot (text ink hidden via color:transparent), 4x4 grid sample per element, darkest-vs-lightest kept, WCAG relative-luminance ratio against the worse extreme"
https://eyalamit-co-il-2026.s887.upress.link/faq/,div.ea-faq-category>details.ea-faq-item.ea-entrance>summary.ea-faq-item__summary>h3.ea-faq-item__question,האם יש סדנאות קבוצתיות?,17,500,False,4.5,"rgb(47,32,19)","rgb(255,255,250)",15.661,PASS,"backdrop-only screenshot (text ink hidden via color:transparent), 4x4 grid sample per element, darkest-vs-lightest kept, WCAG relative-luminance ratio against the worse extreme"
https://eyalamit-co-il-2026.s887.upress.link/faq/,div.ea-faq-category>details.ea-faq-item.ea-entrance>summary.ea-faq-item__summary>span.ea-faq-item__icon,▾,17,500,False,4.5,"rgb(181,102,61)","rgb(255,255,250)",4.244,FAIL,"backdrop-only screenshot (text ink hidden via color:transparent), 4x4 grid sample per element, darkest-vs-lightest kept, WCAG relative-luminance ratio against the worse extreme"
https://eyalamit-co-il-2026.s887.upress.link/faq/,div.ea-faq-category>details.ea-faq-item.ea-entrance>div.ea-faq-item__answer>p,"לעיתים מתקיימות סדנאות חד פעמיות, אך עיקר העבודה נ",17,300,False,4.5,"rgb(138,90,68)","rgb(255,255,250)",5.773,PASS,"backdrop-only screenshot (text ink hidden via color:transparent), 4x4 grid sample per element, darkest-vs-lightest kept, WCAG relative-luminance ratio against the worse extreme"
https://eyalamit-co-il-2026.s887.upress.link/faq/,details.ea-faq-item.ea-entrance>div.ea-faq-item__answer>p>a.tlink,סדנאות,17,300,False,4.5,"rgb(154,79,43)","rgb(255,255,250)",5.936,PASS,"backdrop-only screenshot (text ink hidden via color:transparent), 4x4 grid sample per element, darkest-vs-lightest kept, WCAG relative-luminance ratio against the worse extreme"
https://eyalamit-co-il-2026.s887.upress.link/faq/,details.ea-faq-item.ea-entrance>div.ea-faq-item__answer>p>a,טיפול בדיג'רידו,17,300,False,4.5,"rgb(138,90,68)","rgb(255,255,250)",5.773,PASS,"backdrop-only screenshot (text ink hidden via color:transparent), 4x4 grid sample per element, darkest-vs-lightest kept, WCAG relative-luminance ratio against the worse extreme"
https://eyalamit-co-il-2026.s887.upress.link/faq/,details.ea-faq-item.ea-entrance>div.ea-faq-item__answer>p>a,שיעורי נגינה בדיג'רידו,17,300,False,4.5,"rgb(138,90,68)","rgb(255,255,250)",5.773,PASS,"backdrop-only screenshot (text ink hidden via color:transparent), 4x4 grid sample per element, darkest-vs-lightest kept, WCAG relative-luminance ratio against the worse extreme"
https://eyalamit-co-il-2026.s887.upress.link/faq/,div.ea-faq-category>details.ea-faq-item.ea-entrance>summary.ea-faq-item__summary>h3.ea-faq-item__question,האם יש קורס להכשרת מטפלים?,17,500,False,4.5,"rgb(47,32,19)","rgb(255,255,250)",15.661,PASS,"backdrop-only screenshot (text ink hidden via color:transparent), 4x4 grid sample per element, darkest-vs-lightest kept, WCAG relative-luminance ratio against the worse extreme"
https://eyalamit-co-il-2026.s887.upress.link/faq/,div.ea-faq-category>details.ea-faq-item.ea-entrance>summary.ea-faq-item__summary>span.ea-faq-item__icon,▾,17,500,False,4.5,"rgb(181,102,61)","rgb(255,255,250)",4.244,FAIL,"backdrop-only screenshot (text ink hidden via color:transparent), 4x4 grid sample per element, darkest-vs-lightest kept, WCAG relative-luminance ratio against the worse extreme"
https://eyalamit-co-il-2026.s887.upress.link/faq/,div.ea-faq-category>details.ea-faq-item.ea-entrance>div.ea-faq-item__answer>p,כן. קיים קורס הכשרה למטפלים בשיטת cbDIDG של אייל ע,17,300,False,4.5,"rgb(138,90,68)","rgb(255,255,250)",5.773,PASS,"backdrop-only screenshot (text ink hidden via color:transparent), 4x4 grid sample per element, darkest-vs-lightest kept, WCAG relative-luminance ratio against the worse extreme"
https://eyalamit-co-il-2026.s887.upress.link/faq/,div.ea-faq-category>details.ea-faq-item.ea-entrance>div.ea-faq-item__answer>p,למידע נוסף: קורס הכשרה למטפלים בשיטת cbDIDG,17,300,False,4.5,"rgb(138,90,68)","rgb(255,255,250)",5.773,PASS,"backdrop-only screenshot (text ink hidden via color:transparent), 4x4 grid sample per element, darkest-vs-lightest kept, WCAG relative-luminance ratio against the worse extreme"
https://eyalamit-co-il-2026.s887.upress.link/faq/,details.ea-faq-item.ea-entrance>div.ea-faq-item__answer>p>a,קורס הכשרה למטפלים בשיטת cbDIDG,17,300,False,4.5,"rgb(138,90,68)","rgb(255,255,250)",5.773,PASS,"backdrop-only screenshot (text ink hidden via color:transparent), 4x4 grid sample per element, darkest-vs-lightest kept, WCAG relative-luminance ratio against the worse extreme"
https://eyalamit-co-il-2026.s887.upress.link/faq/,div.ea-faq-category>details.ea-faq-item.ea-entrance>summary.ea-faq-item__summary>h3.ea-faq-item__question,האם יש תוכן נוסף שאפשר לקרוא או ללמוד ממנו?,17,500,False,4.5,"rgb(47,32,19)","rgb(255,255,250)",15.661,PASS,"backdrop-only screenshot (text ink hidden via color:transparent), 4x4 grid sample per element, darkest-vs-lightest kept, WCAG relative-luminance ratio against the worse extreme"
https://eyalamit-co-il-2026.s887.upress.link/faq/,div.ea-faq-category>details.ea-faq-item.ea-entrance>summary.ea-faq-item__summary>span.ea-faq-item__icon,▾,17,500,False,4.5,"rgb(181,102,61)","rgb(255,255,250)",4.244,FAIL,"backdrop-only screenshot (text ink hidden via color:transparent), 4x4 grid sample per element, darkest-vs-lightest kept, WCAG relative-luminance ratio against the worse extreme"
https://eyalamit-co-il-2026.s887.upress.link/faq/,div.ea-faq-category>details.ea-faq-item.ea-entrance>div.ea-faq-item__answer>p,"כן. ניתן למצוא מאמרים, הסברים ותכנים נוספים ב־בלוג",17,300,False,4.5,"rgb(138,90,68)","rgb(255,255,250)",5.773,PASS,"backdrop-only screenshot (text ink hidden via color:transparent), 4x4 grid sample per element, darkest-vs-lightest kept, WCAG relative-luminance ratio against the worse extreme"
https://eyalamit-co-il-2026.s887.upress.link/faq/,details.ea-faq-item.ea-entrance>div.ea-faq-item__answer>p>a,בלוג,17,300,False,4.5,"rgb(138,90,68)","rgb(255,255,250)",5.773,PASS,"backdrop-only screenshot (text ink hidden via color:transparent), 4x4 grid sample per element, darkest-vs-lightest kept, WCAG relative-luminance ratio against the worse extreme"
https://eyalamit-co-il-2026.s887.upress.link/faq/,div.ea-faq-category>details.ea-faq-item.ea-entrance>summary.ea-faq-item__summary>h3.ea-faq-item__question,האם ניתן לרכוש את הספרים?,17,500,False,4.5,"rgb(47,32,19)","rgb(255,255,250)",15.661,PASS,"backdrop-only screenshot (text ink hidden via color:transparent), 4x4 grid sample per element, darkest-vs-lightest kept, WCAG relative-luminance ratio against the worse extreme"
https://eyalamit-co-il-2026.s887.upress.link/faq/,div.ea-faq-category>details.ea-faq-item.ea-entrance>summary.ea-faq-item__summary>span.ea-faq-item__icon,▾,17,500,False,4.5,"rgb(181,102,61)","rgb(255,255,250)",4.244,FAIL,"backdrop-only screenshot (text ink hidden via color:transparent), 4x4 grid sample per element, darkest-vs-lightest kept, WCAG relative-luminance ratio against the worse extreme"
https://eyalamit-co-il-2026.s887.upress.link/faq/,div.ea-faq-category>details.ea-faq-item.ea-entrance>div.ea-faq-item__answer>p,"בהחלט, כל הפרטים בדף ספרים.",17,300,False,4.5,"rgb(138,90,68)","rgb(255,255,250)",5.773,PASS,"backdrop-only screenshot (text ink hidden via color:transparent), 4x4 grid sample per element, darkest-vs-lightest kept, WCAG relative-luminance ratio against the worse extreme"
https://eyalamit-co-il-2026.s887.upress.link/faq/,details.ea-faq-item.ea-entrance>div.ea-faq-item__answer>p>a.tlink,ספרים,17,300,False,4.5,"rgb(154,79,43)","rgb(255,255,250)",5.936,PASS,"backdrop-only screenshot (text ink hidden via color:transparent), 4x4 grid sample per element, darkest-vs-lightest kept, WCAG relative-luminance ratio against the worse extreme"
https://eyalamit-co-il-2026.s887.upress.link/faq/,div.ea-faq-category>details.ea-faq-item.ea-entrance>summary.ea-faq-item__summary>h3.ea-faq-item__question,האם ניתן לתקן דיג'רידו?,17,500,False,4.5,"rgb(47,32,19)","rgb(255,255,250)",15.661,PASS,"backdrop-only screenshot (text ink hidden via color:transparent), 4x4 grid sample per element, darkest-vs-lightest kept, WCAG relative-luminance ratio against the worse extreme"
https://eyalamit-co-il-2026.s887.upress.link/faq/,div.ea-faq-category>details.ea-faq-item.ea-entrance>summary.ea-faq-item__summary>span.ea-faq-item__icon,▾,17,500,False,4.5,"rgb(181,102,61)","rgb(255,255,250)",4.244,FAIL,"backdrop-only screenshot (text ink hidden via color:transparent), 4x4 grid sample per element, darkest-vs-lightest kept, WCAG relative-luminance ratio against the worse extreme"
https://eyalamit-co-il-2026.s887.upress.link/faq/,div.ea-faq-category>details.ea-faq-item.ea-entrance>div.ea-faq-item__answer>p,כן. יש אפשרות לתיקון ושיקום כלי דיג'רידו.,17,300,False,4.5,"rgb(138,90,68)","rgb(255,255,250)",5.773,PASS,"backdrop-only screenshot (text ink hidden via color:transparent), 4x4 grid sample per element, darkest-vs-lightest kept, WCAG relative-luminance ratio against the worse extreme"
https://eyalamit-co-il-2026.s887.upress.link/faq/,div.ea-faq-category>details.ea-faq-item.ea-entrance>div.ea-faq-item__answer>p,למידע נוסף: תיקון דיג'רידו,17,300,False,4.5,"rgb(138,90,68)","rgb(255,255,250)",5.773,PASS,"backdrop-only screenshot (text ink hidden via color:transparent), 4x4 grid sample per element, darkest-vs-lightest kept, WCAG relative-luminance ratio against the worse extreme"
https://eyalamit-co-il-2026.s887.upress.link/faq/,details.ea-faq-item.ea-entrance>div.ea-faq-item__answer>p>a,תיקון דיג'רידו,17,300,False,4.5,"rgb(138,90,68)","rgb(255,255,250)",5.773,PASS,"backdrop-only screenshot (text ink hidden via color:transparent), 4x4 grid sample per element, darkest-vs-lightest kept, WCAG relative-luminance ratio against the worse extreme"
https://eyalamit-co-il-2026.s887.upress.link/faq/,div.ea-faq-category>details.ea-faq-item.ea-entrance>summary.ea-faq-item__summary>h3.ea-faq-item__question,כמה זה עולה?,17,500,False,4.5,"rgb(47,32,19)","rgb(255,255,250)",15.661,PASS,"backdrop-only screenshot (text ink hidden via color:transparent), 4x4 grid sample per element, darkest-vs-lightest kept, WCAG relative-luminance ratio against the worse extreme"
https://eyalamit-co-il-2026.s887.upress.link/faq/,div.ea-faq-category>details.ea-faq-item.ea-entrance>summary.ea-faq-item__summary>span.ea-faq-item__icon,▾,17,500,False,4.5,"rgb(181,102,61)","rgb(255,255,250)",4.244,FAIL,"backdrop-only screenshot (text ink hidden via color:transparent), 4x4 grid sample per element, darkest-vs-lightest kept, WCAG relative-luminance ratio against the worse extreme"
https://eyalamit-co-il-2026.s887.upress.link/faq/,div.ea-faq-category>details.ea-faq-item.ea-entrance>div.ea-faq-item__answer>p,"המחירים משתנים בהתאם לסוג המפגש - טיפול בדיג'רידו,",17,300,False,4.5,"rgb(138,90,68)","rgb(255,255,250)",5.773,PASS,"backdrop-only screenshot (text ink hidden via color:transparent), 4x4 grid sample per element, darkest-vs-lightest kept, WCAG relative-luminance ratio against the worse extreme"
https://eyalamit-co-il-2026.s887.upress.link/faq/,details.ea-faq-item.ea-entrance>div.ea-faq-item__answer>p>a,טיפול בדיג'רידו,17,300,False,4.5,"rgb(138,90,68)","rgb(255,255,250)",5.773,PASS,"backdrop-only screenshot (text ink hidden via color:transparent), 4x4 grid sample per element, darkest-vs-lightest kept, WCAG relative-luminance ratio against the worse extreme"
https://eyalamit-co-il-2026.s887.upress.link/faq/,details.ea-faq-item.ea-entrance>div.ea-faq-item__answer>p>a,שיעורי נגינה בדיג'רידו,17,300,False,4.5,"rgb(138,90,68)","rgb(255,255,250)",5.773,PASS,"backdrop-only screenshot (text ink hidden via color:transparent), 4x4 grid sample per element, darkest-vs-lightest kept, WCAG relative-luminance ratio against the worse extreme"
https://eyalamit-co-il-2026.s887.upress.link/faq/,details.ea-faq-item.ea-entrance>div.ea-faq-item__answer>p>a,סאונד הילינג בדיג'רידו,17,300,False,4.5,"rgb(138,90,68)","rgb(255,255,250)",5.773,PASS,"backdrop-only screenshot (text ink hidden via color:transparent), 4x4 grid sample per element, darkest-vs-lightest kept, WCAG relative-luminance ratio against the worse extreme"
https://eyalamit-co-il-2026.s887.upress.link/faq/,div.ea-faq-category>details.ea-faq-item.ea-entrance>div.ea-faq-item__answer>p,הדרך הפשוטה היא לפנות ולקבל הסבר מדויק לפי הצורך.,17,300,False,4.5,"rgb(138,90,68)","rgb(255,255,250)",5.773,PASS,"backdrop-only screenshot (text ink hidden via color:transparent), 4x4 grid sample per element, darkest-vs-lightest kept, WCAG relative-luminance ratio against the worse extreme"
https://eyalamit-co-il-2026.s887.upress.link/faq/,div.ea-faq-category>details.ea-faq-item.ea-entrance>summary.ea-faq-item__summary>h3.ea-faq-item__question,כמה זמן נמשך כל מפגש?,17,500,False,4.5,"rgb(47,32,19)","rgb(255,255,250)",15.661,PASS,"backdrop-only screenshot (text ink hidden via color:transparent), 4x4 grid sample per element, darkest-vs-lightest kept, WCAG relative-luminance ratio against the worse extreme"
https://eyalamit-co-il-2026.s887.upress.link/faq/,div.ea-faq-category>details.ea-faq-item.ea-entrance>summary.ea-faq-item__summary>span.ea-faq-item__icon,▾,17,500,False,4.5,"rgb(181,102,61)","rgb(255,255,250)",4.244,FAIL,"backdrop-only screenshot (text ink hidden via color:transparent), 4x4 grid sample per element, darkest-vs-lightest kept, WCAG relative-luminance ratio against the worse extreme"
https://eyalamit-co-il-2026.s887.upress.link/faq/,details.ea-faq-item.ea-entrance>div.ea-faq-item__answer>ul>li,טיפול בדיג'רידו - לרוב כ־60 דקות (מפגש ראשון ארוך ,17,300,False,4.5,"rgb(103,72,45)","rgb(255,255,250)",8.238,PASS,"backdrop-only screenshot (text ink hidden via color:transparent), 4x4 grid sample per element, darkest-vs-lightest kept, WCAG relative-luminance ratio against the worse extreme"
https://eyalamit-co-il-2026.s887.upress.link/faq/,details.ea-faq-item.ea-entrance>div.ea-faq-item__answer>ul>li,שיעורי נגינה בדיג'רידו - כ־60 דקות,17,300,False,4.5,"rgb(103,72,45)","rgb(255,255,250)",8.238,PASS,"backdrop-only screenshot (text ink hidden via color:transparent), 4x4 grid sample per element, darkest-vs-lightest kept, WCAG relative-luminance ratio against the worse extreme"
https://eyalamit-co-il-2026.s887.upress.link/faq/,details.ea-faq-item.ea-entrance>div.ea-faq-item__answer>ul>li,סאונד הילינג בדיג'רידו - כ־שעתיים,17,300,False,4.5,"rgb(103,72,45)","rgb(255,255,250)",8.238,PASS,"backdrop-only screenshot (text ink hidden via color:transparent), 4x4 grid sample per element, darkest-vs-lightest kept, WCAG relative-luminance ratio against the worse extreme"
https://eyalamit-co-il-2026.s887.upress.link/faq/,div.ea-faq-category>details.ea-faq-item.ea-entrance>summary.ea-faq-item__summary>h3.ea-faq-item__question,כמה עולה טיפול / שיעור?,17,500,False,4.5,"rgb(47,32,19)","rgb(255,255,250)",15.661,PASS,"backdrop-only screenshot (text ink hidden via color:transparent), 4x4 grid sample per element, darkest-vs-lightest kept, WCAG relative-luminance ratio against the worse extreme"
https://eyalamit-co-il-2026.s887.upress.link/faq/,div.ea-faq-category>details.ea-faq-item.ea-entrance>summary.ea-faq-item__summary>span.ea-faq-item__icon,▾,17,500,False,4.5,"rgb(181,102,61)","rgb(255,255,250)",4.244,FAIL,"backdrop-only screenshot (text ink hidden via color:transparent), 4x4 grid sample per element, darkest-vs-lightest kept, WCAG relative-luminance ratio against the worse extreme"
https://eyalamit-co-il-2026.s887.upress.link/faq/,div.ea-faq-category>details.ea-faq-item.ea-entrance>div.ea-faq-item__answer>p,המחיר נקבע בהתאם לסוג המפגש ולתהליך; הדרך הטובה לה,17,300,False,4.5,"rgb(138,90,68)","rgb(255,255,250)",5.773,PASS,"backdrop-only screenshot (text ink hidden via color:transparent), 4x4 grid sample per element, darkest-vs-lightest kept, WCAG relative-luminance ratio against the worse extreme"
https://eyalamit-co-il-2026.s887.upress.link/faq/,details.ea-faq-item.ea-entrance>div.ea-faq-item__answer>p>a.tlink,ליצירת קשר,17,300,False,4.5,"rgb(154,79,43)","rgb(255,255,250)",5.936,PASS,"backdrop-only screenshot (text ink hidden via color:transparent), 4x4 grid sample per element, darkest-vs-lightest kept, WCAG relative-luminance ratio against the worse extreme"
https://eyalamit-co-il-2026.s887.upress.link/faq/,div.ea-faq-category>details.ea-faq-item.ea-entrance>summary.ea-faq-item__summary>h3.ea-faq-item__question,מאיפה מגיעים לטיפול?,17,500,False,4.5,"rgb(47,32,19)","rgb(255,255,250)",15.661,PASS,"backdrop-only screenshot (text ink hidden via color:transparent), 4x4 grid sample per element, darkest-vs-lightest kept, WCAG relative-luminance ratio against the worse extreme"
https://eyalamit-co-il-2026.s887.upress.link/faq/,div.ea-faq-category>details.ea-faq-item.ea-entrance>summary.ea-faq-item__summary>span.ea-faq-item__icon,▾,17,500,False,4.5,"rgb(181,102,61)","rgb(255,255,250)",4.244,FAIL,"backdrop-only screenshot (text ink hidden via color:transparent), 4x4 grid sample per element, darkest-vs-lightest kept, WCAG relative-luminance ratio against the worse extreme"
https://eyalamit-co-il-2026.s887.upress.link/faq/,div.ea-faq-category>details.ea-faq-item.ea-entrance>div.ea-faq-item__answer>p,"למרכז מגיעים אנשים מכל קצוות הארץ — מהצפון, מאזור ",17,300,False,4.5,"rgb(138,90,68)","rgb(255,255,250)",5.773,PASS,"backdrop-only screenshot (text ink hidden via color:transparent), 4x4 grid sample per element, darkest-vs-lightest kept, WCAG relative-luminance ratio against the worse extreme"
https://eyalamit-co-il-2026.s887.upress.link/faq/,div.ea-faq-category>details.ea-faq-item.ea-entrance>summary.ea-faq-item__summary>h3.ea-faq-item__question,מה הכתובת של המרכז?,17,500,False,4.5,"rgb(47,32,19)","rgb(255,255,250)",15.661,PASS,"backdrop-only screenshot (text ink hidden via color:transparent), 4x4 grid sample per element, darkest-vs-lightest kept, WCAG relative-luminance ratio against the worse extreme"
https://eyalamit-co-il-2026.s887.upress.link/faq/,div.ea-faq-category>details.ea-faq-item.ea-entrance>summary.ea-faq-item__summary>span.ea-faq-item__icon,▾,17,500,False,4.5,"rgb(181,102,61)","rgb(255,255,250)",4.244,FAIL,"backdrop-only screenshot (text ink hidden via color:transparent), 4x4 grid sample per element, darkest-vs-lightest kept, WCAG relative-luminance ratio against the worse extreme"
https://eyalamit-co-il-2026.s887.upress.link/faq/,div.ea-faq-category>details.ea-faq-item.ea-entrance>div.ea-faq-item__answer>p,המרכז ממוקם בפרדס חנה. כתובת מדויקת ניתנת לאחר יצי,17,300,False,4.5,"rgb(138,90,68)","rgb(255,255,250)",5.773,PASS,"backdrop-only screenshot (text ink hidden via color:transparent), 4x4 grid sample per element, darkest-vs-lightest kept, WCAG relative-luminance ratio against the worse extreme"
https://eyalamit-co-il-2026.s887.upress.link/faq/,details.ea-faq-item.ea-entrance>div.ea-faq-item__answer>p>a,שיחת היכרות,17,300,False,4.5,"rgb(138,90,68)","rgb(255,255,250)",5.773,PASS,"backdrop-only screenshot (text ink hidden via color:transparent), 4x4 grid sample per element, darkest-vs-lightest kept, WCAG relative-luminance ratio against the worse extreme"
https://eyalamit-co-il-2026.s887.upress.link/faq/,div.ea-faq-category>details.ea-faq-item.ea-entrance>summary.ea-faq-item__summary>h3.ea-faq-item__question,מה שעות הפעילות?,17,500,False,4.5,"rgb(47,32,19)","rgb(255,255,250)",15.661,PASS,"backdrop-only screenshot (text ink hidden via color:transparent), 4x4 grid sample per element, darkest-vs-lightest kept, WCAG relative-luminance ratio against the worse extreme"
https://eyalamit-co-il-2026.s887.upress.link/faq/,div.ea-faq-category>details.ea-faq-item.ea-entrance>summary.ea-faq-item__summary>span.ea-faq-item__icon,▾,17,500,False,4.5,"rgb(181,102,61)","rgb(255,255,250)",4.244,FAIL,"backdrop-only screenshot (text ink hidden via color:transparent), 4x4 grid sample per element, darkest-vs-lightest kept, WCAG relative-luminance ratio against the worse extreme"
https://eyalamit-co-il-2026.s887.upress.link/faq/,div.ea-faq-category>details.ea-faq-item.ea-entrance>div.ea-faq-item__answer>p,הפעילות מתקיימת בתיאום מראש בלבד. כדי למצוא זמן שמ,17,300,False,4.5,"rgb(138,90,68)","rgb(255,255,250)",5.773,PASS,"backdrop-only screenshot (text ink hidden via color:transparent), 4x4 grid sample per element, darkest-vs-lightest kept, WCAG relative-luminance ratio against the worse extreme"
https://eyalamit-co-il-2026.s887.upress.link/faq/,details.ea-faq-item.ea-entrance>div.ea-faq-item__answer>p>a,שיחת היכרות,17,300,False,4.5,"rgb(138,90,68)","rgb(255,255,250)",5.773,PASS,"backdrop-only screenshot (text ink hidden via color:transparent), 4x4 grid sample per element, darkest-vs-lightest kept, WCAG relative-luminance ratio against the worse extreme"
https://eyalamit-co-il-2026.s887.upress.link/faq/,div.ea-faq-category>details.ea-faq-item.ea-entrance>summary.ea-faq-item__summary>h3.ea-faq-item__question,מי הוא מוקש ומה הקשר שלו לאייל עמית?,17,500,False,4.5,"rgb(47,32,19)","rgb(255,255,250)",15.661,PASS,"backdrop-only screenshot (text ink hidden via color:transparent), 4x4 grid sample per element, darkest-vs-lightest kept, WCAG relative-luminance ratio against the worse extreme"
https://eyalamit-co-il-2026.s887.upress.link/faq/,div.ea-faq-category>details.ea-faq-item.ea-entrance>summary.ea-faq-item__summary>span.ea-faq-item__icon,▾,17,500,False,4.5,"rgb(181,102,61)","rgb(255,255,250)",4.244,FAIL,"backdrop-only screenshot (text ink hidden via color:transparent), 4x4 grid sample per element, darkest-vs-lightest kept, WCAG relative-luminance ratio against the worse extreme"
https://eyalamit-co-il-2026.s887.upress.link/faq/,div.ea-faq-category>details.ea-faq-item.ea-entrance>div.ea-faq-item__answer>p,"מוקש היה מאסטר לדיג'רידו, יוגי מזרם הבהקטי שחי עם ",17,300,False,4.5,"rgb(138,90,68)","rgb(255,255,250)",5.773,PASS,"backdrop-only screenshot (text ink hidden via color:transparent), 4x4 grid sample per element, darkest-vs-lightest kept, WCAG relative-luminance ratio against the worse extreme"
https://eyalamit-co-il-2026.s887.upress.link/faq/,div.ea-faq-category>details.ea-faq-item.ea-entrance>div.ea-faq-item__answer>p,אייל עמית למד אצלו לאורך שנים והיה מתלמידיו הקרובי,17,300,False,4.5,"rgb(138,90,68)","rgb(255,255,250)",5.773,PASS,"backdrop-only screenshot (text ink hidden via color:transparent), 4x4 grid sample per element, darkest-vs-lightest kept, WCAG relative-luminance ratio against the worse extreme"
https://eyalamit-co-il-2026.s887.upress.link/faq/,details.ea-faq-item.ea-entrance>div.ea-faq-item__answer>p>a,השיטה - cbDIDG,17,300,False,4.5,"rgb(138,90,68)","rgb(255,255,250)",5.773,PASS,"backdrop-only screenshot (text ink hidden via color:transparent), 4x4 grid sample per element, darkest-vs-lightest kept, WCAG relative-luminance ratio against the worse extreme"
https://eyalamit-co-il-2026.s887.upress.link/faq/,div.ea-faq-category>details.ea-faq-item.ea-entrance>div.ea-faq-item__answer>p,למידע נוסף: מוקש,17,300,False,4.5,"rgb(138,90,68)","rgb(255,255,250)",5.773,PASS,"backdrop-only screenshot (text ink hidden via color:transparent), 4x4 grid sample per element, darkest-vs-lightest kept, WCAG relative-luminance ratio against the worse extreme"
https://eyalamit-co-il-2026.s887.upress.link/faq/,details.ea-faq-item.ea-entrance>div.ea-faq-item__answer>p>a,מוקש,17,300,False,4.5,"rgb(138,90,68)","rgb(255,255,250)",5.773,PASS,"backdrop-only screenshot (text ink hidden via color:transparent), 4x4 grid sample per element, darkest-vs-lightest kept, WCAG relative-luminance ratio against the worse extreme"
https://eyalamit-co-il-2026.s887.upress.link/faq/,div.ea-faq-list__inner>div>div.ea-faq-category>h2.ea-faq-category__heading,וכתבת,18.7,500,False,4.5,"rgb(47,32,19)","rgb(255,255,250)",15.661,PASS,"backdrop-only screenshot (text ink hidden via color:transparent), 4x4 grid sample per element, darkest-vs-lightest kept, WCAG relative-luminance ratio against the worse extreme"
https://eyalamit-co-il-2026.s887.upress.link/faq/,div.ea-faq-category>details.ea-faq-item.ea-entrance>summary.ea-faq-item__summary>h3.ea-faq-item__question,האם הספר מתאים גם לקריאה קצרה?,17,500,False,4.5,"rgb(47,32,19)","rgb(255,255,250)",15.661,PASS,"backdrop-only screenshot (text ink hidden via color:transparent), 4x4 grid sample per element, darkest-vs-lightest kept, WCAG relative-luminance ratio against the worse extreme"
https://eyalamit-co-il-2026.s887.upress.link/faq/,div.ea-faq-category>details.ea-faq-item.ea-entrance>summary.ea-faq-item__summary>span.ea-faq-item__icon,▾,17,500,False,4.5,"rgb(181,102,61)","rgb(255,255,250)",4.244,FAIL,"backdrop-only screenshot (text ink hidden via color:transparent), 4x4 grid sample per element, darkest-vs-lightest kept, WCAG relative-luminance ratio against the worse extreme"
https://eyalamit-co-il-2026.s887.upress.link/faq/,div.ea-faq-category>details.ea-faq-item.ea-entrance>div.ea-faq-item__answer>p,"כן. בגלל המבנה שלו, הוא מתאים מאוד לקריאה בטיסות, ",17,300,False,4.5,"rgb(138,90,68)","rgb(255,255,250)",5.773,PASS,"backdrop-only screenshot (text ink hidden via color:transparent), 4x4 grid sample per element, darkest-vs-lightest kept, WCAG relative-luminance ratio against the worse extreme"
https://eyalamit-co-il-2026.s887.upress.link/faq/,div.ea-faq-category>details.ea-faq-item.ea-entrance>summary.ea-faq-item__summary>h3.ea-faq-item__question,האם כל הסיפורים אמיתיים?,17,500,False,4.5,"rgb(47,32,19)","rgb(255,255,250)",15.661,PASS,"backdrop-only screenshot (text ink hidden via color:transparent), 4x4 grid sample per element, darkest-vs-lightest kept, WCAG relative-luminance ratio against the worse extreme"
https://eyalamit-co-il-2026.s887.upress.link/faq/,div.ea-faq-category>details.ea-faq-item.ea-entrance>summary.ea-faq-item__summary>span.ea-faq-item__icon,▾,17,500,False,4.5,"rgb(181,102,61)","rgb(255,255,250)",4.244,FAIL,"backdrop-only screenshot (text ink hidden via color:transparent), 4x4 grid sample per element, darkest-vs-lightest kept, WCAG relative-luminance ratio against the worse extreme"
https://eyalamit-co-il-2026.s887.upress.link/faq/,div.ea-faq-category>details.ea-faq-item.ea-entrance>div.ea-faq-item__answer>p,כן. כל הסיפורים מבוססים על אירועים אמיתיים מחייו ש,17,300,False,4.5,"rgb(138,90,68)","rgb(255,255,250)",5.773,PASS,"backdrop-only screenshot (text ink hidden via color:transparent), 4x4 grid sample per element, darkest-vs-lightest kept, WCAG relative-luminance ratio against the worse extreme"
https://eyalamit-co-il-2026.s887.upress.link/faq/,div.ea-faq-category>details.ea-faq-item.ea-entrance>summary.ea-faq-item__summary>h3.ea-faq-item__question,האם צריך לקרוא את הספר ברצף?,17,500,False,4.5,"rgb(47,32,19)","rgb(255,255,250)",15.661,PASS,"backdrop-only screenshot (text ink hidden via color:transparent), 4x4 grid sample per element, darkest-vs-lightest kept, WCAG relative-luminance ratio against the worse extreme"
https://eyalamit-co-il-2026.s887.upress.link/faq/,div.ea-faq-category>details.ea-faq-item.ea-entrance>summary.ea-faq-item__summary>span.ea-faq-item__icon,▾,17,500,False,4.5,"rgb(181,102,61)","rgb(255,255,250)",4.244,FAIL,"backdrop-only screenshot (text ink hidden via color:transparent), 4x4 grid sample per element, darkest-vs-lightest kept, WCAG relative-luminance ratio against the worse extreme"
https://eyalamit-co-il-2026.s887.upress.link/faq/,div.ea-faq-category>details.ea-faq-item.ea-entrance>div.ea-faq-item__answer>p,"לא. הספר בנוי מסיפורים קצרים, וכל סיפור עומד בפני ",17,300,False,4.5,"rgb(138,90,68)","rgb(255,255,250)",5.773,PASS,"backdrop-only screenshot (text ink hidden via color:transparent), 4x4 grid sample per element, darkest-vs-lightest kept, WCAG relative-luminance ratio against the worse extreme"
https://eyalamit-co-il-2026.s887.upress.link/faq/,div.ea-faq-category>details.ea-faq-item.ea-entrance>summary.ea-faq-item__summary>h3.ea-faq-item__question,יש גם תוכן נוסף מעבר לספר?,17,500,False,4.5,"rgb(47,32,19)","rgb(255,255,250)",15.661,PASS,"backdrop-only screenshot (text ink hidden via color:transparent), 4x4 grid sample per element, darkest-vs-lightest kept, WCAG relative-luminance ratio against the worse extreme"
https://eyalamit-co-il-2026.s887.upress.link/faq/,div.ea-faq-category>details.ea-faq-item.ea-entrance>summary.ea-faq-item__summary>span.ea-faq-item__icon,▾,17,500,False,4.5,"rgb(181,102,61)","rgb(255,255,250)",4.244,FAIL,"backdrop-only screenshot (text ink hidden via color:transparent), 4x4 grid sample per element, darkest-vs-lightest kept, WCAG relative-luminance ratio against the worse extreme"
https://eyalamit-co-il-2026.s887.upress.link/faq/,div.ea-faq-category>details.ea-faq-item.ea-entrance>div.ea-faq-item__answer>p,"כן. בסיום כל סיפור יש קוד QR שמוביל להמשך, וידאו א",17,300,False,4.5,"rgb(138,90,68)","rgb(255,255,250)",5.773,PASS,"backdrop-only screenshot (text ink hidden via color:transparent), 4x4 grid sample per element, darkest-vs-lightest kept, WCAG relative-luminance ratio against the worse extreme"
https://eyalamit-co-il-2026.s887.upress.link/faq/,div.ea-faq-category>details.ea-faq-item.ea-entrance>summary.ea-faq-item__summary>h3.ea-faq-item__question,כמה סיפורים יש בספר?,17,500,False,4.5,"rgb(47,32,19)","rgb(255,255,250)",15.661,PASS,"backdrop-only screenshot (text ink hidden via color:transparent), 4x4 grid sample per element, darkest-vs-lightest kept, WCAG relative-luminance ratio against the worse extreme"
https://eyalamit-co-il-2026.s887.upress.link/faq/,div.ea-faq-category>details.ea-faq-item.ea-entrance>summary.ea-faq-item__summary>span.ea-faq-item__icon,▾,17,500,False,4.5,"rgb(181,102,61)","rgb(255,255,250)",4.244,FAIL,"backdrop-only screenshot (text ink hidden via color:transparent), 4x4 grid sample per element, darkest-vs-lightest kept, WCAG relative-luminance ratio against the worse extreme"
https://eyalamit-co-il-2026.s887.upress.link/faq/,div.ea-faq-category>details.ea-faq-item.ea-entrance>div.ea-faq-item__answer>p,46 סיפורים קצרים.,17,300,False,4.5,"rgb(138,90,68)","rgb(255,255,250)",5.773,PASS,"backdrop-only screenshot (text ink hidden via color:transparent), 4x4 grid sample per element, darkest-vs-lightest kept, WCAG relative-luminance ratio against the worse extreme"
https://eyalamit-co-il-2026.s887.upress.link/faq/,div.ea-faq-category>details.ea-faq-item.ea-entrance>summary.ea-faq-item__summary>h3.ea-faq-item__question,כמה עמודים יש בספר?,17,500,False,4.5,"rgb(47,32,19)","rgb(255,255,250)",15.661,PASS,"backdrop-only screenshot (text ink hidden via color:transparent), 4x4 grid sample per element, darkest-vs-lightest kept, WCAG relative-luminance ratio against the worse extreme"
https://eyalamit-co-il-2026.s887.upress.link/faq/,div.ea-faq-category>details.ea-faq-item.ea-entrance>summary.ea-faq-item__summary>span.ea-faq-item__icon,▾,17,500,False,4.5,"rgb(181,102,61)","rgb(255,255,250)",4.244,FAIL,"backdrop-only screenshot (text ink hidden via color:transparent), 4x4 grid sample per element, darkest-vs-lightest kept, WCAG relative-luminance ratio against the worse extreme"
https://eyalamit-co-il-2026.s887.upress.link/faq/,div.ea-faq-category>details.ea-faq-item.ea-entrance>div.ea-faq-item__answer>p,252 עמודים.,17,300,False,4.5,"rgb(138,90,68)","rgb(255,255,250)",5.773,PASS,"backdrop-only screenshot (text ink hidden via color:transparent), 4x4 grid sample per element, darkest-vs-lightest kept, WCAG relative-luminance ratio against the worse extreme"
https://eyalamit-co-il-2026.s887.upress.link/faq/,div.ea-faq-category>details.ea-faq-item.ea-entrance>summary.ea-faq-item__summary>h3.ea-faq-item__question,מה זה ספוקן סטוריז?,17,500,False,4.5,"rgb(47,32,19)","rgb(255,255,250)",15.661,PASS,"backdrop-only screenshot (text ink hidden via color:transparent), 4x4 grid sample per element, darkest-vs-lightest kept, WCAG relative-luminance ratio against the worse extreme"
https://eyalamit-co-il-2026.s887.upress.link/faq/,div.ea-faq-category>details.ea-faq-item.ea-entrance>summary.ea-faq-item__summary>span.ea-faq-item__icon,▾,17,500,False,4.5,"rgb(181,102,61)","rgb(255,255,250)",4.244,FAIL,"backdrop-only screenshot (text ink hidden via color:transparent), 4x4 grid sample per element, darkest-vs-lightest kept, WCAG relative-luminance ratio against the worse extreme"
https://eyalamit-co-il-2026.s887.upress.link/faq/,div.ea-faq-category>details.ea-faq-item.ea-entrance>div.ea-faq-item__answer>p,זה סגנון כתיבה שבו הסיפור מרגיש כאילו הוא מסופר בע,17,300,False,4.5,"rgb(138,90,68)","rgb(255,255,250)",5.773,PASS,"backdrop-only screenshot (text ink hidden via color:transparent), 4x4 grid sample per element, darkest-vs-lightest kept, WCAG relative-luminance ratio against the worse extreme"
https://eyalamit-co-il-2026.s887.upress.link/faq/,div.ea-faq-list__inner>div>div.ea-faq-category>h2.ea-faq-category__heading,כושי בלאנטיס,18.7,500,False,4.5,"rgb(47,32,19)","rgb(255,255,250)",15.661,PASS,"backdrop-only screenshot (text ink hidden via color:transparent), 4x4 grid sample per element, darkest-vs-lightest kept, WCAG relative-luminance ratio against the worse extreme"
https://eyalamit-co-il-2026.s887.upress.link/faq/,div.ea-faq-category>details.ea-faq-item.ea-entrance>summary.ea-faq-item__summary>h3.ea-faq-item__question,האם זה ספר כבד או קל לקריאה?,17,500,False,4.5,"rgb(47,32,19)","rgb(255,255,250)",15.661,PASS,"backdrop-only screenshot (text ink hidden via color:transparent), 4x4 grid sample per element, darkest-vs-lightest kept, WCAG relative-luminance ratio against the worse extreme"
https://eyalamit-co-il-2026.s887.upress.link/faq/,div.ea-faq-category>details.ea-faq-item.ea-entrance>summary.ea-faq-item__summary>span.ea-faq-item__icon,▾,17,500,False,4.5,"rgb(181,102,61)","rgb(255,255,250)",4.244,FAIL,"backdrop-only screenshot (text ink hidden via color:transparent), 4x4 grid sample per element, darkest-vs-lightest kept, WCAG relative-luminance ratio against the worse extreme"
https://eyalamit-co-il-2026.s887.upress.link/faq/,div.ea-faq-category>details.ea-faq-item.ea-entrance>div.ea-faq-item__answer>p,הכתיבה קלילה אך עם עומק,17,300,False,4.5,"rgb(138,90,68)","rgb(255,255,250)",5.773,PASS,"backdrop-only screenshot (text ink hidden via color:transparent), 4x4 grid sample per element, darkest-vs-lightest kept, WCAG relative-luminance ratio against the worse extreme"
https://eyalamit-co-il-2026.s887.upress.link/faq/,div.ea-faq-category>details.ea-faq-item.ea-entrance>summary.ea-faq-item__summary>h3.ea-faq-item__question,האם יש קשר לעבודה של אייל היום?,17,500,False,4.5,"rgb(47,32,19)","rgb(255,255,250)",15.661,PASS,"backdrop-only screenshot (text ink hidden via color:transparent), 4x4 grid sample per element, darkest-vs-lightest kept, WCAG relative-luminance ratio against the worse extreme"
https://eyalamit-co-il-2026.s887.upress.link/faq/,div.ea-faq-category>details.ea-faq-item.ea-entrance>summary.ea-faq-item__summary>span.ea-faq-item__icon,▾,17,500,False,4.5,"rgb(181,102,61)","rgb(255,255,250)",4.244,FAIL,"backdrop-only screenshot (text ink hidden via color:transparent), 4x4 grid sample per element, darkest-vs-lightest kept, WCAG relative-luminance ratio against the worse extreme"
https://eyalamit-co-il-2026.s887.upress.link/faq/,div.ea-faq-category>details.ea-faq-item.ea-entrance>div.ea-faq-item__answer>p,"כן, הנושאים ממשיכים ללוות את עבודתו גם כיום",17,300,False,4.5,"rgb(138,90,68)","rgb(255,255,250)",5.773,PASS,"backdrop-only screenshot (text ink hidden via color:transparent), 4x4 grid sample per element, darkest-vs-lightest kept, WCAG relative-luminance ratio against the worse extreme"
https://eyalamit-co-il-2026.s887.upress.link/faq/,div.ea-faq-category>details.ea-faq-item.ea-entrance>summary.ea-faq-item__summary>h3.ea-faq-item__question,האם מדובר בסיפור אמיתי?,17,500,False,4.5,"rgb(47,32,19)","rgb(255,255,250)",15.661,PASS,"backdrop-only screenshot (text ink hidden via color:transparent), 4x4 grid sample per element, darkest-vs-lightest kept, WCAG relative-luminance ratio against the worse extreme"
https://eyalamit-co-il-2026.s887.upress.link/faq/,div.ea-faq-category>details.ea-faq-item.ea-entrance>summary.ea-faq-item__summary>span.ea-faq-item__icon,▾,17,500,False,4.5,"rgb(181,102,61)","rgb(255,255,250)",4.244,FAIL,"backdrop-only screenshot (text ink hidden via color:transparent), 4x4 grid sample per element, darkest-vs-lightest kept, WCAG relative-luminance ratio against the worse extreme"
https://eyalamit-co-il-2026.s887.upress.link/faq/,div.ea-faq-category>details.ea-faq-item.ea-entrance>div.ea-faq-item__answer>p,"זהו רומן פנטזיה, אך חלקים ממנו מבוססים על אירועים,",17,300,False,4.5,"rgb(138,90,68)","rgb(255,255,250)",5.773,PASS,"backdrop-only screenshot (text ink hidden via color:transparent), 4x4 grid sample per element, darkest-vs-lightest kept, WCAG relative-luminance ratio against the worse extreme"
https://eyalamit-co-il-2026.s887.upress.link/faq/,div.ea-faq-category>details.ea-faq-item.ea-entrance>summary.ea-faq-item__summary>h3.ea-faq-item__question,האם צריך לאהוב פנטזיה כדי להתחבר לספר?,17,500,False,4.5,"rgb(47,32,19)","rgb(255,255,250)",15.661,PASS,"backdrop-only screenshot (text ink hidden via color:transparent), 4x4 grid sample per element, darkest-vs-lightest kept, WCAG relative-luminance ratio against the worse extreme"
https://eyalamit-co-il-2026.s887.upress.link/faq/,div.ea-faq-category>details.ea-faq-item.ea-entrance>summary.ea-faq-item__summary>span.ea-faq-item__icon,▾,17,500,False,4.5,"rgb(181,102,61)","rgb(255,255,250)",4.244,FAIL,"backdrop-only screenshot (text ink hidden via color:transparent), 4x4 grid sample per element, darkest-vs-lightest kept, WCAG relative-luminance ratio against the worse extreme"
https://eyalamit-co-il-2026.s887.upress.link/faq/,div.ea-faq-category>details.ea-faq-item.ea-entrance>div.ea-faq-item__answer>p,לא בהכרח. הספר משלב פנטזיה עם מסע אישי ותודעתי,17,300,False,4.5,"rgb(138,90,68)","rgb(255,255,250)",5.773,PASS,"backdrop-only screenshot (text ink hidden via color:transparent), 4x4 grid sample per element, darkest-vs-lightest kept, WCAG relative-luminance ratio against the worse extreme"
https://eyalamit-co-il-2026.s887.upress.link/faq/,div.ea-faq-category>details.ea-faq-item.ea-entrance>summary.ea-faq-item__summary>h3.ea-faq-item__question,כמה זמן לוקח לקרוא את הספר?,17,500,False,4.5,"rgb(47,32,19)","rgb(255,255,250)",15.661,PASS,"backdrop-only screenshot (text ink hidden via color:transparent), 4x4 grid sample per element, darkest-vs-lightest kept, WCAG relative-luminance ratio against the worse extreme"
https://eyalamit-co-il-2026.s887.upress.link/faq/,div.ea-faq-category>details.ea-faq-item.ea-entrance>summary.ea-faq-item__summary>span.ea-faq-item__icon,▾,17,500,False,4.5,"rgb(181,102,61)","rgb(255,255,250)",4.244,FAIL,"backdrop-only screenshot (text ink hidden via color:transparent), 4x4 grid sample per element, darkest-vs-lightest kept, WCAG relative-luminance ratio against the worse extreme"
https://eyalamit-co-il-2026.s887.upress.link/faq/,div.ea-faq-category>details.ea-faq-item.ea-entrance>div.ea-faq-item__answer>p,הספר כולל 236 עמודים,17,300,False,4.5,"rgb(138,90,68)","rgb(255,255,250)",5.773,PASS,"backdrop-only screenshot (text ink hidden via color:transparent), 4x4 grid sample per element, darkest-vs-lightest kept, WCAG relative-luminance ratio against the worse extreme"
https://eyalamit-co-il-2026.s887.upress.link/faq/,div.ea-faq-category>details.ea-faq-item.ea-entrance>summary.ea-faq-item__summary>h3.ea-faq-item__question,למי הספר הכי מתאים?,17,500,False,4.5,"rgb(47,32,19)","rgb(255,255,250)",15.661,PASS,"backdrop-only screenshot (text ink hidden via color:transparent), 4x4 grid sample per element, darkest-vs-lightest kept, WCAG relative-luminance ratio against the worse extreme"
https://eyalamit-co-il-2026.s887.upress.link/faq/,div.ea-faq-category>details.ea-faq-item.ea-entrance>summary.ea-faq-item__summary>span.ea-faq-item__icon,▾,17,500,False,4.5,"rgb(181,102,61)","rgb(255,255,250)",4.244,FAIL,"backdrop-only screenshot (text ink hidden via color:transparent), 4x4 grid sample per element, darkest-vs-lightest kept, WCAG relative-luminance ratio against the worse extreme"
https://eyalamit-co-il-2026.s887.upress.link/faq/,div.ea-faq-category>details.ea-faq-item.ea-entrance>div.ea-faq-item__answer>p,"למי שמחפש שינוי, חופש והשראה",17,300,False,4.5,"rgb(138,90,68)","rgb(255,255,250)",5.773,PASS,"backdrop-only screenshot (text ink hidden via color:transparent), 4x4 grid sample per element, darkest-vs-lightest kept, WCAG relative-luminance ratio against the worse extreme"
https://eyalamit-co-il-2026.s887.upress.link/faq/,div.ea-faq-list__inner>div>div.ea-faq-category>h2.ea-faq-category__heading,צבע בכחול,18.7,500,False,4.5,"rgb(47,32,19)","rgb(255,255,250)",15.661,PASS,"backdrop-only screenshot (text ink hidden via color:transparent), 4x4 grid sample per element, darkest-vs-lightest kept, WCAG relative-luminance ratio against the worse extreme"
https://eyalamit-co-il-2026.s887.upress.link/faq/,div.ea-faq-category>details.ea-faq-item.ea-entrance>summary.ea-faq-item__summary>h3.ea-faq-item__question,איזה סגנון כתיבה יש לספר?,17,500,False,4.5,"rgb(47,32,19)","rgb(255,255,250)",15.661,PASS,"backdrop-only screenshot (text ink hidden via color:transparent), 4x4 grid sample per element, darkest-vs-lightest kept, WCAG relative-luminance ratio against the worse extreme"
https://eyalamit-co-il-2026.s887.upress.link/faq/,div.ea-faq-category>details.ea-faq-item.ea-entrance>summary.ea-faq-item__summary>span.ea-faq-item__icon,▾,17,500,False,4.5,"rgb(181,102,61)","rgb(255,255,250)",4.244,FAIL,"backdrop-only screenshot (text ink hidden via color:transparent), 4x4 grid sample per element, darkest-vs-lightest kept, WCAG relative-luminance ratio against the worse extreme"
https://eyalamit-co-il-2026.s887.upress.link/faq/,div.ea-faq-category>details.ea-faq-item.ea-entrance>div.ea-faq-item__answer>p,"כתיבה ישירה, מדוברת, לפעמים בועטת. לא ספר ""ספרותי ",17,300,False,4.5,"rgb(138,90,68)","rgb(255,255,250)",5.773,PASS,"backdrop-only screenshot (text ink hidden via color:transparent), 4x4 grid sample per element, darkest-vs-lightest kept, WCAG relative-luminance ratio against the worse extreme"
https://eyalamit-co-il-2026.s887.upress.link/faq/,div.ea-faq-category>details.ea-faq-item.ea-entrance>summary.ea-faq-item__summary>h3.ea-faq-item__question,האם הסיפורים מבוססים על חוויות אמיתיות?,17,500,False,4.5,"rgb(47,32,19)","rgb(255,255,250)",15.661,PASS,"backdrop-only screenshot (text ink hidden via color:transparent), 4x4 grid sample per element, darkest-vs-lightest kept, WCAG relative-luminance ratio against the worse extreme"
https://eyalamit-co-il-2026.s887.upress.link/faq/,div.ea-faq-category>details.ea-faq-item.ea-entrance>summary.ea-faq-item__summary>span.ea-faq-item__icon,▾,17,500,False,4.5,"rgb(181,102,61)","rgb(255,255,250)",4.244,FAIL,"backdrop-only screenshot (text ink hidden via color:transparent), 4x4 grid sample per element, darkest-vs-lightest kept, WCAG relative-luminance ratio against the worse extreme"
https://eyalamit-co-il-2026.s887.upress.link/faq/,div.ea-faq-category>details.ea-faq-item.ea-entrance>div.ea-faq-item__answer>p,"הספר נכתב מתוך חוויות ומפגשים, אך אינו מתיימר להיו",17,300,False,4.5,"rgb(138,90,68)","rgb(255,255,250)",5.773,PASS,"backdrop-only screenshot (text ink hidden via color:transparent), 4x4 grid sample per element, darkest-vs-lightest kept, WCAG relative-luminance ratio against the worse extreme"
https://eyalamit-co-il-2026.s887.upress.link/faq/,div.ea-faq-category>details.ea-faq-item.ea-entrance>summary.ea-faq-item__summary>h3.ea-faq-item__question,האם זה ספר למוצ'ילרים בלבד?,17,500,False,4.5,"rgb(47,32,19)","rgb(255,255,250)",15.661,PASS,"backdrop-only screenshot (text ink hidden via color:transparent), 4x4 grid sample per element, darkest-vs-lightest kept, WCAG relative-luminance ratio against the worse extreme"
https://eyalamit-co-il-2026.s887.upress.link/faq/,div.ea-faq-category>details.ea-faq-item.ea-entrance>summary.ea-faq-item__summary>span.ea-faq-item__icon,▾,17,500,False,4.5,"rgb(181,102,61)","rgb(255,255,250)",4.244,FAIL,"backdrop-only screenshot (text ink hidden via color:transparent), 4x4 grid sample per element, darkest-vs-lightest kept, WCAG relative-luminance ratio against the worse extreme"
https://eyalamit-co-il-2026.s887.upress.link/faq/,div.ea-faq-category>details.ea-faq-item.ea-entrance>div.ea-faq-item__answer>p,"לא, מהספר הזה יוכלו להינות גם חבר'ה צעירים יותר לפ",17,300,False,4.5,"rgb(138,90,68)","rgb(255,255,250)",5.773,PASS,"backdrop-only screenshot (text ink hidden via color:transparent), 4x4 grid sample per element, darkest-vs-lightest kept, WCAG relative-luminance ratio against the worse extreme"
https://eyalamit-co-il-2026.s887.upress.link/faq/,div.ea-faq-category>details.ea-faq-item.ea-entrance>summary.ea-faq-item__summary>h3.ea-faq-item__question,כמה זמן לוקח לקרוא את הספר?,17,500,False,4.5,"rgb(47,32,19)","rgb(255,255,250)",15.661,PASS,"backdrop-only screenshot (text ink hidden via color:transparent), 4x4 grid sample per element, darkest-vs-lightest kept, WCAG relative-luminance ratio against the worse extreme"
https://eyalamit-co-il-2026.s887.upress.link/faq/,div.ea-faq-category>details.ea-faq-item.ea-entrance>summary.ea-faq-item__summary>span.ea-faq-item__icon,▾,17,500,False,4.5,"rgb(181,102,61)","rgb(255,255,250)",4.244,FAIL,"backdrop-only screenshot (text ink hidden via color:transparent), 4x4 grid sample per element, darkest-vs-lightest kept, WCAG relative-luminance ratio against the worse extreme"
https://eyalamit-co-il-2026.s887.upress.link/faq/,div.ea-faq-category>details.ea-faq-item.ea-entrance>div.ea-faq-item__answer>p,"אין זמן אחד. אפשר לקרוא סיפור אחד בכל פעם, או להיש",17,300,False,4.5,"rgb(138,90,68)","rgb(255,255,250)",5.773,PASS,"backdrop-only screenshot (text ink hidden via color:transparent), 4x4 grid sample per element, darkest-vs-lightest kept, WCAG relative-luminance ratio against the worse extreme"
https://eyalamit-co-il-2026.s887.upress.link/faq/,div.ea-faq-category>details.ea-faq-item.ea-entrance>summary.ea-faq-item__summary>h3.ea-faq-item__question,כמה עותקים נמכרו מהספר?,17,500,False,4.5,"rgb(47,32,19)","rgb(255,255,250)",15.661,PASS,"backdrop-only screenshot (text ink hidden via color:transparent), 4x4 grid sample per element, darkest-vs-lightest kept, WCAG relative-luminance ratio against the worse extreme"
https://eyalamit-co-il-2026.s887.upress.link/faq/,div.ea-faq-category>details.ea-faq-item.ea-entrance>summary.ea-faq-item__summary>span.ea-faq-item__icon,▾,17,500,False,4.5,"rgb(181,102,61)","rgb(255,255,250)",4.244,FAIL,"backdrop-only screenshot (text ink hidden via color:transparent), 4x4 grid sample per element, darkest-vs-lightest kept, WCAG relative-luminance ratio against the worse extreme"
https://eyalamit-co-il-2026.s887.upress.link/faq/,div.ea-faq-category>details.ea-faq-item.ea-entrance>div.ea-faq-item__answer>p,הספר נמצא כרגע במהדורתו העשירית ובקרוב ימכר העותק ,17,300,False,4.5,"rgb(138,90,68)","rgb(255,255,250)",5.773,PASS,"backdrop-only screenshot (text ink hidden via color:transparent), 4x4 grid sample per element, darkest-vs-lightest kept, WCAG relative-luminance ratio against the worse extreme"
https://eyalamit-co-il-2026.s887.upress.link/faq/,div.ea-faq-list__inner>div>div.ea-faq-category>h2.ea-faq-category__heading,הרצאות,18.7,500,False,4.5,"rgb(47,32,19)","rgb(255,255,250)",15.661,PASS,"backdrop-only screenshot (text ink hidden via color:transparent), 4x4 grid sample per element, darkest-vs-lightest kept, WCAG relative-luminance ratio against the worse extreme"
https://eyalamit-co-il-2026.s887.upress.link/faq/,div.ea-faq-category>details.ea-faq-item.ea-entrance>summary.ea-faq-item__summary>h3.ea-faq-item__question,האם אפשר להתאים את ההרצאה לארגון או לקהל מסוים?,17,500,False,4.5,"rgb(47,32,19)","rgb(255,255,250)",15.661,PASS,"backdrop-only screenshot (text ink hidden via color:transparent), 4x4 grid sample per element, darkest-vs-lightest kept, WCAG relative-luminance ratio against the worse extreme"
https://eyalamit-co-il-2026.s887.upress.link/faq/,div.ea-faq-category>details.ea-faq-item.ea-entrance>summary.ea-faq-item__summary>span.ea-faq-item__icon,▾,17,500,False,4.5,"rgb(181,102,61)","rgb(255,255,250)",4.244,FAIL,"backdrop-only screenshot (text ink hidden via color:transparent), 4x4 grid sample per element, darkest-vs-lightest kept, WCAG relative-luminance ratio against the worse extreme"
https://eyalamit-co-il-2026.s887.upress.link/faq/,div.ea-faq-category>details.ea-faq-item.ea-entrance>div.ea-faq-item__answer>p,כן.,17,300,False,4.5,"rgb(138,90,68)","rgb(255,255,250)",5.773,PASS,"backdrop-only screenshot (text ink hidden via color:transparent), 4x4 grid sample per element, darkest-vs-lightest kept, WCAG relative-luminance ratio against the worse extreme"
https://eyalamit-co-il-2026.s887.upress.link/faq/,div.ea-faq-category>details.ea-faq-item.ea-entrance>div.ea-faq-item__answer>p,"ניתן להתאים את הדגשים, משך ההרצאה ואופי התוכן למסג",17,300,False,4.5,"rgb(138,90,68)","rgb(255,255,250)",5.773,PASS,"backdrop-only screenshot (text ink hidden via color:transparent), 4x4 grid sample per element, darkest-vs-lightest kept, WCAG relative-luminance ratio against the worse extreme"
https://eyalamit-co-il-2026.s887.upress.link/faq/,div.ea-faq-category>details.ea-faq-item.ea-entrance>summary.ea-faq-item__summary>h3.ea-faq-item__question,האם ההרצאה עוסקת רק בדיג'רידו?,17,500,False,4.5,"rgb(47,32,19)","rgb(255,255,250)",15.661,PASS,"backdrop-only screenshot (text ink hidden via color:transparent), 4x4 grid sample per element, darkest-vs-lightest kept, WCAG relative-luminance ratio against the worse extreme"
https://eyalamit-co-il-2026.s887.upress.link/faq/,div.ea-faq-category>details.ea-faq-item.ea-entrance>summary.ea-faq-item__summary>span.ea-faq-item__icon,▾,17,500,False,4.5,"rgb(181,102,61)","rgb(255,255,250)",4.244,FAIL,"backdrop-only screenshot (text ink hidden via color:transparent), 4x4 grid sample per element, darkest-vs-lightest kept, WCAG relative-luminance ratio against the worse extreme"
https://eyalamit-co-il-2026.s887.upress.link/faq/,div.ea-faq-category>details.ea-faq-item.ea-entrance>div.ea-faq-item__answer>p,לא.,17,300,False,4.5,"rgb(138,90,68)","rgb(255,255,250)",5.773,PASS,"backdrop-only screenshot (text ink hidden via color:transparent), 4x4 grid sample per element, darkest-vs-lightest kept, WCAG relative-luminance ratio against the worse extreme"
https://eyalamit-co-il-2026.s887.upress.link/faq/,div.ea-faq-category>details.ea-faq-item.ea-entrance>div.ea-faq-item__answer>p,"הדיג'רידו הוא הציר שמחבר את התוכן, אבל ההרצאה נוגע",17,300,False,4.5,"rgb(138,90,68)","rgb(255,255,250)",5.773,PASS,"backdrop-only screenshot (text ink hidden via color:transparent), 4x4 grid sample per element, darkest-vs-lightest kept, WCAG relative-luminance ratio against the worse extreme"
https://eyalamit-co-il-2026.s887.upress.link/faq/,div.ea-faq-category>details.ea-faq-item.ea-entrance>summary.ea-faq-item__summary>h3.ea-faq-item__question,האם המשתתפים מנגנים בעצמם?,17,500,False,4.5,"rgb(47,32,19)","rgb(255,255,250)",15.661,PASS,"backdrop-only screenshot (text ink hidden via color:transparent), 4x4 grid sample per element, darkest-vs-lightest kept, WCAG relative-luminance ratio against the worse extreme"
https://eyalamit-co-il-2026.s887.upress.link/faq/,div.ea-faq-category>details.ea-faq-item.ea-entrance>summary.ea-faq-item__summary>span.ea-faq-item__icon,▾,17,500,False,4.5,"rgb(181,102,61)","rgb(255,255,250)",4.244,FAIL,"backdrop-only screenshot (text ink hidden via color:transparent), 4x4 grid sample per element, darkest-vs-lightest kept, WCAG relative-luminance ratio against the worse extreme"
https://eyalamit-co-il-2026.s887.upress.link/faq/,div.ea-faq-category>details.ea-faq-item.ea-entrance>div.ea-faq-item__answer>p,לא.,17,300,False,4.5,"rgb(138,90,68)","rgb(255,255,250)",5.773,PASS,"backdrop-only screenshot (text ink hidden via color:transparent), 4x4 grid sample per element, darkest-vs-lightest kept, WCAG relative-luminance ratio against the worse extreme"
https://eyalamit-co-il-2026.s887.upress.link/faq/,div.ea-faq-category>details.ea-faq-item.ea-entrance>div.ea-faq-item__answer>p,"בהרצאה אייל מדבר, מספר, מסביר ומדגים באמצעות הדיג'",17,300,False,4.5,"rgb(138,90,68)","rgb(255,255,250)",5.773,PASS,"backdrop-only screenshot (text ink hidden via color:transparent), 4x4 grid sample per element, darkest-vs-lightest kept, WCAG relative-luminance ratio against the worse extreme"
https://eyalamit-co-il-2026.s887.upress.link/faq/,div.ea-faq-category>details.ea-faq-item.ea-entrance>div.ea-faq-item__answer>p,למפגש השתתפותי שבו הקהל מתנסה בעצמו יש פורמט נפרד ,17,300,False,4.5,"rgb(138,90,68)","rgb(255,255,250)",5.773,PASS,"backdrop-only screenshot (text ink hidden via color:transparent), 4x4 grid sample per element, darkest-vs-lightest kept, WCAG relative-luminance ratio against the worse extreme"
https://eyalamit-co-il-2026.s887.upress.link/faq/,details.ea-faq-item.ea-entrance>div.ea-faq-item__answer>p>a.tlink,סדנאות,17,300,False,4.5,"rgb(154,79,43)","rgb(255,255,250)",5.936,PASS,"backdrop-only screenshot (text ink hidden via color:transparent), 4x4 grid sample per element, darkest-vs-lightest kept, WCAG relative-luminance ratio against the worse extreme"
https://eyalamit-co-il-2026.s887.upress.link/faq/,div.ea-faq-category>details.ea-faq-item.ea-entrance>summary.ea-faq-item__summary>h3.ea-faq-item__question,האם זו הרצאה רפואית?,17,500,False,4.5,"rgb(47,32,19)","rgb(255,255,250)",15.661,PASS,"backdrop-only screenshot (text ink hidden via color:transparent), 4x4 grid sample per element, darkest-vs-lightest kept, WCAG relative-luminance ratio against the worse extreme"
https://eyalamit-co-il-2026.s887.upress.link/faq/,div.ea-faq-category>details.ea-faq-item.ea-entrance>summary.ea-faq-item__summary>span.ea-faq-item__icon,▾,17,500,False,4.5,"rgb(181,102,61)","rgb(255,255,250)",4.244,FAIL,"backdrop-only screenshot (text ink hidden via color:transparent), 4x4 grid sample per element, darkest-vs-lightest kept, WCAG relative-luminance ratio against the worse extreme"
https://eyalamit-co-il-2026.s887.upress.link/faq/,div.ea-faq-category>details.ea-faq-item.ea-entrance>div.ea-faq-item__answer>p,לא.,17,300,False,4.5,"rgb(138,90,68)","rgb(255,255,250)",5.773,PASS,"backdrop-only screenshot (text ink hidden via color:transparent), 4x4 grid sample per element, darkest-vs-lightest kept, WCAG relative-luminance ratio against the worse extreme"
https://eyalamit-co-il-2026.s887.upress.link/faq/,div.ea-faq-category>details.ea-faq-item.ea-entrance>div.ea-faq-item__answer>p,"ההרצאה מיועדת להעשרה ולמידה ואינה מהווה ייעוץ, אבח",17,300,False,4.5,"rgb(138,90,68)","rgb(255,255,250)",5.773,PASS,"backdrop-only screenshot (text ink hidden via color:transparent), 4x4 grid sample per element, darkest-vs-lightest kept, WCAG relative-luminance ratio against the worse extreme"
https://eyalamit-co-il-2026.s887.upress.link/faq/,div.ea-faq-category>details.ea-faq-item.ea-entrance>summary.ea-faq-item__summary>h3.ea-faq-item__question,האם צריך להכיר דיג'רידו לפני ההרצאה?,17,500,False,4.5,"rgb(47,32,19)","rgb(255,255,250)",15.661,PASS,"backdrop-only screenshot (text ink hidden via color:transparent), 4x4 grid sample per element, darkest-vs-lightest kept, WCAG relative-luminance ratio against the worse extreme"
https://eyalamit-co-il-2026.s887.upress.link/faq/,div.ea-faq-category>details.ea-faq-item.ea-entrance>summary.ea-faq-item__summary>span.ea-faq-item__icon,▾,17,500,False,4.5,"rgb(181,102,61)","rgb(255,255,250)",4.244,FAIL,"backdrop-only screenshot (text ink hidden via color:transparent), 4x4 grid sample per element, darkest-vs-lightest kept, WCAG relative-luminance ratio against the worse extreme"
https://eyalamit-co-il-2026.s887.upress.link/faq/,div.ea-faq-category>details.ea-faq-item.ea-entrance>div.ea-faq-item__answer>p,לא.,17,300,False,4.5,"rgb(138,90,68)","rgb(255,255,250)",5.773,PASS,"backdrop-only screenshot (text ink hidden via color:transparent), 4x4 grid sample per element, darkest-vs-lightest kept, WCAG relative-luminance ratio against the worse extreme"
https://eyalamit-co-il-2026.s887.upress.link/faq/,div.ea-faq-category>details.ea-faq-item.ea-entrance>div.ea-faq-item__answer>p,ההרצאה מתאימה גם למי שמעולם לא ניגן או התעניין בדי,17,300,False,4.5,"rgb(138,90,68)","rgb(241,235,226)",4.887,PASS,"backdrop-only screenshot (text ink hidden via color:transparent), 4x4 grid sample per element, darkest-vs-lightest kept, WCAG relative-luminance ratio against the worse extreme"
https://eyalamit-co-il-2026.s887.upress.link/faq/,div.ea-faq-category>details.ea-faq-item.ea-entrance>summary.ea-faq-item__summary>h3.ea-faq-item__question,כמה זמן נמשכת ההרצאה?,17,500,False,4.5,"rgb(47,32,19)","rgb(255,255,250)",15.661,PASS,"backdrop-only screenshot (text ink hidden via color:transparent), 4x4 grid sample per element, darkest-vs-lightest kept, WCAG relative-luminance ratio against the worse extreme"
https://eyalamit-co-il-2026.s887.upress.link/faq/,div.ea-faq-category>details.ea-faq-item.ea-entrance>summary.ea-faq-item__summary>span.ea-faq-item__icon,▾,17,500,False,4.5,"rgb(181,102,61)","rgb(255,255,250)",4.244,FAIL,"backdrop-only screenshot (text ink hidden via color:transparent), 4x4 grid sample per element, darkest-vs-lightest kept, WCAG relative-luminance ratio against the worse extreme"
https://eyalamit-co-il-2026.s887.upress.link/faq/,div.ea-faq-category>details.ea-faq-item.ea-entrance>div.ea-faq-item__answer>p,"משך ההרצאה מותאם למסגרת, לקהל ולזמן שעומד לרשותכם.",17,300,False,4.5,"rgb(138,90,68)","rgb(255,255,250)",5.773,PASS,"backdrop-only screenshot (text ink hidden via color:transparent), 4x4 grid sample per element, darkest-vs-lightest kept, WCAG relative-luminance ratio against the worse extreme"
https://eyalamit-co-il-2026.s887.upress.link/faq/,div.ea-faq-category>details.ea-faq-item.ea-entrance>div.ea-faq-item__answer>p,את הפורמט המדויק מתאמים מראש בהתאם לאירוע.,17,300,False,4.5,"rgb(138,90,68)","rgb(255,255,250)",5.773,PASS,"backdrop-only screenshot (text ink hidden via color:transparent), 4x4 grid sample per element, darkest-vs-lightest kept, WCAG relative-luminance ratio against the worse extreme"
https://eyalamit-co-il-2026.s887.upress.link/faq/,div.ea-faq-list__inner>div>div.ea-faq-category>h2.ea-faq-category__heading,סדנאות דיג'רידו,18.7,500,False,4.5,"rgb(47,32,19)","rgb(255,255,250)",15.661,PASS,"backdrop-only screenshot (text ink hidden via color:transparent), 4x4 grid sample per element, darkest-vs-lightest kept, WCAG relative-luminance ratio against the worse extreme"
https://eyalamit-co-il-2026.s887.upress.link/faq/,div.ea-faq-category>details.ea-faq-item.ea-entrance>summary.ea-faq-item__summary>h3.ea-faq-item__question,איפה אפשר לקיים את הסדנה?,17,500,False,4.5,"rgb(47,32,19)","rgb(255,255,250)",15.661,PASS,"backdrop-only screenshot (text ink hidden via color:transparent), 4x4 grid sample per element, darkest-vs-lightest kept, WCAG relative-luminance ratio against the worse extreme"
https://eyalamit-co-il-2026.s887.upress.link/faq/,div.ea-faq-category>details.ea-faq-item.ea-entrance>summary.ea-faq-item__summary>span.ea-faq-item__icon,▾,17,500,False,4.5,"rgb(181,102,61)","rgb(255,255,250)",4.244,FAIL,"backdrop-only screenshot (text ink hidden via color:transparent), 4x4 grid sample per element, darkest-vs-lightest kept, WCAG relative-luminance ratio against the worse extreme"
https://eyalamit-co-il-2026.s887.upress.link/faq/,div.ea-faq-category>details.ea-faq-item.ea-entrance>div.ea-faq-item__answer>p,"אפשר להזמין אותי להעביר סדנה אצלכם בחברה, בארגון א",17,300,False,4.5,"rgb(138,90,68)","rgb(255,255,250)",5.773,PASS,"backdrop-only screenshot (text ink hidden via color:transparent), 4x4 grid sample per element, darkest-vs-lightest kept, WCAG relative-luminance ratio against the worse extreme"
https://eyalamit-co-il-2026.s887.upress.link/faq/,div.ea-faq-category>details.ea-faq-item.ea-entrance>summary.ea-faq-item__summary>h3.ea-faq-item__question,האם אפשר להזמין סדנה ליום צוות או לפעילות רווחה?,17,500,False,4.5,"rgb(47,32,19)","rgb(255,255,250)",15.661,PASS,"backdrop-only screenshot (text ink hidden via color:transparent), 4x4 grid sample per element, darkest-vs-lightest kept, WCAG relative-luminance ratio against the worse extreme"
https://eyalamit-co-il-2026.s887.upress.link/faq/,div.ea-faq-category>details.ea-faq-item.ea-entrance>summary.ea-faq-item__summary>span.ea-faq-item__icon,▾,17,500,False,4.5,"rgb(181,102,61)","rgb(255,255,250)",4.244,FAIL,"backdrop-only screenshot (text ink hidden via color:transparent), 4x4 grid sample per element, darkest-vs-lightest kept, WCAG relative-luminance ratio against the worse extreme"
https://eyalamit-co-il-2026.s887.upress.link/books/,nav.nav>ul.nav__l>li>a.nav__dd,טיפול בדיג׳רידו▾,18.36,400,False,4.5,"rgb(255,255,255) a=0.82","rgb(102,96,86)",4.828,PASS,"backdrop-only screenshot (text ink hidden via color:transparent), 4x4 grid sample per element, darkest-vs-lightest kept, WCAG relative-luminance ratio against the worse extreme"
https://eyalamit-co-il-2026.s887.upress.link/books/,ul.nav__l>li>a.nav__dd>span.nav__caret,▾,11.02,400,False,4.5,"rgb(255,255,255) a=0.82","rgb(64,63,65)",7.674,PASS,"backdrop-only screenshot (text ink hidden via color:transparent), 4x4 grid sample per element, darkest-vs-lightest kept, WCAG relative-luminance ratio against the worse extreme"
https://eyalamit-co-il-2026.s887.upress.link/books/,nav.nav>ul.nav__l>li>a,השיטה,18.36,400,False,4.5,"rgb(255,255,255) a=0.82","rgb(77,77,77)",6.341,PASS,"backdrop-only screenshot (text ink hidden via color:transparent), 4x4 grid sample per element, darkest-vs-lightest kept, WCAG relative-luminance ratio against the worse extreme"
https://eyalamit-co-il-2026.s887.upress.link/books/,nav.nav>ul.nav__l>li>a,שיעורי דיג׳רידו,18.36,400,False,4.5,"rgb(255,255,255) a=0.82","rgb(105,101,90)",4.545,PASS,"backdrop-only screenshot (text ink hidden via color:transparent), 4x4 grid sample per element, darkest-vs-lightest kept, WCAG relative-luminance ratio against the worse extreme"
https://eyalamit-co-il-2026.s887.upress.link/books/,nav.nav>ul.nav__l>li>a,סאונד הילינג,18.36,400,False,4.5,"rgb(255,255,255) a=0.82","rgb(108,102,94)",4.447,FAIL,"backdrop-only screenshot (text ink hidden via color:transparent), 4x4 grid sample per element, darkest-vs-lightest kept, WCAG relative-luminance ratio against the worse extreme"
https://eyalamit-co-il-2026.s887.upress.link/books/,nav.nav>ul.nav__l>li>button.nav__dd,לימוד והכשרה▾,18.36,400,False,4.5,"rgb(255,255,255) a=0.82","rgb(100,87,71)",5.363,PASS,"backdrop-only screenshot (text ink hidden via color:transparent), 4x4 grid sample per element, darkest-vs-lightest kept, WCAG relative-luminance ratio against the worse extreme"
https://eyalamit-co-il-2026.s887.upress.link/books/,ul.nav__l>li>button.nav__dd>span.nav__caret,▾,11.02,400,False,4.5,"rgb(255,255,255) a=0.82","rgb(92,81,69)",5.85,PASS,"backdrop-only screenshot (text ink hidden via color:transparent), 4x4 grid sample per element, darkest-vs-lightest kept, WCAG relative-luminance ratio against the worse extreme"
https://eyalamit-co-il-2026.s887.upress.link/books/,nav.nav>ul.nav__l>li>a.nav__dd,כלים ואביזרים▾,18.36,400,False,4.5,"rgb(255,255,255) a=0.82","rgb(102,93,82)",4.986,PASS,"backdrop-only screenshot (text ink hidden via color:transparent), 4x4 grid sample per element, darkest-vs-lightest kept, WCAG relative-luminance ratio against the worse extreme"
https://eyalamit-co-il-2026.s887.upress.link/books/,ul.nav__l>li>a.nav__dd>span.nav__caret,▾,11.02,400,False,4.5,"rgb(255,255,255) a=0.82","rgb(90,81,71)",5.88,PASS,"backdrop-only screenshot (text ink hidden via color:transparent), 4x4 grid sample per element, darkest-vs-lightest kept, WCAG relative-luminance ratio against the worse extreme"
https://eyalamit-co-il-2026.s887.upress.link/books/,nav.nav>ul.nav__l>li>a.nav__dd,ספרים▾,18.36,400,False,4.5,"rgb(255,255,255) a=0.82","rgb(83,81,82)",5.953,PASS,"backdrop-only screenshot (text ink hidden via color:transparent), 4x4 grid sample per element, darkest-vs-lightest kept, WCAG relative-luminance ratio against the worse extreme"
https://eyalamit-co-il-2026.s887.upress.link/books/,ul.nav__l>li>a.nav__dd>span.nav__caret,▾,11.02,400,False,4.5,"rgb(255,255,255) a=0.82","rgb(89,86,84)",5.551,PASS,"backdrop-only screenshot (text ink hidden via color:transparent), 4x4 grid sample per element, darkest-vs-lightest kept, WCAG relative-luminance ratio against the worse extreme"
https://eyalamit-co-il-2026.s887.upress.link/books/,nav.nav>ul.nav__l>li>a,בלוג דיג׳רידו,18.36,400,False,4.5,"rgb(255,255,255) a=0.82","rgb(99,93,79)",5.046,PASS,"backdrop-only screenshot (text ink hidden via color:transparent), 4x4 grid sample per element, darkest-vs-lightest kept, WCAG relative-luminance ratio against the worse extreme"
https://eyalamit-co-il-2026.s887.upress.link/books/,nav.nav>ul.nav__l>li>button.nav__dd,אייל עמית▾,18.36,400,False,4.5,"rgb(255,255,255) a=0.82","rgb(105,98,83)",4.704,PASS,"backdrop-only screenshot (text ink hidden via color:transparent), 4x4 grid sample per element, darkest-vs-lightest kept, WCAG relative-luminance ratio against the worse extreme"
https://eyalamit-co-il-2026.s887.upress.link/books/,ul.nav__l>li>button.nav__dd>span.nav__caret,▾,11.02,400,False,4.5,"rgb(255,255,255) a=0.82","rgb(91,83,69)",5.756,PASS,"backdrop-only screenshot (text ink hidden via color:transparent), 4x4 grid sample per element, darkest-vs-lightest kept, WCAG relative-luminance ratio against the worse extreme"
https://eyalamit-co-il-2026.s887.upress.link/books/,nav.nav>ul.nav__l>li>a,צור קשר,18.36,400,False,4.5,"rgb(255,255,255) a=0.82","rgb(100,95,80)",4.93,PASS,"backdrop-only screenshot (text ink hidden via color:transparent), 4x4 grid sample per element, darkest-vs-lightest kept, WCAG relative-luminance ratio against the worse extreme"
https://eyalamit-co-il-2026.s887.upress.link/books/,body.rtl.wp-singular>nav.nav>div.nav__r>a.nav__en,EN,12.24,300,False,4.5,"rgb(255,255,255) a=0.85","rgb(72,65,60)",7.779,PASS,"backdrop-only screenshot (text ink hidden via color:transparent), 4x4 grid sample per element, darkest-vs-lightest kept, WCAG relative-luminance ratio against the worse extreme"
https://eyalamit-co-il-2026.s887.upress.link/books/,main.chapters-main>header.phero.phero--media>div.phero__in>h1.phero__h,מוזה הוצאה לאור - ספרים,44.2,300,True,3.0,"rgb(255,255,255)","rgb(124,114,103)",4.709,PASS,"backdrop-only screenshot (text ink hidden via color:transparent), 4x4 grid sample per element, darkest-vs-lightest kept, WCAG relative-luminance ratio against the worse extreme"
https://eyalamit-co-il-2026.s887.upress.link/books/,main.chapters-main>header.phero.phero--media>div.phero__in>p.phero__s,מוזה הוצאה לאור הנה הוצאת ספרים עצמית שהוקמה בשנת ,19.55,300,False,4.5,"rgb(255,255,255) a=0.86","rgb(106,98,88)",4.948,PASS,"backdrop-only screenshot (text ink hidden via color:transparent), 4x4 grid sample per element, darkest-vs-lightest kept, WCAG relative-luminance ratio against the worse extreme"
https://eyalamit-co-il-2026.s887.upress.link/books/,header.phero.phero--media>div.phero__in>p.phero__cta>a.btn.btn--gw,לרכישת חבילת הספרים,15.3,500,False,4.5,"rgb(255,255,255)","rgb(72,62,52)",10.426,PASS,"backdrop-only screenshot (text ink hidden via color:transparent), 4x4 grid sample per element, darkest-vs-lightest kept, WCAG relative-luminance ratio against the worse extreme"
https://eyalamit-co-il-2026.s887.upress.link/books/,section.sec>div.wrap>div.intro-body.r>p,"בהוצאת מוזה רואים אור ספרי מסעות, פנטסיה וסיפורים ",17,300,False,4.5,"rgb(103,72,45)","rgb(255,255,250)",8.238,PASS,"backdrop-only screenshot (text ink hidden via color:transparent), 4x4 grid sample per element, darkest-vs-lightest kept, WCAG relative-luminance ratio against the worse extreme"
https://eyalamit-co-il-2026.s887.upress.link/books/,section.sec>div.wrap>div.intro-body.r>p,מוזה הוצאה לאור היא הבית של ספריו של אייל עמית - ה,17,300,False,4.5,"rgb(103,72,45)","rgb(255,255,250)",8.238,PASS,"backdrop-only screenshot (text ink hidden via color:transparent), 4x4 grid sample per element, darkest-vs-lightest kept, WCAG relative-luminance ratio against the worse extreme"
https://eyalamit-co-il-2026.s887.upress.link/books/,section.sec>div.wrap>div.intro-body.r>p,"הספרים שראו כאן אור שונים מאוד זה מזה, אבל מחוברים",17,300,False,4.5,"rgb(103,72,45)","rgb(255,255,250)",8.238,PASS,"backdrop-only screenshot (text ink hidden via color:transparent), 4x4 grid sample per element, darkest-vs-lightest kept, WCAG relative-luminance ratio against the worse extreme"
https://eyalamit-co-il-2026.s887.upress.link/books/,main.chapters-main>section.sec>div.wrap>h2.h2.r,למה את הספרים של מוזה תמצאו כאן,24.65,400,True,3.0,"rgb(47,32,19)","rgb(255,255,250)",15.661,PASS,"backdrop-only screenshot (text ink hidden via color:transparent), 4x4 grid sample per element, darkest-vs-lightest kept, WCAG relative-luminance ratio against the worse extreme"
https://eyalamit-co-il-2026.s887.upress.link/books/,section.sec>div.wrap>div.intro-body.r>p,הספרים של מוזה לא נמכרים כאן במקרה.,17,300,False,4.5,"rgb(103,72,45)","rgb(255,255,250)",8.238,PASS,"backdrop-only screenshot (text ink hidden via color:transparent), 4x4 grid sample per element, darkest-vs-lightest kept, WCAG relative-luminance ratio against the worse extreme"
https://eyalamit-co-il-2026.s887.upress.link/books/,section.sec>div.wrap>div.intro-body.r>p,"ברכישת ספר דרך רשתות הספרים, רוב הכסף לא מגיע לסופ",17,300,False,4.5,"rgb(103,72,45)","rgb(255,255,250)",8.238,PASS,"backdrop-only screenshot (text ink hidden via color:transparent), 4x4 grid sample per element, darkest-vs-lightest kept, WCAG relative-luminance ratio against the worse extreme"
https://eyalamit-co-il-2026.s887.upress.link/books/,div.bookcards.r>a.bookcard>div.bookcard__b>h2.bookcard__t,צבע בכחול וזרוק לים,21.25,300,False,4.5,"rgb(47,32,19)","rgb(255,255,255)",15.708,PASS,"backdrop-only screenshot (text ink hidden via color:transparent), 4x4 grid sample per element, darkest-vs-lightest kept, WCAG relative-luminance ratio against the worse extreme"
https://eyalamit-co-il-2026.s887.upress.link/books/,div.bookcards.r>a.bookcard>div.bookcard__b>span.bookcard__blurb,38 סיפורים קצרים ובועטים על הטיול הגדול לדרום אמרי,15.3,300,False,4.5,"rgb(103,72,45)","rgb(255,255,255)",8.263,PASS,"backdrop-only screenshot (text ink hidden via color:transparent), 4x4 grid sample per element, darkest-vs-lightest kept, WCAG relative-luminance ratio against the worse extreme"
https://eyalamit-co-il-2026.s887.upress.link/books/,div.bookcards.r>a.bookcard>div.bookcard__b>span.bookcard__cta,לעמוד הספר צבע בכחול וזרוק לים,13.6,500,False,4.5,"rgb(154,79,43)","rgb(255,255,255)",5.954,PASS,"backdrop-only screenshot (text ink hidden via color:transparent), 4x4 grid sample per element, darkest-vs-lightest kept, WCAG relative-luminance ratio against the worse extreme"
https://eyalamit-co-il-2026.s887.upress.link/books/,div.bookcards.r>a.bookcard>div.bookcard__b>h2.bookcard__t,כושי בלאנטיס,21.25,300,False,4.5,"rgb(47,32,19)","rgb(255,255,255)",15.708,PASS,"backdrop-only screenshot (text ink hidden via color:transparent), 4x4 grid sample per element, darkest-vs-lightest kept, WCAG relative-luminance ratio against the worse extreme"
https://eyalamit-co-il-2026.s887.upress.link/books/,div.bookcards.r>a.bookcard>div.bookcard__b>span.bookcard__blurb,"רומן פנטזיה על התעוררות, בחירה, אומץ, והיציאה מהחי",15.3,300,False,4.5,"rgb(103,72,45)","rgb(255,255,255)",8.263,PASS,"backdrop-only screenshot (text ink hidden via color:transparent), 4x4 grid sample per element, darkest-vs-lightest kept, WCAG relative-luminance ratio against the worse extreme"
https://eyalamit-co-il-2026.s887.upress.link/books/,div.bookcards.r>a.bookcard>div.bookcard__b>span.bookcard__cta,לעמוד הספר כושי בלאנטיס,13.6,500,False,4.5,"rgb(154,79,43)","rgb(255,255,255)",5.954,PASS,"backdrop-only screenshot (text ink hidden via color:transparent), 4x4 grid sample per element, darkest-vs-lightest kept, WCAG relative-luminance ratio against the worse extreme"
https://eyalamit-co-il-2026.s887.upress.link/books/,div.bookcards.r>a.bookcard>div.bookcard__b>h2.bookcard__t,וכתבת,21.25,300,False,4.5,"rgb(47,32,19)","rgb(255,255,255)",15.708,PASS,"backdrop-only screenshot (text ink hidden via color:transparent), 4x4 grid sample per element, darkest-vs-lightest kept, WCAG relative-luminance ratio against the worse extreme"
https://eyalamit-co-il-2026.s887.upress.link/books/,div.bookcards.r>a.bookcard>div.bookcard__b>span.bookcard__blurb,"46 סיפורים אמיתיים מחייו של אייל עמית - ספר אישי, ",15.3,300,False,4.5,"rgb(103,72,45)","rgb(255,255,255)",8.263,PASS,"backdrop-only screenshot (text ink hidden via color:transparent), 4x4 grid sample per element, darkest-vs-lightest kept, WCAG relative-luminance ratio against the worse extreme"
https://eyalamit-co-il-2026.s887.upress.link/books/,div.bookcards.r>a.bookcard>div.bookcard__b>span.bookcard__cta,לעמוד הספר וכתבת,13.6,500,False,4.5,"rgb(154,79,43)","rgb(255,255,255)",5.954,PASS,"backdrop-only screenshot (text ink hidden via color:transparent), 4x4 grid sample per element, darkest-vs-lightest kept, WCAG relative-luminance ratio against the worse extreme"
https://eyalamit-co-il-2026.s887.upress.link/books/,main.chapters-main>section.sec.sec--alt>div.wrap.center>h2.h2.r,חבילת 3 הספרים של אייל עמית,24.65,400,True,3.0,"rgb(47,32,19)","rgb(239,234,225)",13.11,PASS,"backdrop-only screenshot (text ink hidden via color:transparent), 4x4 grid sample per element, darkest-vs-lightest kept, WCAG relative-luminance ratio against the worse extreme"
https://eyalamit-co-il-2026.s887.upress.link/books/,section.sec.sec--alt>div.wrap.center>div.intro-body.r>p,שלושת הספרים יחד במחיר מיוחד,17,300,False,4.5,"rgb(103,72,45)","rgb(239,234,225)",6.896,PASS,"backdrop-only screenshot (text ink hidden via color:transparent), 4x4 grid sample per element, darkest-vs-lightest kept, WCAG relative-luminance ratio against the worse extreme"
https://eyalamit-co-il-2026.s887.upress.link/books/,section.sec.sec--alt>div.wrap.center>div.intro-body.r>p,"150 ש""ח במקום 207 ש""ח",24,300,True,3.0,"rgb(103,72,45)","rgb(239,234,225)",6.896,PASS,"backdrop-only screenshot (text ink hidden via color:transparent), 4x4 grid sample per element, darkest-vs-lightest kept, WCAG relative-luminance ratio against the worse extreme"
https://eyalamit-co-il-2026.s887.upress.link/books/,div.wrap.center>div.intro-body.r>p>strong,"150 ש""ח",24,700,True,3.0,"rgb(103,72,45)","rgb(239,234,225)",6.896,PASS,"backdrop-only screenshot (text ink hidden via color:transparent), 4x4 grid sample per element, darkest-vs-lightest kept, WCAG relative-luminance ratio against the worse extreme"
https://eyalamit-co-il-2026.s887.upress.link/books/,div.wrap.center>div.intro-body.r>p>del,"207 ש""ח",24,300,True,3.0,"rgb(103,72,45)","rgb(239,234,225)",6.896,PASS,"backdrop-only screenshot (text ink hidden via color:transparent), 4x4 grid sample per element, darkest-vs-lightest kept, WCAG relative-luminance ratio against the worse extreme"
https://eyalamit-co-il-2026.s887.upress.link/books/,section.sec.sec--alt>div.wrap.center>div.intro-body.r>p,זו הזדמנות להיכנס לעולם הכתיבה של אייל עמית דרך של,17,300,False,4.5,"rgb(103,72,45)","rgb(239,234,225)",6.896,PASS,"backdrop-only screenshot (text ink hidden via color:transparent), 4x4 grid sample per element, darkest-vs-lightest kept, WCAG relative-luminance ratio against the worse extreme"
https://eyalamit-co-il-2026.s887.upress.link/books/,main.chapters-main>section.sec>div.wrap>h2.h2.r,"שלושה ספרים, שלושה עולמות",24.65,400,True,3.0,"rgb(47,32,19)","rgb(255,255,250)",15.661,PASS,"backdrop-only screenshot (text ink hidden via color:transparent), 4x4 grid sample per element, darkest-vs-lightest kept, WCAG relative-luminance ratio against the worse extreme"
https://eyalamit-co-il-2026.s887.upress.link/books/,section.sec>div.wrap>div.intro-body.r>p,"כל אחד מהספרים עומד בפני עצמו. יחד, הם מציעים מפגש",17,300,False,4.5,"rgb(103,72,45)","rgb(255,255,250)",8.238,PASS,"backdrop-only screenshot (text ink hidden via color:transparent), 4x4 grid sample per element, darkest-vs-lightest kept, WCAG relative-luminance ratio against the worse extreme"
https://eyalamit-co-il-2026.s887.upress.link/books/,div.wrap>div.intro-body.r>ul>li,מסע והתבגרות,17,300,False,4.5,"rgb(47,32,19)","rgb(255,255,250)",15.661,PASS,"backdrop-only screenshot (text ink hidden via color:transparent), 4x4 grid sample per element, darkest-vs-lightest kept, WCAG relative-luminance ratio against the worse extreme"
https://eyalamit-co-il-2026.s887.upress.link/books/,div.wrap>div.intro-body.r>ul>li,פנטסיה והתעוררות,17,300,False,4.5,"rgb(47,32,19)","rgb(255,255,250)",15.661,PASS,"backdrop-only screenshot (text ink hidden via color:transparent), 4x4 grid sample per element, darkest-vs-lightest kept, WCAG relative-luminance ratio against the worse extreme"
https://eyalamit-co-il-2026.s887.upress.link/books/,div.wrap>div.intro-body.r>ul>li,סיפורים אמיתיים בגובה העיניים,17,300,False,4.5,"rgb(47,32,19)","rgb(255,255,250)",15.661,PASS,"backdrop-only screenshot (text ink hidden via color:transparent), 4x4 grid sample per element, darkest-vs-lightest kept, WCAG relative-luminance ratio against the worse extreme"
https://eyalamit-co-il-2026.s887.upress.link/books/,section.sec>div.wrap>div.intro-body.r>p,זו יכולה להיות דרך טובה להתחיל להכיר את הכתיבה של ,17,300,False,4.5,"rgb(103,72,45)","rgb(255,255,250)",8.238,PASS,"backdrop-only screenshot (text ink hidden via color:transparent), 4x4 grid sample per element, darkest-vs-lightest kept, WCAG relative-luminance ratio against the worse extreme"
https://eyalamit-co-il-2026.s887.upress.link/books/,section.sec>div.wrap>div.intro-body.r>p,"הספרים נכתבו בתקופות שונות בחיים, וכל אחד מהם מביא",17,300,False,4.5,"rgb(103,72,45)","rgb(255,255,250)",8.238,PASS,"backdrop-only screenshot (text ink hidden via color:transparent), 4x4 grid sample per element, darkest-vs-lightest kept, WCAG relative-luminance ratio against the worse extreme"
https://eyalamit-co-il-2026.s887.upress.link/books/,section.sec>div.wrap>div.intro-body.r>p,אין סדר קריאה מחייב. כל ספר עומד בפני עצמו.,17,300,False,4.5,"rgb(103,72,45)","rgb(255,255,250)",8.238,PASS,"backdrop-only screenshot (text ink hidden via color:transparent), 4x4 grid sample per element, darkest-vs-lightest kept, WCAG relative-luminance ratio against the worse extreme"
https://eyalamit-co-il-2026.s887.upress.link/books/,section.cta-band.cta-band--row>div.cta-band__in>div.cta-band__act.r>a.btn.btn--terra,לרכישת חבילת 3 הספרים,15.3,500,False,4.5,"rgb(255,255,255)","rgb(176,95,56)",4.626,PASS,"backdrop-only screenshot (text ink hidden via color:transparent), 4x4 grid sample per element, darkest-vs-lightest kept, WCAG relative-luminance ratio against the worse extreme"
https://eyalamit-co-il-2026.s887.upress.link/books/,section.sec>div.wrap>div.intro-body.r>p,הרכישה מתבצעת דרך קישור חיצוני.,17,300,False,4.5,"rgb(103,72,45)","rgb(255,255,250)",8.238,PASS,"backdrop-only screenshot (text ink hidden via color:transparent), 4x4 grid sample per element, darkest-vs-lightest kept, WCAG relative-luminance ratio against the worse extreme"
https://eyalamit-co-il-2026.s887.upress.link/books/,section.sec>div.wrap>div.intro-body.r>p,פרטי משלוח ותשלום מופיעים בעמוד הרכישה.,17,300,False,4.5,"rgb(103,72,45)","rgb(255,255,250)",8.238,PASS,"backdrop-only screenshot (text ink hidden via color:transparent), 4x4 grid sample per element, darkest-vs-lightest kept, WCAG relative-luminance ratio against the worse extreme"
https://eyalamit-co-il-2026.s887.upress.link/books/,footer.foot>div.foot__in>div>p.foot__col-title,מה מציעים,11.05,500,False,4.5,"rgb(208,138,94)","rgb(14,9,5)",7.056,PASS,"backdrop-only screenshot (text ink hidden via color:transparent), 4x4 grid sample per element, darkest-vs-lightest kept, WCAG relative-luminance ratio against the worse extreme"
https://eyalamit-co-il-2026.s887.upress.link/books/,footer.foot>div.foot__in>div>a,טיפול בדיג׳רידו,13.6,300,False,4.5,"rgb(255,255,255) a=0.60","rgb(14,9,5)",7.298,PASS,"backdrop-only screenshot (text ink hidden via color:transparent), 4x4 grid sample per element, darkest-vs-lightest kept, WCAG relative-luminance ratio against the worse extreme"
https://eyalamit-co-il-2026.s887.upress.link/books/,footer.foot>div.foot__in>div>a,שיעורי דיג׳רידו,13.6,300,False,4.5,"rgb(255,255,255) a=0.60","rgb(14,9,5)",7.298,PASS,"backdrop-only screenshot (text ink hidden via color:transparent), 4x4 grid sample per element, darkest-vs-lightest kept, WCAG relative-luminance ratio against the worse extreme"
https://eyalamit-co-il-2026.s887.upress.link/books/,footer.foot>div.foot__in>div>a,סאונד הילינג,13.6,300,False,4.5,"rgb(255,255,255) a=0.60","rgb(14,9,5)",7.298,PASS,"backdrop-only screenshot (text ink hidden via color:transparent), 4x4 grid sample per element, darkest-vs-lightest kept, WCAG relative-luminance ratio against the worse extreme"
https://eyalamit-co-il-2026.s887.upress.link/books/,footer.foot>div.foot__in>div>a,השיטה cbDIDG,13.6,300,False,4.5,"rgb(255,255,255) a=0.60","rgb(14,9,5)",7.298,PASS,"backdrop-only screenshot (text ink hidden via color:transparent), 4x4 grid sample per element, darkest-vs-lightest kept, WCAG relative-luminance ratio against the worse extreme"
https://eyalamit-co-il-2026.s887.upress.link/books/,footer.foot>div.foot__in>div>p.foot__col-title,עוד,11.05,500,False,4.5,"rgb(208,138,94)","rgb(14,9,5)",7.056,PASS,"backdrop-only screenshot (text ink hidden via color:transparent), 4x4 grid sample per element, darkest-vs-lightest kept, WCAG relative-luminance ratio against the worse extreme"
https://eyalamit-co-il-2026.s887.upress.link/books/,footer.foot>div.foot__in>div>a,בלוג,13.6,300,False,4.5,"rgb(255,255,255) a=0.60","rgb(14,9,5)",7.298,PASS,"backdrop-only screenshot (text ink hidden via color:transparent), 4x4 grid sample per element, darkest-vs-lightest kept, WCAG relative-luminance ratio against the worse extreme"
https://eyalamit-co-il-2026.s887.upress.link/books/,footer.foot>div.foot__in>div>a,ספרים · מוזה,13.6,300,False,4.5,"rgb(255,255,255) a=0.60","rgb(14,9,5)",7.298,PASS,"backdrop-only screenshot (text ink hidden via color:transparent), 4x4 grid sample per element, darkest-vs-lightest kept, WCAG relative-luminance ratio against the worse extreme"
https://eyalamit-co-il-2026.s887.upress.link/books/,footer.foot>div.foot__in>div>a,אודות אייל,13.6,300,False,4.5,"rgb(255,255,255) a=0.60","rgb(14,9,5)",7.298,PASS,"backdrop-only screenshot (text ink hidden via color:transparent), 4x4 grid sample per element, darkest-vs-lightest kept, WCAG relative-luminance ratio against the worse extreme"
https://eyalamit-co-il-2026.s887.upress.link/books/,footer.foot>div.foot__in>div>a,צור קשר,13.6,300,False,4.5,"rgb(255,255,255) a=0.60","rgb(14,9,5)",7.298,PASS,"backdrop-only screenshot (text ink hidden via color:transparent), 4x4 grid sample per element, darkest-vs-lightest kept, WCAG relative-luminance ratio against the worse extreme"
https://eyalamit-co-il-2026.s887.upress.link/books/,footer.foot>div.foot__in>div.foot__brand>b,המרכז לטיפול בנשימה באמצעות דיג׳רידו,21.25,700,True,3.0,"rgb(255,255,255)","rgb(39,34,31)",15.732,PASS,"backdrop-only screenshot (text ink hidden via color:transparent), 4x4 grid sample per element, darkest-vs-lightest kept, WCAG relative-luminance ratio against the worse extreme"
https://eyalamit-co-il-2026.s887.upress.link/books/,footer.foot>div.foot__in>div.foot__brand>p,"פרדס חנה, ישראל. שיטת cbDIDG, מאז 1999.",13.6,300,False,4.5,"rgb(255,255,255) a=0.45","rgb(14,9,5)",4.496,FAIL,"backdrop-only screenshot (text ink hidden via color:transparent), 4x4 grid sample per element, darkest-vs-lightest kept, WCAG relative-luminance ratio against the worse extreme"
https://eyalamit-co-il-2026.s887.upress.link/books/,footer.foot>div.foot__in>div.foot__brand>p.foot__nap,"רח' עמל 8 ב', פרדס חנה-כרכור",13.6,300,False,4.5,"rgb(255,255,255) a=0.45","rgb(14,9,5)",4.496,FAIL,"backdrop-only screenshot (text ink hidden via color:transparent), 4x4 grid sample per element, darkest-vs-lightest kept, WCAG relative-luminance ratio against the worse extreme"
https://eyalamit-co-il-2026.s887.upress.link/books/,div.foot__in>div.foot__brand>p.foot__tel>a,052-4822842,13.6,300,False,4.5,"rgb(255,255,255) a=0.60","rgb(14,9,5)",7.298,PASS,"backdrop-only screenshot (text ink hidden via color:transparent), 4x4 grid sample per element, darkest-vs-lightest kept, WCAG relative-luminance ratio against the worse extreme"
https://eyalamit-co-il-2026.s887.upress.link/books/,body.rtl.wp-singular>footer.foot>div.foot__legal>p.foot__disc,"המידע באתר זה אינו מהווה ייעוץ רפואי, אבחון או טיפ",12.24,300,False,4.5,"rgb(255,255,255) a=0.62","rgb(14,9,5)",7.744,PASS,"backdrop-only screenshot (text ink hidden via color:transparent), 4x4 grid sample per element, darkest-vs-lightest kept, WCAG relative-luminance ratio against the worse extreme"
https://eyalamit-co-il-2026.s887.upress.link/books/,body.rtl.wp-singular>footer.foot>div.foot__legal>p.foot__base,© 2026 אייל עמית · כל הזכויות שמורות · הצהרת נגישו,12.24,300,False,4.5,"rgb(255,255,255) a=0.62","rgb(14,9,5)",7.744,PASS,"backdrop-only screenshot (text ink hidden via color:transparent), 4x4 grid sample per element, darkest-vs-lightest kept, WCAG relative-luminance ratio against the worse extreme"
https://eyalamit-co-il-2026.s887.upress.link/books/,footer.foot>div.foot__legal>p.foot__base>a,הצהרת נגישות,13.6,300,False,4.5,"rgb(255,255,255) a=0.55","rgb(14,9,5)",6.258,PASS,"backdrop-only screenshot (text ink hidden via color:transparent), 4x4 grid sample per element, darkest-vs-lightest kept, WCAG relative-luminance ratio against the worse extreme"
https://eyalamit-co-il-2026.s887.upress.link/books/,footer.foot>div.foot__legal>p.foot__base>a,מדיניות פרטיות,13.6,300,False,4.5,"rgb(255,255,255) a=0.55","rgb(14,9,5)",6.258,PASS,"backdrop-only screenshot (text ink hidden via color:transparent), 4x4 grid sample per element, darkest-vs-lightest kept, WCAG relative-luminance ratio against the worse extreme"
https://eyalamit-co-il-2026.s887.upress.link/books/vekatavta/,nav.nav>ul.nav__l>li>a.nav__dd,טיפול בדיג׳רידו▾,18.36,400,False,4.5,"rgb(255,255,255) a=0.82","rgb(61,58,52)",8.23,PASS,"backdrop-only screenshot (text ink hidden via color:transparent), 4x4 grid sample per element, darkest-vs-lightest kept, WCAG relative-luminance ratio against the worse extreme"
https://eyalamit-co-il-2026.s887.upress.link/books/vekatavta/,ul.nav__l>li>a.nav__dd>span.nav__caret,▾,11.02,400,False,4.5,"rgb(255,255,255) a=0.82","rgb(56,52,48)",8.874,PASS,"backdrop-only screenshot (text ink hidden via color:transparent), 4x4 grid sample per element, darkest-vs-lightest kept, WCAG relative-luminance ratio against the worse extreme"
https://eyalamit-co-il-2026.s887.upress.link/books/vekatavta/,nav.nav>ul.nav__l>li>a,השיטה,18.36,400,False,4.5,"rgb(255,255,255) a=0.82","rgb(63,61,56)",7.917,PASS,"backdrop-only screenshot (text ink hidden via color:transparent), 4x4 grid sample per element, darkest-vs-lightest kept, WCAG relative-luminance ratio against the worse extreme"
https://eyalamit-co-il-2026.s887.upress.link/books/vekatavta/,nav.nav>ul.nav__l>li>a,שיעורי דיג׳רידו,18.36,400,False,4.5,"rgb(255,255,255) a=0.82","rgb(70,67,60)",7.277,PASS,"backdrop-only screenshot (text ink hidden via color:transparent), 4x4 grid sample per element, darkest-vs-lightest kept, WCAG relative-luminance ratio against the worse extreme"
https://eyalamit-co-il-2026.s887.upress.link/books/vekatavta/,nav.nav>ul.nav__l>li>a,סאונד הילינג,18.36,400,False,4.5,"rgb(255,255,255) a=0.82","rgb(69,66,60)",7.372,PASS,"backdrop-only screenshot (text ink hidden via color:transparent), 4x4 grid sample per element, darkest-vs-lightest kept, WCAG relative-luminance ratio against the worse extreme"
https://eyalamit-co-il-2026.s887.upress.link/books/vekatavta/,nav.nav>ul.nav__l>li>button.nav__dd,לימוד והכשרה▾,18.36,400,False,4.5,"rgb(255,255,255) a=0.82","rgb(50,46,43)",9.575,PASS,"backdrop-only screenshot (text ink hidden via color:transparent), 4x4 grid sample per element, darkest-vs-lightest kept, WCAG relative-luminance ratio against the worse extreme"
https://eyalamit-co-il-2026.s887.upress.link/books/vekatavta/,ul.nav__l>li>button.nav__dd>span.nav__caret,▾,11.02,400,False,4.5,"rgb(255,255,255) a=0.82","rgb(39,37,32)",10.717,PASS,"backdrop-only screenshot (text ink hidden via color:transparent), 4x4 grid sample per element, darkest-vs-lightest kept, WCAG relative-luminance ratio against the worse extreme"
https://eyalamit-co-il-2026.s887.upress.link/books/vekatavta/,nav.nav>ul.nav__l>li>a.nav__dd,כלים ואביזרים▾,18.36,400,False,4.5,"rgb(255,255,255) a=0.82","rgb(29,27,28)",11.793,PASS,"backdrop-only screenshot (text ink hidden via color:transparent), 4x4 grid sample per element, darkest-vs-lightest kept, WCAG relative-luminance ratio against the worse extreme"
https://eyalamit-co-il-2026.s887.upress.link/books/vekatavta/,ul.nav__l>li>a.nav__dd>span.nav__caret,▾,11.02,400,False,4.5,"rgb(255,255,255) a=0.82","rgb(27,25,26)",11.998,PASS,"backdrop-only screenshot (text ink hidden via color:transparent), 4x4 grid sample per element, darkest-vs-lightest kept, WCAG relative-luminance ratio against the worse extreme"
https://eyalamit-co-il-2026.s887.upress.link/books/vekatavta/,nav.nav>ul.nav__l>li>a.nav__dd,ספרים▾,18.36,400,False,4.5,"rgb(255,255,255) a=0.82","rgb(30,32,35)",11.326,PASS,"backdrop-only screenshot (text ink hidden via color:transparent), 4x4 grid sample per element, darkest-vs-lightest kept, WCAG relative-luminance ratio against the worse extreme"
https://eyalamit-co-il-2026.s887.upress.link/books/vekatavta/,ul.nav__l>li>a.nav__dd>span.nav__caret,▾,11.02,400,False,4.5,"rgb(255,255,255) a=0.82","rgb(29,30,33)",11.524,PASS,"backdrop-only screenshot (text ink hidden via color:transparent), 4x4 grid sample per element, darkest-vs-lightest kept, WCAG relative-luminance ratio against the worse extreme"
https://eyalamit-co-il-2026.s887.upress.link/books/vekatavta/,nav.nav>ul.nav__l>li>a,בלוג דיג׳רידו,18.36,400,False,4.5,"rgb(255,255,255) a=0.82","rgb(30,31,34)",11.414,PASS,"backdrop-only screenshot (text ink hidden via color:transparent), 4x4 grid sample per element, darkest-vs-lightest kept, WCAG relative-luminance ratio against the worse extreme"
https://eyalamit-co-il-2026.s887.upress.link/books/vekatavta/,nav.nav>ul.nav__l>li>button.nav__dd,אייל עמית▾,18.36,400,False,4.5,"rgb(255,255,255) a=0.82","rgb(27,25,27)",11.991,PASS,"backdrop-only screenshot (text ink hidden via color:transparent), 4x4 grid sample per element, darkest-vs-lightest kept, WCAG relative-luminance ratio against the worse extreme"
https://eyalamit-co-il-2026.s887.upress.link/books/vekatavta/,ul.nav__l>li>button.nav__dd>span.nav__caret,▾,11.02,400,False,4.5,"rgb(255,255,255) a=0.82","rgb(24,21,22)",12.36,PASS,"backdrop-only screenshot (text ink hidden via color:transparent), 4x4 grid sample per element, darkest-vs-lightest kept, WCAG relative-luminance ratio against the worse extreme"
https://eyalamit-co-il-2026.s887.upress.link/books/vekatavta/,nav.nav>ul.nav__l>li>a,צור קשר,18.36,400,False,4.5,"rgb(255,255,255) a=0.82","rgb(24,21,18)",12.384,PASS,"backdrop-only screenshot (text ink hidden via color:transparent), 4x4 grid sample per element, darkest-vs-lightest kept, WCAG relative-luminance ratio against the worse extreme"
https://eyalamit-co-il-2026.s887.upress.link/books/vekatavta/,body.rtl.wp-singular>nav.nav>div.nav__r>a.nav__en,EN,12.24,300,False,4.5,"rgb(255,255,255) a=0.85","rgb(39,35,29)",11.617,PASS,"backdrop-only screenshot (text ink hidden via color:transparent), 4x4 grid sample per element, darkest-vs-lightest kept, WCAG relative-luminance ratio against the worse extreme"
https://eyalamit-co-il-2026.s887.upress.link/books/vekatavta/,main.chapters-main>header.phero.phero--media>div.phero__in>h1.phero__h,וכתבת,44.2,300,True,3.0,"rgb(255,255,255)","rgb(92,70,50)",8.834,PASS,"backdrop-only screenshot (text ink hidden via color:transparent), 4x4 grid sample per element, darkest-vs-lightest kept, WCAG relative-luminance ratio against the worse extreme"
https://eyalamit-co-il-2026.s887.upress.link/books/vekatavta/,main.chapters-main>header.phero.phero--media>div.phero__in>p.phero__s,"46 סיפורים אמיתיים מחייו של אייל עמית ספר אישי, מע",19.55,300,False,4.5,"rgb(255,255,255) a=0.86","rgb(34,28,25)",12.669,PASS,"backdrop-only screenshot (text ink hidden via color:transparent), 4x4 grid sample per element, darkest-vs-lightest kept, WCAG relative-luminance ratio against the worse extreme"
https://eyalamit-co-il-2026.s887.upress.link/books/vekatavta/,header.phero.phero--media>div.phero__in>p.phero__cta>a.btn.btn--gw,לרכישת הספר,15.3,500,False,4.5,"rgb(255,255,255)","rgb(75,69,59)",9.487,PASS,"backdrop-only screenshot (text ink hidden via color:transparent), 4x4 grid sample per element, darkest-vs-lightest kept, WCAG relative-luminance ratio against the worse extreme"
https://eyalamit-co-il-2026.s887.upress.link/books/vekatavta/,main.chapters-main>section.sec>div.wrap>h2.h2.r,תקציר הספר,24.65,400,True,3.0,"rgb(47,32,19)","rgb(255,255,250)",15.661,PASS,"backdrop-only screenshot (text ink hidden via color:transparent), 4x4 grid sample per element, darkest-vs-lightest kept, WCAG relative-luminance ratio against the worse extreme"
https://eyalamit-co-il-2026.s887.upress.link/books/vekatavta/,div.wrap>div.intro-body.r>p>strong,"ספר אישי מאוד, חי מאוד, ומלא קול.",17,700,False,4.5,"rgb(103,72,45)","rgb(255,255,250)",8.238,PASS,"backdrop-only screenshot (text ink hidden via color:transparent), 4x4 grid sample per element, darkest-vs-lightest kept, WCAG relative-luminance ratio against the worse extreme"
https://eyalamit-co-il-2026.s887.upress.link/books/vekatavta/,section.sec>div.wrap>div.intro-body.r>p,וכתבת הוא ספר שמאגד 46 סיפורים אמיתיים מחייו של אי,17,300,False,4.5,"rgb(103,72,45)","rgb(255,255,250)",8.238,PASS,"backdrop-only screenshot (text ink hidden via color:transparent), 4x4 grid sample per element, darkest-vs-lightest kept, WCAG relative-luminance ratio against the worse extreme"
https://eyalamit-co-il-2026.s887.upress.link/books/vekatavta/,div.wrap>div.intro-body.r>p>strong,וכתבת,17,700,False,4.5,"rgb(103,72,45)","rgb(255,255,250)",8.238,PASS,"backdrop-only screenshot (text ink hidden via color:transparent), 4x4 grid sample per element, darkest-vs-lightest kept, WCAG relative-luminance ratio against the worse extreme"
https://eyalamit-co-il-2026.s887.upress.link/books/vekatavta/,section.sec>div.wrap>div.intro-body.r>p,"אוטוביוגרפיה, אבל לא כזו שמסופרת בצורה כבדה או פור",17,300,False,4.5,"rgb(103,72,45)","rgb(255,255,250)",8.238,PASS,"backdrop-only screenshot (text ink hidden via color:transparent), 4x4 grid sample per element, darkest-vs-lightest kept, WCAG relative-luminance ratio against the worse extreme"
https://eyalamit-co-il-2026.s887.upress.link/books/vekatavta/,section.sec>div.wrap>div.intro-body.r>p,"מה שמייחד את הספר הזה הוא לא רק מה מסופר בו, אלא א",17,300,False,4.5,"rgb(103,72,45)","rgb(255,255,250)",8.238,PASS,"backdrop-only screenshot (text ink hidden via color:transparent), 4x4 grid sample per element, darkest-vs-lightest kept, WCAG relative-luminance ratio against the worse extreme"
https://eyalamit-co-il-2026.s887.upress.link/books/vekatavta/,div.wrap>div.intro-body.r>p>strong,ספוקן סטוריז,17,700,False,4.5,"rgb(103,72,45)","rgb(255,255,250)",8.238,PASS,"backdrop-only screenshot (text ink hidden via color:transparent), 4x4 grid sample per element, darkest-vs-lightest kept, WCAG relative-luminance ratio against the worse extreme"
https://eyalamit-co-il-2026.s887.upress.link/books/vekatavta/,section.sec>div.wrap>div.intro-body.r>p,זה גם ספר שאפשר לקבל ממנו הרבה השראה. מתחת לסיפורי,17,300,False,4.5,"rgb(103,72,45)","rgb(255,255,250)",8.238,PASS,"backdrop-only screenshot (text ink hidden via color:transparent), 4x4 grid sample per element, darkest-vs-lightest kept, WCAG relative-luminance ratio against the worse extreme"
https://eyalamit-co-il-2026.s887.upress.link/books/vekatavta/,section.sec>div.wrap>div.intro-body.r>p,ייחודי במיוחד לוכתבת הוא גם האלמנט של סריקת ה-QR: ,17,300,False,4.5,"rgb(103,72,45)","rgb(255,255,250)",8.238,PASS,"backdrop-only screenshot (text ink hidden via color:transparent), 4x4 grid sample per element, darkest-vs-lightest kept, WCAG relative-luminance ratio against the worse extreme"
https://eyalamit-co-il-2026.s887.upress.link/books/vekatavta/,div.wrap>div.intro-body.r>p>strong,וכתבת,17,700,False,4.5,"rgb(103,72,45)","rgb(255,255,250)",8.238,PASS,"backdrop-only screenshot (text ink hidden via color:transparent), 4x4 grid sample per element, darkest-vs-lightest kept, WCAG relative-luminance ratio against the worse extreme"
https://eyalamit-co-il-2026.s887.upress.link/books/vekatavta/,div.wrap>div.intro-body.r>p>strong,סריקת ה-QR,17,700,False,4.5,"rgb(103,72,45)","rgb(255,255,250)",8.238,PASS,"backdrop-only screenshot (text ink hidden via color:transparent), 4x4 grid sample per element, darkest-vs-lightest kept, WCAG relative-luminance ratio against the worse extreme"
https://eyalamit-co-il-2026.s887.upress.link/books/vekatavta/,section.sec>div.wrap>div.intro-body.r>p,"זה ספר שיכול לדבר גם למי שאוהב סיפורים קצרים, גם ל",17,300,False,4.5,"rgb(103,72,45)","rgb(255,255,250)",8.238,PASS,"backdrop-only screenshot (text ink hidden via color:transparent), 4x4 grid sample per element, darkest-vs-lightest kept, WCAG relative-luminance ratio against the worse extreme"
https://eyalamit-co-il-2026.s887.upress.link/books/vekatavta/,section.cta-band.cta-band--row>div.cta-band__in>div.cta-band__act.r>a.btn.btn--terra,לרכישת הספר,15.3,500,False,4.5,"rgb(255,255,255)","rgb(176,95,56)",4.626,PASS,"backdrop-only screenshot (text ink hidden via color:transparent), 4x4 grid sample per element, darkest-vs-lightest kept, WCAG relative-luminance ratio against the worse extreme"
https://eyalamit-co-il-2026.s887.upress.link/books/vekatavta/,main.chapters-main>section.sec>div.wrap>h2.h2.r,קטע מתוך הספר,24.65,400,True,3.0,"rgb(47,32,19)","rgb(255,255,250)",15.661,PASS,"backdrop-only screenshot (text ink hidden via color:transparent), 4x4 grid sample per element, darkest-vs-lightest kept, WCAG relative-luminance ratio against the worse extreme"
https://eyalamit-co-il-2026.s887.upress.link/books/vekatavta/,section.sec>div.wrap>details.prose-acc>summary.prose-acc__t,קטע מתוך הספר – לקריאה,17,500,False,4.5,"rgb(47,32,19)","rgb(255,255,250)",15.661,PASS,"backdrop-only screenshot (text ink hidden via color:transparent), 4x4 grid sample per element, darkest-vs-lightest kept, WCAG relative-luminance ratio against the worse extreme"
https://eyalamit-co-il-2026.s887.upress.link/books/vekatavta/,div.wrap>details.prose-acc>div.intro-body>p,10 דברים שלא ידעתם עלי: 1. את ענת הכרתי על החוף בס,17,300,False,4.5,"rgb(103,72,45)","rgb(255,255,250)",8.238,PASS,"backdrop-only screenshot (text ink hidden via color:transparent), 4x4 grid sample per element, darkest-vs-lightest kept, WCAG relative-luminance ratio against the worse extreme"
https://eyalamit-co-il-2026.s887.upress.link/books/vekatavta/,div.wrap>details.prose-acc>div.intro-body>p,2. הפעם הראשונה בחיי שעליתי על מטוס היתה בגיל 24. ,17,300,False,4.5,"rgb(103,72,45)","rgb(255,255,250)",8.238,PASS,"backdrop-only screenshot (text ink hidden via color:transparent), 4x4 grid sample per element, darkest-vs-lightest kept, WCAG relative-luminance ratio against the worse extreme"
https://eyalamit-co-il-2026.s887.upress.link/books/vekatavta/,div.wrap>details.prose-acc>div.intro-body>p,"3. בברזיל, ריו דה ג'נירו, חוף קופה קבאנה, באוטובוס",17,300,False,4.5,"rgb(103,72,45)","rgb(255,255,250)",8.238,PASS,"backdrop-only screenshot (text ink hidden via color:transparent), 4x4 grid sample per element, darkest-vs-lightest kept, WCAG relative-luminance ratio against the worse extreme"
https://eyalamit-co-il-2026.s887.upress.link/books/vekatavta/,div.wrap>details.prose-acc>div.intro-body>p,"4. בבוליביה, במכרות הכסף של פוטוסי, בגובה 4000 מטר",17,300,False,4.5,"rgb(103,72,45)","rgb(255,255,250)",8.238,PASS,"backdrop-only screenshot (text ink hidden via color:transparent), 4x4 grid sample per element, darkest-vs-lightest kept, WCAG relative-luminance ratio against the worse extreme"
https://eyalamit-co-il-2026.s887.upress.link/books/vekatavta/,div.wrap>details.prose-acc>div.intro-body>p,"5. בצפון פרו, 3000 מטר מעל פני הים, קרוב לעיר הווא",17,300,False,4.5,"rgb(103,72,45)","rgb(255,255,250)",8.238,PASS,"backdrop-only screenshot (text ink hidden via color:transparent), 4x4 grid sample per element, darkest-vs-lightest kept, WCAG relative-luminance ratio against the worse extreme"
https://eyalamit-co-il-2026.s887.upress.link/books/vekatavta/,div.wrap>details.prose-acc>div.intro-body>p,6. אכלתי קוף. גם אני עדיין מתקשה להאמין ואפילו לכת,17,300,False,4.5,"rgb(103,72,45)","rgb(239,234,225)",6.896,PASS,"backdrop-only screenshot (text ink hidden via color:transparent), 4x4 grid sample per element, darkest-vs-lightest kept, WCAG relative-luminance ratio against the worse extreme"
https://eyalamit-co-il-2026.s887.upress.link/books/vekatavta/,div.wrap>details.prose-acc>div.intro-body>p,***ספויילר קטן נוסף למגזר הטבעוני הזועם. כמו שאומר,17,300,False,4.5,"rgb(103,72,45)","rgb(239,234,225)",6.896,PASS,"backdrop-only screenshot (text ink hidden via color:transparent), 4x4 grid sample per element, darkest-vs-lightest kept, WCAG relative-luminance ratio against the worse extreme"
https://eyalamit-co-il-2026.s887.upress.link/books/vekatavta/,div.wrap>details.prose-acc>div.intro-body>p,7. בקוסטה ריקה הכרתי וטיילתי שבוע עם היקוקומורי. א,17,300,False,4.5,"rgb(103,72,45)","rgb(239,234,225)",6.896,PASS,"backdrop-only screenshot (text ink hidden via color:transparent), 4x4 grid sample per element, darkest-vs-lightest kept, WCAG relative-luminance ratio against the worse extreme"
https://eyalamit-co-il-2026.s887.upress.link/books/vekatavta/,div.wrap>details.prose-acc>div.intro-body>p,"8. חודשיים אחרי שחזרתי מדרום אמריקה, אבא שלי נהרג ",17,300,False,4.5,"rgb(103,72,45)","rgb(239,234,225)",6.896,PASS,"backdrop-only screenshot (text ink hidden via color:transparent), 4x4 grid sample per element, darkest-vs-lightest kept, WCAG relative-luminance ratio against the worse extreme"
https://eyalamit-co-il-2026.s887.upress.link/books/vekatavta/,div.wrap>details.prose-acc>div.intro-body>p,"9. דווקא בוואראנסי, דווקא ב""עיר המתים"" ההודית המטל",17,300,False,4.5,"rgb(103,72,45)","rgb(239,234,225)",6.896,PASS,"backdrop-only screenshot (text ink hidden via color:transparent), 4x4 grid sample per element, darkest-vs-lightest kept, WCAG relative-luminance ratio against the worse extreme"
https://eyalamit-co-il-2026.s887.upress.link/books/vekatavta/,div.wrap>details.prose-acc>div.intro-body>p,"10. כן, לענת לקח קצת יותר זמן להתאהב בי חזרה, אבלש",17,300,False,4.5,"rgb(103,72,45)","rgb(239,234,225)",6.896,PASS,"backdrop-only screenshot (text ink hidden via color:transparent), 4x4 grid sample per element, darkest-vs-lightest kept, WCAG relative-luminance ratio against the worse extreme"
https://eyalamit-co-il-2026.s887.upress.link/books/vekatavta/,div.wrap>details.prose-acc>div.intro-body>p,"11. נכון, אמרתי 10 דברים, אבל אם הגעתם עד לפה זהאו",17,300,False,4.5,"rgb(103,72,45)","rgb(239,234,225)",6.896,PASS,"backdrop-only screenshot (text ink hidden via color:transparent), 4x4 grid sample per element, darkest-vs-lightest kept, WCAG relative-luminance ratio against the worse extreme"
https://eyalamit-co-il-2026.s887.upress.link/books/vekatavta/,main.chapters-main>section.sec>div.wrap>h2.h2.r,על הספר,24.65,400,True,3.0,"rgb(47,32,19)","rgb(255,255,250)",15.661,PASS,"backdrop-only screenshot (text ink hidden via color:transparent), 4x4 grid sample per element, darkest-vs-lightest kept, WCAG relative-luminance ratio against the worse extreme"
https://eyalamit-co-il-2026.s887.upress.link/books/vekatavta/,section.sec>div.wrap>div.intro-body.r>p,"אייל עמית הוא סופר, בלוגר, מוציא לאור ומספר סיפורי",17,300,False,4.5,"rgb(103,72,45)","rgb(255,255,250)",8.238,PASS,"backdrop-only screenshot (text ink hidden via color:transparent), 4x4 grid sample per element, darkest-vs-lightest kept, WCAG relative-luminance ratio against the worse extreme"
https://eyalamit-co-il-2026.s887.upress.link/books/vekatavta/,section.sec>div.wrap>div.intro-body.r>p,"במקביל לכתיבה, אייל הוא גם מורה ומטפל לנשימה באמצע",17,300,False,4.5,"rgb(103,72,45)","rgb(255,255,250)",8.238,PASS,"backdrop-only screenshot (text ink hidden via color:transparent), 4x4 grid sample per element, darkest-vs-lightest kept, WCAG relative-luminance ratio against the worse extreme"
https://eyalamit-co-il-2026.s887.upress.link/books/vekatavta/,section.sec>div.wrap>div.intro-body.r>p,"""וכתבת"" הוא הספר השלישי שלו, והוא מביא איתו קול יש",17,300,False,4.5,"rgb(103,72,45)","rgb(255,255,250)",8.238,PASS,"backdrop-only screenshot (text ink hidden via color:transparent), 4x4 grid sample per element, darkest-vs-lightest kept, WCAG relative-luminance ratio against the worse extreme"
https://eyalamit-co-il-2026.s887.upress.link/books/vekatavta/,section.sec>div.wrap>div.intro-body.r>p,"הספר מבוסס על סיפורים אמיתיים לגמרי מחייו,ונכתב מת",17,300,False,4.5,"rgb(103,72,45)","rgb(255,255,250)",8.238,PASS,"backdrop-only screenshot (text ink hidden via color:transparent), 4x4 grid sample per element, darkest-vs-lightest kept, WCAG relative-luminance ratio against the worse extreme"
https://eyalamit-co-il-2026.s887.upress.link/books/vekatavta/,section.sec>div.wrap>div.intro-body.r>p,אל הספר הזה לוקטו הפוסטים החזקים ביותר מתוך הבלוג ,17,300,False,4.5,"rgb(103,72,45)","rgb(255,255,250)",8.238,PASS,"backdrop-only screenshot (text ink hidden via color:transparent), 4x4 grid sample per element, darkest-vs-lightest kept, WCAG relative-luminance ratio against the worse extreme"
https://eyalamit-co-il-2026.s887.upress.link/books/vekatavta/,section.sec>div.wrap>div.intro-body.r>p,הסיפורים כתובים בז'אנר הספוקן סטוריז -הקורא מרגיש ,17,300,False,4.5,"rgb(103,72,45)","rgb(255,255,250)",8.238,PASS,"backdrop-only screenshot (text ink hidden via color:transparent), 4x4 grid sample per element, darkest-vs-lightest kept, WCAG relative-luminance ratio against the worse extreme"
https://eyalamit-co-il-2026.s887.upress.link/books/vekatavta/,section.sec>div.wrap>div.intro-body.r>p,מתוך אותם סיפורים גם נולד מופע הסיפורים“עכשיו!!! ת,17,300,False,4.5,"rgb(103,72,45)","rgb(255,255,250)",8.238,PASS,"backdrop-only screenshot (text ink hidden via color:transparent), 4x4 grid sample per element, darkest-vs-lightest kept, WCAG relative-luminance ratio against the worse extreme"
https://eyalamit-co-il-2026.s887.upress.link/books/vekatavta/,section.sec>div.wrap>div.intro-body.r>p,"הספר מלא תובנות, חוכמת חיים וניסיון חיים.מתחת לסיפ",17,300,False,4.5,"rgb(103,72,45)","rgb(255,255,250)",8.238,PASS,"backdrop-only screenshot (text ink hidden via color:transparent), 4x4 grid sample per element, darkest-vs-lightest kept, WCAG relative-luminance ratio against the worse extreme"
https://eyalamit-co-il-2026.s887.upress.link/books/vekatavta/,section.sec>div.wrap>div.intro-body.r>p,"זהו ספר שנשאר עם הקורא,וכל מי שקורא אותו - לוקח ממ",17,300,False,4.5,"rgb(103,72,45)","rgb(255,255,250)",8.238,PASS,"backdrop-only screenshot (text ink hidden via color:transparent), 4x4 grid sample per element, darkest-vs-lightest kept, WCAG relative-luminance ratio against the worse extreme"
https://eyalamit-co-il-2026.s887.upress.link/books/vekatavta/,main.chapters-main>section.sec.sec--alt>div.wrap.center>h2.h2.r,גלריה,24.65,400,True,3.0,"rgb(47,32,19)","rgb(239,234,225)",13.11,PASS,"backdrop-only screenshot (text ink hidden via color:transparent), 4x4 grid sample per element, darkest-vs-lightest kept, WCAG relative-luminance ratio against the worse extreme"
https://eyalamit-co-il-2026.s887.upress.link/books/vekatavta/,main.chapters-main>section.sec>div.wrap>h2.h2.r,רכישת הספר,24.65,400,True,3.0,"rgb(47,32,19)","rgb(255,255,250)",15.661,PASS,"backdrop-only screenshot (text ink hidden via color:transparent), 4x4 grid sample per element, darkest-vs-lightest kept, WCAG relative-luminance ratio against the worse extreme"
https://eyalamit-co-il-2026.s887.upress.link/books/vekatavta/,section.sec>div.wrap>div.intro-body.r>p,"""וכתבת"" זמין לרכישה בשתי גרסאות:",17,300,False,4.5,"rgb(103,72,45)","rgb(255,255,250)",8.238,PASS,"backdrop-only screenshot (text ink hidden via color:transparent), 4x4 grid sample per element, darkest-vs-lightest kept, WCAG relative-luminance ratio against the worse extreme"
https://eyalamit-co-il-2026.s887.upress.link/books/vekatavta/,section.sec>div.wrap>div.intro-body.r>p,גרסה מודפסת(לפרטים והזמנה - צרו קשר),17,300,False,4.5,"rgb(103,72,45)","rgb(255,255,250)",8.238,PASS,"backdrop-only screenshot (text ink hidden via color:transparent), 4x4 grid sample per element, darkest-vs-lightest kept, WCAG relative-luminance ratio against the worse extreme"
https://eyalamit-co-il-2026.s887.upress.link/books/vekatavta/,section.sec>div.wrap>div.intro-body.r>p,גרסה דיגיטלית:לרכישת הספר בגרסה דיגיטלית,17,300,False,4.5,"rgb(103,72,45)","rgb(255,255,250)",8.238,PASS,"backdrop-only screenshot (text ink hidden via color:transparent), 4x4 grid sample per element, darkest-vs-lightest kept, WCAG relative-luminance ratio against the worse extreme"
https://eyalamit-co-il-2026.s887.upress.link/books/vekatavta/,div.wrap>div.intro-body.r>p>a.tlink,לרכישת הספר בגרסה דיגיטלית,17,300,False,4.5,"rgb(154,79,43)","rgb(255,255,250)",5.936,PASS,"backdrop-only screenshot (text ink hidden via color:transparent), 4x4 grid sample per element, darkest-vs-lightest kept, WCAG relative-luminance ratio against the worse extreme"
https://eyalamit-co-il-2026.s887.upress.link/books/vekatavta/,section.sec>div.wrap>div.intro-body.r>p,"ספר של 252 עמודים,46 סיפורים אמיתיים מחייו של אייל",17,300,False,4.5,"rgb(103,72,45)","rgb(255,255,250)",8.238,PASS,"backdrop-only screenshot (text ink hidden via color:transparent), 4x4 grid sample per element, darkest-vs-lightest kept, WCAG relative-luminance ratio against the worse extreme"
https://eyalamit-co-il-2026.s887.upress.link/books/vekatavta/,main.chapters-main>section.sec>div.wrap>h2.h2.r,למי הספר מתאים,24.65,400,True,3.0,"rgb(47,32,19)","rgb(255,255,250)",15.661,PASS,"backdrop-only screenshot (text ink hidden via color:transparent), 4x4 grid sample per element, darkest-vs-lightest kept, WCAG relative-luminance ratio against the worse extreme"
https://eyalamit-co-il-2026.s887.upress.link/books/vekatavta/,section.sec>div.wrap>div.intro-body.r>p,הספר הזה מתאים למי שאוהב סיפורים אמיתיים.,17,300,False,4.5,"rgb(103,72,45)","rgb(255,255,250)",8.238,PASS,"backdrop-only screenshot (text ink hidden via color:transparent), 4x4 grid sample per element, darkest-vs-lightest kept, WCAG relative-luminance ratio against the worse extreme"
https://eyalamit-co-il-2026.s887.upress.link/books/vekatavta/,section.sec>div.wrap>div.intro-body.r>p,"למי שמחפש משהו לקרוא שירגיש קרוב, אנושי, לא מתאמץ.",17,300,False,4.5,"rgb(103,72,45)","rgb(255,255,250)",8.238,PASS,"backdrop-only screenshot (text ink hidden via color:transparent), 4x4 grid sample per element, darkest-vs-lightest kept, WCAG relative-luminance ratio against the worse extreme"
https://eyalamit-co-il-2026.s887.upress.link/books/vekatavta/,section.sec>div.wrap>div.intro-body.r>p,"למי שמתחבר לכתיבה בגובה העיניים,ולקול שמדבר ישירות",17,300,False,4.5,"rgb(103,72,45)","rgb(255,255,250)",8.238,PASS,"backdrop-only screenshot (text ink hidden via color:transparent), 4x4 grid sample per element, darkest-vs-lightest kept, WCAG relative-luminance ratio against the worse extreme"
https://eyalamit-co-il-2026.s887.upress.link/books/vekatavta/,section.sec>div.wrap>div.intro-body.r>p,"למי שעובר תקופה של שינוי,או מחפש פרספקטיבה אחרת על",17,300,False,4.5,"rgb(103,72,45)","rgb(255,255,250)",8.238,PASS,"backdrop-only screenshot (text ink hidden via color:transparent), 4x4 grid sample per element, darkest-vs-lightest kept, WCAG relative-luminance ratio against the worse extreme"
https://eyalamit-co-il-2026.s887.upress.link/books/vekatavta/,section.sec>div.wrap>div.intro-body.r>p,"זה גם ספר מצוין לטיסות ולחופשות,כי כל סיפור עומד ב",17,300,False,4.5,"rgb(103,72,45)","rgb(255,255,250)",8.238,PASS,"backdrop-only screenshot (text ink hidden via color:transparent), 4x4 grid sample per element, darkest-vs-lightest kept, WCAG relative-luminance ratio against the worse extreme"
https://eyalamit-co-il-2026.s887.upress.link/books/vekatavta/,section.sec>div.wrap>div.intro-body.r>p,"ולמי שפשוט רוצה לפתוח ספר,ולמצוא את עצמו בין השורו",17,300,False,4.5,"rgb(103,72,45)","rgb(255,255,250)",8.238,PASS,"backdrop-only screenshot (text ink hidden via color:transparent), 4x4 grid sample per element, darkest-vs-lightest kept, WCAG relative-luminance ratio against the worse extreme"
https://eyalamit-co-il-2026.s887.upress.link/books/vekatavta/,main.chapters-main>section.sec>div.wrap>h2.h2.r,על אייל עמית,24.65,400,True,3.0,"rgb(47,32,19)","rgb(255,255,250)",15.661,PASS,"backdrop-only screenshot (text ink hidden via color:transparent), 4x4 grid sample per element, darkest-vs-lightest kept, WCAG relative-luminance ratio against the worse extreme"
https://eyalamit-co-il-2026.s887.upress.link/books/vekatavta/,section.sec>div.wrap>div.intro-body.r>p,אייל עמית הוא מטפל ומורה לנשימה באמצעות דיג'רידוומ,17,300,False,4.5,"rgb(103,72,45)","rgb(255,255,250)",8.238,PASS,"backdrop-only screenshot (text ink hidden via color:transparent), 4x4 grid sample per element, darkest-vs-lightest kept, WCAG relative-luminance ratio against the worse extreme"
https://eyalamit-co-il-2026.s887.upress.link/books/vekatavta/,div.wrap>div.intro-body.r>p>a.tlink,לעמוד אייל עמית,17,300,False,4.5,"rgb(154,79,43)","rgb(255,255,250)",5.936,PASS,"backdrop-only screenshot (text ink hidden via color:transparent), 4x4 grid sample per element, darkest-vs-lightest kept, WCAG relative-luminance ratio against the worse extreme"
https://eyalamit-co-il-2026.s887.upress.link/books/vekatavta/,section.sec>div.wrap>div.intro-body.r>p,אייל עמית כותב מתוך החיים.,17,300,False,4.5,"rgb(103,72,45)","rgb(255,255,250)",8.238,PASS,"backdrop-only screenshot (text ink hidden via color:transparent), 4x4 grid sample per element, darkest-vs-lightest kept, WCAG relative-luminance ratio against the worse extreme"
https://eyalamit-co-il-2026.s887.upress.link/books/vekatavta/,section.sec>div.wrap>div.intro-body.r>p,"לא מתוך תיאוריה, לא מתוך רעיונות מופשטים,אלא מתוך ",17,300,False,4.5,"rgb(103,72,45)","rgb(255,255,250)",8.238,PASS,"backdrop-only screenshot (text ink hidden via color:transparent), 4x4 grid sample per element, darkest-vs-lightest kept, WCAG relative-luminance ratio against the worse extreme"
https://eyalamit-co-il-2026.s887.upress.link/books/vekatavta/,section.sec>div.wrap>div.intro-body.r>p,הכתיבה שלו התחילה מתוך רגע אחד מאוד קונקרטי.שוד בב,17,300,False,4.5,"rgb(103,72,45)","rgb(255,255,250)",8.238,PASS,"backdrop-only screenshot (text ink hidden via color:transparent), 4x4 grid sample per element, darkest-vs-lightest kept, WCAG relative-luminance ratio against the worse extreme"
https://eyalamit-co-il-2026.s887.upress.link/books/vekatavta/,section.sec>div.wrap>div.intro-body.r>p,"שלושה ימים הוא לא יצא מהחדר במלון.היה לבד, ובלי דר",17,300,False,4.5,"rgb(103,72,45)","rgb(255,255,250)",8.238,PASS,"backdrop-only screenshot (text ink hidden via color:transparent), 4x4 grid sample per element, darkest-vs-lightest kept, WCAG relative-luminance ratio against the worse extreme"
https://eyalamit-co-il-2026.s887.upress.link/books/vekatavta/,section.sec>div.wrap>div.intro-body.r>p,זה היה סוג של תרפיה.כך נולד הסיפור הראשון - הסיפור,17,300,False,4.5,"rgb(103,72,45)","rgb(255,255,250)",8.238,PASS,"backdrop-only screenshot (text ink hidden via color:transparent), 4x4 grid sample per element, darkest-vs-lightest kept, WCAG relative-luminance ratio against the worse extreme"
https://eyalamit-co-il-2026.s887.upress.link/books/vekatavta/,section.sec>div.wrap>div.intro-body.r>p,"אחרי הסיפור הזה נולדו עוד ועוד סיפורים,שנכתבו לאור",17,300,False,4.5,"rgb(103,72,45)","rgb(255,255,250)",8.238,PASS,"backdrop-only screenshot (text ink hidden via color:transparent), 4x4 grid sample per element, darkest-vs-lightest kept, WCAG relative-luminance ratio against the worse extreme"
https://eyalamit-co-il-2026.s887.upress.link/books/vekatavta/,section.sec>div.wrap>div.intro-body.r>p,"""וכתבת"" - מלשון ""ואהבת"".כתיבה שמגיעה מתוך החיים, ב",17,300,False,4.5,"rgb(103,72,45)","rgb(255,255,250)",8.238,PASS,"backdrop-only screenshot (text ink hidden via color:transparent), 4x4 grid sample per element, darkest-vs-lightest kept, WCAG relative-luminance ratio against the worse extreme"
https://eyalamit-co-il-2026.s887.upress.link/books/vekatavta/,section.sec>div.wrap>div.intro-body.r>p,"אם הגעת עד כאן,כנראה שזה לא סתם.",17,300,False,4.5,"rgb(103,72,45)","rgb(255,255,250)",8.238,PASS,"backdrop-only screenshot (text ink hidden via color:transparent), 4x4 grid sample per element, darkest-vs-lightest kept, WCAG relative-luminance ratio against the worse extreme"
https://eyalamit-co-il-2026.s887.upress.link/books/vekatavta/,section.cta-band.cta-band--row>div.cta-band__in>div.cta-band__act.r>a.btn.btn--terra,לרכישת הספר,15.3,500,False,4.5,"rgb(255,255,255)","rgb(176,95,56)",4.626,PASS,"backdrop-only screenshot (text ink hidden via color:transparent), 4x4 grid sample per element, darkest-vs-lightest kept, WCAG relative-luminance ratio against the worse extreme"
https://eyalamit-co-il-2026.s887.upress.link/books/vekatavta/,main.chapters-main>section.ea-faq-list.ea-faq-list--view-only>div.ea-faq-list__inner>h2.h2.r,שאלות ותשובות,24.65,400,True,3.0,"rgb(47,32,19)","rgb(255,255,250)",15.661,PASS,"backdrop-only screenshot (text ink hidden via color:transparent), 4x4 grid sample per element, darkest-vs-lightest kept, WCAG relative-luminance ratio against the worse extreme"
https://eyalamit-co-il-2026.s887.upress.link/books/vekatavta/,div.ea-faq-list__inner>div.ea-faq-category>details.ea-faq-item.ea-entrance>summary.ea-faq-item__question,האם צריך לקרוא את הספר ברצף?,17,500,False,4.5,"rgb(47,32,19)","rgb(255,255,250)",15.661,PASS,"backdrop-only screenshot (text ink hidden via color:transparent), 4x4 grid sample per element, darkest-vs-lightest kept, WCAG relative-luminance ratio against the worse extreme"
https://eyalamit-co-il-2026.s887.upress.link/books/vekatavta/,div.ea-faq-category>details.ea-faq-item.ea-entrance>div.ea-faq-item__answer>p,"לא. הספר בנוי מסיפורים קצרים, וכל סיפור עומד בפני ",17,300,False,4.5,"rgb(138,90,68)","rgb(255,255,250)",5.773,PASS,"backdrop-only screenshot (text ink hidden via color:transparent), 4x4 grid sample per element, darkest-vs-lightest kept, WCAG relative-luminance ratio against the worse extreme"
https://eyalamit-co-il-2026.s887.upress.link/books/vekatavta/,div.ea-faq-list__inner>div.ea-faq-category>details.ea-faq-item.ea-entrance>summary.ea-faq-item__question,האם כל הסיפורים אמיתיים?,17,500,False,4.5,"rgb(47,32,19)","rgb(255,255,250)",15.661,PASS,"backdrop-only screenshot (text ink hidden via color:transparent), 4x4 grid sample per element, darkest-vs-lightest kept, WCAG relative-luminance ratio against the worse extreme"
https://eyalamit-co-il-2026.s887.upress.link/books/vekatavta/,div.ea-faq-category>details.ea-faq-item.ea-entrance>div.ea-faq-item__answer>p,כן. כל הסיפורים מבוססים על אירועים אמיתיים מחייו ש,17,300,False,4.5,"rgb(138,90,68)","rgb(255,255,250)",5.773,PASS,"backdrop-only screenshot (text ink hidden via color:transparent), 4x4 grid sample per element, darkest-vs-lightest kept, WCAG relative-luminance ratio against the worse extreme"
https://eyalamit-co-il-2026.s887.upress.link/books/vekatavta/,div.ea-faq-list__inner>div.ea-faq-category>details.ea-faq-item.ea-entrance>summary.ea-faq-item__question,כמה סיפורים יש בספר?,17,500,False,4.5,"rgb(47,32,19)","rgb(255,255,250)",15.661,PASS,"backdrop-only screenshot (text ink hidden via color:transparent), 4x4 grid sample per element, darkest-vs-lightest kept, WCAG relative-luminance ratio against the worse extreme"
https://eyalamit-co-il-2026.s887.upress.link/books/vekatavta/,div.ea-faq-category>details.ea-faq-item.ea-entrance>div.ea-faq-item__answer>p,46 סיפורים קצרים.,17,300,False,4.5,"rgb(138,90,68)","rgb(255,255,250)",5.773,PASS,"backdrop-only screenshot (text ink hidden via color:transparent), 4x4 grid sample per element, darkest-vs-lightest kept, WCAG relative-luminance ratio against the worse extreme"
https://eyalamit-co-il-2026.s887.upress.link/books/vekatavta/,div.ea-faq-list__inner>div.ea-faq-category>details.ea-faq-item.ea-entrance>summary.ea-faq-item__question,כמה עמודים יש בספר?,17,500,False,4.5,"rgb(47,32,19)","rgb(255,255,250)",15.661,PASS,"backdrop-only screenshot (text ink hidden via color:transparent), 4x4 grid sample per element, darkest-vs-lightest kept, WCAG relative-luminance ratio against the worse extreme"
https://eyalamit-co-il-2026.s887.upress.link/books/vekatavta/,div.ea-faq-category>details.ea-faq-item.ea-entrance>div.ea-faq-item__answer>p,252 עמודים.,17,300,False,4.5,"rgb(138,90,68)","rgb(255,255,250)",5.773,PASS,"backdrop-only screenshot (text ink hidden via color:transparent), 4x4 grid sample per element, darkest-vs-lightest kept, WCAG relative-luminance ratio against the worse extreme"
https://eyalamit-co-il-2026.s887.upress.link/books/vekatavta/,div.ea-faq-list__inner>div.ea-faq-category>details.ea-faq-item.ea-entrance>summary.ea-faq-item__question,האם הספר מתאים גם לקריאה קצרה?,17,500,False,4.5,"rgb(47,32,19)","rgb(255,255,250)",15.661,PASS,"backdrop-only screenshot (text ink hidden via color:transparent), 4x4 grid sample per element, darkest-vs-lightest kept, WCAG relative-luminance ratio against the worse extreme"
https://eyalamit-co-il-2026.s887.upress.link/books/vekatavta/,div.ea-faq-category>details.ea-faq-item.ea-entrance>div.ea-faq-item__answer>p,"כן. בגלל המבנה שלו, הוא מתאים מאוד לקריאה בטיסות, ",17,300,False,4.5,"rgb(138,90,68)","rgb(255,255,250)",5.773,PASS,"backdrop-only screenshot (text ink hidden via color:transparent), 4x4 grid sample per element, darkest-vs-lightest kept, WCAG relative-luminance ratio against the worse extreme"
https://eyalamit-co-il-2026.s887.upress.link/books/vekatavta/,div.ea-faq-list__inner>div.ea-faq-category>details.ea-faq-item.ea-entrance>summary.ea-faq-item__question,מה זה ספוקן סטוריז?,17,500,False,4.5,"rgb(47,32,19)","rgb(255,255,250)",15.661,PASS,"backdrop-only screenshot (text ink hidden via color:transparent), 4x4 grid sample per element, darkest-vs-lightest kept, WCAG relative-luminance ratio against the worse extreme"
https://eyalamit-co-il-2026.s887.upress.link/books/vekatavta/,div.ea-faq-category>details.ea-faq-item.ea-entrance>div.ea-faq-item__answer>p,זה סגנון כתיבה שבו הסיפור מרגיש כאילו הוא מסופר בע,17,300,False,4.5,"rgb(138,90,68)","rgb(255,255,250)",5.773,PASS,"backdrop-only screenshot (text ink hidden via color:transparent), 4x4 grid sample per element, darkest-vs-lightest kept, WCAG relative-luminance ratio against the worse extreme"
https://eyalamit-co-il-2026.s887.upress.link/books/vekatavta/,div.ea-faq-list__inner>div.ea-faq-category>details.ea-faq-item.ea-entrance>summary.ea-faq-item__question,יש גם תוכן נוסף מעבר לספר?,17,500,False,4.5,"rgb(47,32,19)","rgb(255,255,250)",15.661,PASS,"backdrop-only screenshot (text ink hidden via color:transparent), 4x4 grid sample per element, darkest-vs-lightest kept, WCAG relative-luminance ratio against the worse extreme"
https://eyalamit-co-il-2026.s887.upress.link/books/vekatavta/,div.ea-faq-category>details.ea-faq-item.ea-entrance>div.ea-faq-item__answer>p,"כן. בסיום כל סיפור יש קוד QR שמוביל להמשך, וידאו א",17,300,False,4.5,"rgb(138,90,68)","rgb(255,255,250)",5.773,PASS,"backdrop-only screenshot (text ink hidden via color:transparent), 4x4 grid sample per element, darkest-vs-lightest kept, WCAG relative-luminance ratio against the worse extreme"
https://eyalamit-co-il-2026.s887.upress.link/books/vekatavta/,main.chapters-main>section.sec>div.wrap>h2.h2.r,כתבות מהעיתונות,24.65,400,True,3.0,"rgb(47,32,19)","rgb(255,255,250)",15.661,PASS,"backdrop-only screenshot (text ink hidden via color:transparent), 4x4 grid sample per element, darkest-vs-lightest kept, WCAG relative-luminance ratio against the worse extreme"
https://eyalamit-co-il-2026.s887.upress.link/books/vekatavta/,section.sec>div.wrap>div.intro-body.r>p,כתבות וראיונות על אייל עמית והספר (יתווספו בהמשך).,17,300,False,4.5,"rgb(103,72,45)","rgb(255,255,250)",8.238,PASS,"backdrop-only screenshot (text ink hidden via color:transparent), 4x4 grid sample per element, darkest-vs-lightest kept, WCAG relative-luminance ratio against the worse extreme"
https://eyalamit-co-il-2026.s887.upress.link/eyal-amit/,nav.nav>ul.nav__l>li>a.nav__dd,טיפול בדיג׳רידו▾,18.36,400,False,4.5,"rgb(255,255,255) a=0.82","rgb(114,105,89)",4.262,FAIL,"backdrop-only screenshot (text ink hidden via color:transparent), 4x4 grid sample per element, darkest-vs-lightest kept, WCAG relative-luminance ratio against the worse extreme"
https://eyalamit-co-il-2026.s887.upress.link/eyal-amit/,ul.nav__l>li>a.nav__dd>span.nav__caret,▾,11.02,400,False,4.5,"rgb(255,255,255) a=0.82","rgb(80,88,82)",5.594,PASS,"backdrop-only screenshot (text ink hidden via color:transparent), 4x4 grid sample per element, darkest-vs-lightest kept, WCAG relative-luminance ratio against the worse extreme"
https://eyalamit-co-il-2026.s887.upress.link/eyal-amit/,nav.nav>ul.nav__l>li>a,השיטה,18.36,400,False,4.5,"rgb(255,255,255) a=0.82","rgb(103,86,65)",5.38,PASS,"backdrop-only screenshot (text ink hidden via color:transparent), 4x4 grid sample per element, darkest-vs-lightest kept, WCAG relative-luminance ratio against the worse extreme"
https://eyalamit-co-il-2026.s887.upress.link/eyal-amit/,nav.nav>ul.nav__l>li>a,שיעורי דיג׳רידו,18.36,400,False,4.5,"rgb(255,255,255) a=0.82","rgb(95,89,74)",5.335,PASS,"backdrop-only screenshot (text ink hidden via color:transparent), 4x4 grid sample per element, darkest-vs-lightest kept, WCAG relative-luminance ratio against the worse extreme"
https://eyalamit-co-il-2026.s887.upress.link/eyal-amit/,nav.nav>ul.nav__l>li>a,סאונד הילינג,18.36,400,False,4.5,"rgb(255,255,255) a=0.82","rgb(11,65,58)",8.257,PASS,"backdrop-only screenshot (text ink hidden via color:transparent), 4x4 grid sample per element, darkest-vs-lightest kept, WCAG relative-luminance ratio against the worse extreme"
https://eyalamit-co-il-2026.s887.upress.link/eyal-amit/,nav.nav>ul.nav__l>li>button.nav__dd,לימוד והכשרה▾,18.36,400,False,4.5,"rgb(255,255,255) a=0.82","rgb(93,81,66)",5.843,PASS,"backdrop-only screenshot (text ink hidden via color:transparent), 4x4 grid sample per element, darkest-vs-lightest kept, WCAG relative-luminance ratio against the worse extreme"
https://eyalamit-co-il-2026.s887.upress.link/eyal-amit/,ul.nav__l>li>button.nav__dd>span.nav__caret,▾,11.02,400,False,4.5,"rgb(255,255,255) a=0.82","rgb(74,59,37)",7.881,PASS,"backdrop-only screenshot (text ink hidden via color:transparent), 4x4 grid sample per element, darkest-vs-lightest kept, WCAG relative-luminance ratio against the worse extreme"
https://eyalamit-co-il-2026.s887.upress.link/eyal-amit/,nav.nav>ul.nav__l>li>a.nav__dd,כלים ואביזרים▾,18.36,400,False,4.5,"rgb(255,255,255) a=0.82","rgb(86,76,56)",6.332,PASS,"backdrop-only screenshot (text ink hidden via color:transparent), 4x4 grid sample per element, darkest-vs-lightest kept, WCAG relative-luminance ratio against the worse extreme"
https://eyalamit-co-il-2026.s887.upress.link/eyal-amit/,ul.nav__l>li>a.nav__dd>span.nav__caret,▾,11.02,400,False,4.5,"rgb(255,255,255) a=0.82","rgb(45,47,19)",9.751,PASS,"backdrop-only screenshot (text ink hidden via color:transparent), 4x4 grid sample per element, darkest-vs-lightest kept, WCAG relative-luminance ratio against the worse extreme"
https://eyalamit-co-il-2026.s887.upress.link/eyal-amit/,nav.nav>ul.nav__l>li>a.nav__dd,ספרים▾,18.36,400,False,4.5,"rgb(255,255,255) a=0.82","rgb(103,98,84)",4.729,PASS,"backdrop-only screenshot (text ink hidden via color:transparent), 4x4 grid sample per element, darkest-vs-lightest kept, WCAG relative-luminance ratio against the worse extreme"
https://eyalamit-co-il-2026.s887.upress.link/eyal-amit/,ul.nav__l>li>a.nav__dd>span.nav__caret,▾,11.02,400,False,4.5,"rgb(255,255,255) a=0.82","rgb(52,51,29)",9.178,PASS,"backdrop-only screenshot (text ink hidden via color:transparent), 4x4 grid sample per element, darkest-vs-lightest kept, WCAG relative-luminance ratio against the worse extreme"
https://eyalamit-co-il-2026.s887.upress.link/eyal-amit/,nav.nav>ul.nav__l>li>a,בלוג דיג׳רידו,18.36,400,False,4.5,"rgb(255,255,255) a=0.82","rgb(81,51,17)",8.282,PASS,"backdrop-only screenshot (text ink hidden via color:transparent), 4x4 grid sample per element, darkest-vs-lightest kept, WCAG relative-luminance ratio against the worse extreme"
https://eyalamit-co-il-2026.s887.upress.link/eyal-amit/,nav.nav>ul.nav__l>li>button.nav__dd,אייל עמית▾,18.36,400,False,4.5,"rgb(255,255,255) a=0.82","rgb(95,86,62)",5.542,PASS,"backdrop-only screenshot (text ink hidden via color:transparent), 4x4 grid sample per element, darkest-vs-lightest kept, WCAG relative-luminance ratio against the worse extreme"
https://eyalamit-co-il-2026.s887.upress.link/eyal-amit/,ul.nav__l>li>button.nav__dd>span.nav__caret,▾,11.02,400,False,4.5,"rgb(255,255,255) a=0.82","rgb(50,29,9)",11.08,PASS,"backdrop-only screenshot (text ink hidden via color:transparent), 4x4 grid sample per element, darkest-vs-lightest kept, WCAG relative-luminance ratio against the worse extreme"
https://eyalamit-co-il-2026.s887.upress.link/eyal-amit/,nav.nav>ul.nav__l>li>a,צור קשר,18.36,400,False,4.5,"rgb(255,255,255) a=0.82","rgb(85,72,54)",6.617,PASS,"backdrop-only screenshot (text ink hidden via color:transparent), 4x4 grid sample per element, darkest-vs-lightest kept, WCAG relative-luminance ratio against the worse extreme"
https://eyalamit-co-il-2026.s887.upress.link/eyal-amit/,body.rtl.wp-singular>nav.nav>div.nav__r>a.nav__en,EN,12.24,300,False,4.5,"rgb(255,255,255) a=0.85","rgb(93,91,62)",5.558,PASS,"backdrop-only screenshot (text ink hidden via color:transparent), 4x4 grid sample per element, darkest-vs-lightest kept, WCAG relative-luminance ratio against the worse extreme"
https://eyalamit-co-il-2026.s887.upress.link/eyal-amit/,main.chapters-main>header.phero.phero--media>div.phero__in>h1.phero__h,אייל עמית,44.2,300,True,3.0,"rgb(255,255,255)","rgb(124,121,106)",4.375,PASS,"backdrop-only screenshot (text ink hidden via color:transparent), 4x4 grid sample per element, darkest-vs-lightest kept, WCAG relative-luminance ratio against the worse extreme"
https://eyalamit-co-il-2026.s887.upress.link/eyal-amit/,main.chapters-main>header.phero.phero--media>div.phero__in>p.phero__s,"מאז 1999 אני עוסק בדיג'רידו, בנשימה, בהוראה, בטיפו",19.55,300,False,4.5,"rgb(255,255,255) a=0.86","rgb(99,76,61)",6.422,PASS,"backdrop-only screenshot (text ink hidden via color:transparent), 4x4 grid sample per element, darkest-vs-lightest kept, WCAG relative-luminance ratio against the worse extreme"
https://eyalamit-co-il-2026.s887.upress.link/eyal-amit/,header.phero.phero--media>div.phero__in>p.phero__cta>a.btn.btn--gw,לתיאום שיחת היכרות,15.3,500,False,4.5,"rgb(255,255,255)","rgb(49,44,39)",13.814,PASS,"backdrop-only screenshot (text ink hidden via color:transparent), 4x4 grid sample per element, darkest-vs-lightest kept, WCAG relative-luminance ratio against the worse extreme"
https://eyalamit-co-il-2026.s887.upress.link/eyal-amit/,section.sec>div.wrap>div.intro-body.r>p,"מייסד שיטת cbDIDG, מורה לדיג'רידו, מטפל בנשימה באמ",17,300,False,4.5,"rgb(103,72,45)","rgb(255,255,250)",8.238,PASS,"backdrop-only screenshot (text ink hidden via color:transparent), 4x4 grid sample per element, darkest-vs-lightest kept, WCAG relative-luminance ratio against the worse extreme"
https://eyalamit-co-il-2026.s887.upress.link/eyal-amit/,div.wrap>div.intro-body.r>p>a.tlink,cbDIDG,17,300,False,4.5,"rgb(154,79,43)","rgb(255,255,250)",5.936,PASS,"backdrop-only screenshot (text ink hidden via color:transparent), 4x4 grid sample per element, darkest-vs-lightest kept, WCAG relative-luminance ratio against the worse extreme"
https://eyalamit-co-il-2026.s887.upress.link/eyal-amit/,main.chapters-main>section.sec>div.wrap>h2.h2.r,המסע שלי התחיל הרבה לפני הדיג'רידו,24.65,400,True,3.0,"rgb(47,32,19)","rgb(255,255,250)",15.661,PASS,"backdrop-only screenshot (text ink hidden via color:transparent), 4x4 grid sample per element, darkest-vs-lightest kept, WCAG relative-luminance ratio against the worse extreme"
https://eyalamit-co-il-2026.s887.upress.link/eyal-amit/,section.sec>div.wrap>div.intro-body.r>p,נולדתי וגדלתי בגבעתיים. בהכשרתי אני מהנדס אלקטרוני,17,300,False,4.5,"rgb(103,72,45)","rgb(255,255,250)",8.238,PASS,"backdrop-only screenshot (text ink hidden via color:transparent), 4x4 grid sample per element, darkest-vs-lightest kept, WCAG relative-luminance ratio against the worse extreme"
https://eyalamit-co-il-2026.s887.upress.link/eyal-amit/,section.sec>div.wrap>div.intro-body.r>p,בגיל 12 עברתי אירוע שטלטל את החיים שלי. הבניין שבו,17,300,False,4.5,"rgb(103,72,45)","rgb(255,255,250)",8.238,PASS,"backdrop-only screenshot (text ink hidden via color:transparent), 4x4 grid sample per element, darkest-vs-lightest kept, WCAG relative-luminance ratio against the worse extreme"
https://eyalamit-co-il-2026.s887.upress.link/eyal-amit/,section.sec>div.wrap>div.intro-body.r>p,חיפשתי דרך להבין מה קרה לנשימה שלי ואיך אפשר להשפי,17,300,False,4.5,"rgb(103,72,45)","rgb(255,255,250)",8.238,PASS,"backdrop-only screenshot (text ink hidden via color:transparent), 4x4 grid sample per element, darkest-vs-lightest kept, WCAG relative-luminance ratio against the worse extreme"
https://eyalamit-co-il-2026.s887.upress.link/eyal-amit/,main.chapters-main>section.sec>div.wrap>h2.h2.r,המפגש עם הדיג'רידו,24.65,400,True,3.0,"rgb(47,32,19)","rgb(255,255,250)",15.661,PASS,"backdrop-only screenshot (text ink hidden via color:transparent), 4x4 grid sample per element, darkest-vs-lightest kept, WCAG relative-luminance ratio against the worse extreme"
https://eyalamit-co-il-2026.s887.upress.link/eyal-amit/,section.sec>div.wrap>div.intro-body.r>p,בשנת 1999 פגשתי לראשונה את הדיג'רידו. הצליל העמוק ,17,300,False,4.5,"rgb(103,72,45)","rgb(255,255,250)",8.238,PASS,"backdrop-only screenshot (text ink hidden via color:transparent), 4x4 grid sample per element, darkest-vs-lightest kept, WCAG relative-luminance ratio against the worse extreme"
https://eyalamit-co-il-2026.s887.upress.link/eyal-amit/,section.sec>div.wrap>div.intro-body.r>p,"התחלתי ללמוד לנגן, ובהדרגה גיליתי שהכלי הזה דורש מ",17,300,False,4.5,"rgb(103,72,45)","rgb(255,255,250)",8.238,PASS,"backdrop-only screenshot (text ink hidden via color:transparent), 4x4 grid sample per element, darkest-vs-lightest kept, WCAG relative-luminance ratio against the worse extreme"
https://eyalamit-co-il-2026.s887.upress.link/eyal-amit/,section.sec>div.wrap>div.intro-body.r>p,"ככל שהעמקתי בנגינה, השתנתה גם מערכת היחסים שלי עם ",17,300,False,4.5,"rgb(103,72,45)","rgb(255,255,250)",8.238,PASS,"backdrop-only screenshot (text ink hidden via color:transparent), 4x4 grid sample per element, darkest-vs-lightest kept, WCAG relative-luminance ratio against the worse extreme"
https://eyalamit-co-il-2026.s887.upress.link/eyal-amit/,div.wrap>div.intro-body.r>p>strong,הדיג'רידו לא רק לימד אותי לנגן.הוא לימד אותי לנשום,17,700,False,4.5,"rgb(103,72,45)","rgb(255,255,250)",8.238,PASS,"backdrop-only screenshot (text ink hidden via color:transparent), 4x4 grid sample per element, darkest-vs-lightest kept, WCAG relative-luminance ratio against the worse extreme"
https://eyalamit-co-il-2026.s887.upress.link/eyal-amit/,main.chapters-main>section.sec>div.wrap>h2.h2.r,מהנדס אלקטרוניקה שפגש כלי נשימה עתיק,24.65,400,True,3.0,"rgb(47,32,19)","rgb(255,255,250)",15.661,PASS,"backdrop-only screenshot (text ink hidden via color:transparent), 4x4 grid sample per element, darkest-vs-lightest kept, WCAG relative-luminance ratio against the worse extreme"
https://eyalamit-co-il-2026.s887.upress.link/eyal-amit/,section.sec>div.wrap>div.intro-body.r>p,"על פניו, הנדסת אלקטרוניקה ודיג'רידו הם שני עולמות ",17,300,False,4.5,"rgb(103,72,45)","rgb(255,255,250)",8.238,PASS,"backdrop-only screenshot (text ink hidden via color:transparent), 4x4 grid sample per element, darkest-vs-lightest kept, WCAG relative-luminance ratio against the worse extreme"
https://eyalamit-co-il-2026.s887.upress.link/eyal-amit/,section.sec>div.wrap>div.intro-body.r>p,"דיג'רידו איכותי הוא מערכת אקוסטית. אורך הכלי, המבנ",17,300,False,4.5,"rgb(103,72,45)","rgb(255,255,250)",8.238,PASS,"backdrop-only screenshot (text ink hidden via color:transparent), 4x4 grid sample per element, darkest-vs-lightest kept, WCAG relative-luminance ratio against the worse extreme"
https://eyalamit-co-il-2026.s887.upress.link/eyal-amit/,section.sec>div.wrap>div.intro-body.r>p,"במקביל העמקתי לאורך השנים ביוגה, מיינדפולנס, טאי צ",17,300,False,4.5,"rgb(103,72,45)","rgb(255,255,250)",8.238,PASS,"backdrop-only screenshot (text ink hidden via color:transparent), 4x4 grid sample per element, darkest-vs-lightest kept, WCAG relative-luminance ratio against the worse extreme"
https://eyalamit-co-il-2026.s887.upress.link/eyal-amit/,div.wrap>div.split2>div.r.in>h2.h2,המורים שעיצבו את הדרך,24.65,400,True,3.0,"rgb(47,32,19)","rgb(255,255,250)",15.661,PASS,"backdrop-only screenshot (text ink hidden via color:transparent), 4x4 grid sample per element, darkest-vs-lightest kept, WCAG relative-luminance ratio against the worse extreme"
https://eyalamit-co-il-2026.s887.upress.link/eyal-amit/,div.split2>div.r.in>div.intro-body>p,"לאורך השנים זכיתי ללמוד ממורים משמעותיים, שכל אחד ",17,300,False,4.5,"rgb(103,72,45)","rgb(255,255,250)",8.238,PASS,"backdrop-only screenshot (text ink hidden via color:transparent), 4x4 grid sample per element, darkest-vs-lightest kept, WCAG relative-luminance ratio against the worse extreme"
https://eyalamit-co-il-2026.s887.upress.link/eyal-amit/,div.split2>div.r.in>div.intro-body>p,"המורה המרכזי בחיי היה מוקש דהימן, מאסטר דיג'רידו מ",17,300,False,4.5,"rgb(103,72,45)","rgb(255,255,250)",8.238,PASS,"backdrop-only screenshot (text ink hidden via color:transparent), 4x4 grid sample per element, darkest-vs-lightest kept, WCAG relative-luminance ratio against the worse extreme"
https://eyalamit-co-il-2026.s887.upress.link/eyal-amit/,div.r.in>div.intro-body>p>a.tlink,מוקש דהימן,17,300,False,4.5,"rgb(154,79,43)","rgb(255,255,250)",5.936,PASS,"backdrop-only screenshot (text ink hidden via color:transparent), 4x4 grid sample per element, darkest-vs-lightest kept, WCAG relative-luminance ratio against the worse extreme"
https://eyalamit-co-il-2026.s887.upress.link/eyal-amit/,div.split2>div.r.in>div.intro-body>p,"לצד מוקש למדתי מיורם סיון, מחלוצי תחום הדיג'רידו ב",17,300,False,4.5,"rgb(103,72,45)","rgb(255,255,250)",8.238,PASS,"backdrop-only screenshot (text ink hidden via color:transparent), 4x4 grid sample per element, darkest-vs-lightest kept, WCAG relative-luminance ratio against the worse extreme"
https://eyalamit-co-il-2026.s887.upress.link/eyal-amit/,div.split2>div.r.in>div.intro-body>p,כל המפגשים האלה נכנסו עם השנים אל אותה מעבדה אישית,17,300,False,4.5,"rgb(103,72,45)","rgb(255,255,250)",8.238,PASS,"backdrop-only screenshot (text ink hidden via color:transparent), 4x4 grid sample per element, darkest-vs-lightest kept, WCAG relative-luminance ratio against the worse extreme"
https://eyalamit-co-il-2026.s887.upress.link/eyal-amit/,main.chapters-main>section.sec>div.wrap>h2.h2.r,הדיג' שנגנב והחיים ששינו כיוון,24.65,400,True,3.0,"rgb(47,32,19)","rgb(255,255,250)",15.661,PASS,"backdrop-only screenshot (text ink hidden via color:transparent), 4x4 grid sample per element, darkest-vs-lightest kept, WCAG relative-luminance ratio against the worse extreme"
https://eyalamit-co-il-2026.s887.upress.link/eyal-amit/,section.sec>div.wrap>div.intro-body.r>p,בשנת 2003 נסעתי שוב להודו לפגוש את מוקש. במשך חודש,17,300,False,4.5,"rgb(103,72,45)","rgb(255,255,250)",8.238,PASS,"backdrop-only screenshot (text ink hidden via color:transparent), 4x4 grid sample per element, darkest-vs-lightest kept, WCAG relative-luminance ratio against the worse extreme"
https://eyalamit-co-il-2026.s887.upress.link/eyal-amit/,section.sec>div.wrap>div.intro-body.r>p,"כשנחתתי בארץ, הדיג'רידו לא הגיע. הוא נעלם בדרך.",17,300,False,4.5,"rgb(103,72,45)","rgb(255,255,250)",8.238,PASS,"backdrop-only screenshot (text ink hidden via color:transparent), 4x4 grid sample per element, darkest-vs-lightest kept, WCAG relative-luminance ratio against the worse extreme"
https://eyalamit-co-il-2026.s887.upress.link/eyal-amit/,section.sec>div.wrap>div.intro-body.r>p,אחרי כמה ימים של אכזבה גדולה החלטתי לשחרר אותו. וב,17,300,False,4.5,"rgb(103,72,45)","rgb(255,255,250)",8.238,PASS,"backdrop-only screenshot (text ink hidden via color:transparent), 4x4 grid sample per element, darkest-vs-lightest kept, WCAG relative-luminance ratio against the worse extreme"
https://eyalamit-co-il-2026.s887.upress.link/eyal-amit/,section.sec>div.wrap>div.intro-body.r>p,"בדיעבד, הדיג' שנגנב היה אחד הרגעים שפתחו את הדרך ה",17,300,False,4.5,"rgb(103,72,45)","rgb(255,255,250)",8.238,PASS,"backdrop-only screenshot (text ink hidden via color:transparent), 4x4 grid sample per element, darkest-vs-lightest kept, WCAG relative-luminance ratio against the worse extreme"
https://eyalamit-co-il-2026.s887.upress.link/eyal-amit/,div.wrap>div.intro-body.r>p>strong,לפעמים דווקא משהו שנעלם עוזר להבין מה צריך להישאר.,17,700,False,4.5,"rgb(103,72,45)","rgb(255,255,250)",8.238,PASS,"backdrop-only screenshot (text ink hidden via color:transparent), 4x4 grid sample per element, darkest-vs-lightest kept, WCAG relative-luminance ratio against the worse extreme"
https://eyalamit-co-il-2026.s887.upress.link/eyal-amit/,main.chapters-main>section.sec>div.wrap>h2.h2.r,הדיג'רידו ככלי נשימה,24.65,400,True,3.0,"rgb(47,32,19)","rgb(255,255,250)",15.661,PASS,"backdrop-only screenshot (text ink hidden via color:transparent), 4x4 grid sample per element, darkest-vs-lightest kept, WCAG relative-luminance ratio against the worse extreme"
https://eyalamit-co-il-2026.s887.upress.link/eyal-amit/,section.sec>div.wrap>div.intro-body.r>p,דיג'רידו הוא כלי נשיפה עתיק המזוהה עם התרבות האבור,17,300,False,4.5,"rgb(103,72,45)","rgb(255,255,250)",8.238,PASS,"backdrop-only screenshot (text ink hidden via color:transparent), 4x4 grid sample per element, darkest-vs-lightest kept, WCAG relative-luminance ratio against the worse extreme"
https://eyalamit-co-il-2026.s887.upress.link/eyal-amit/,section.sec>div.wrap>div.intro-body.r>p,"הכלי מגיב מיד לאופן שבו האדם נושף, ללחץ שהוא מפעיל",17,300,False,4.5,"rgb(103,72,45)","rgb(255,255,250)",8.238,PASS,"backdrop-only screenshot (text ink hidden via color:transparent), 4x4 grid sample per element, darkest-vs-lightest kept, WCAG relative-luminance ratio against the worse extreme"
https://eyalamit-co-il-2026.s887.upress.link/eyal-amit/,div.wrap>div.intro-body.r>p>strong,"במובן הזה, הדיג'רידו משקף לאדם את הנשימה שלו בזמן ",17,700,False,4.5,"rgb(103,72,45)","rgb(255,255,250)",8.238,PASS,"backdrop-only screenshot (text ink hidden via color:transparent), 4x4 grid sample per element, darkest-vs-lightest kept, WCAG relative-luminance ratio against the worse extreme"
https://eyalamit-co-il-2026.s887.upress.link/eyal-amit/,section.sec>div.wrap>div.intro-body.r>p,זו גם אחת הסיבות שאני אוהב לעבוד איתו. הוא לא מאפש,17,300,False,4.5,"rgb(103,72,45)","rgb(255,255,250)",8.238,PASS,"backdrop-only screenshot (text ink hidden via color:transparent), 4x4 grid sample per element, darkest-vs-lightest kept, WCAG relative-luminance ratio against the worse extreme"
https://eyalamit-co-il-2026.s887.upress.link/eyal-amit/,main.chapters-main>section.sec>div.wrap>h2.h2.r,שיטת cbDIDG - עבודה עם נשימה באמצעות דיג'רידו,24.65,400,True,3.0,"rgb(47,32,19)","rgb(255,255,250)",15.661,PASS,"backdrop-only screenshot (text ink hidden via color:transparent), 4x4 grid sample per element, darkest-vs-lightest kept, WCAG relative-luminance ratio against the worse extreme"
https://eyalamit-co-il-2026.s887.upress.link/eyal-amit/,section.sec>div.wrap>div.intro-body.r>p,"לאורך יותר משני עשורים של הוראה, טיפול, בניית כלים",17,300,False,4.5,"rgb(103,72,45)","rgb(255,255,250)",8.238,PASS,"backdrop-only screenshot (text ink hidden via color:transparent), 4x4 grid sample per element, darkest-vs-lightest kept, WCAG relative-luminance ratio against the worse extreme"
https://eyalamit-co-il-2026.s887.upress.link/eyal-amit/,div.wrap>div.intro-body.r>p>a.tlink,שיטת cbDIDG,17,300,False,4.5,"rgb(154,79,43)","rgb(255,255,250)",5.936,PASS,"backdrop-only screenshot (text ink hidden via color:transparent), 4x4 grid sample per element, darkest-vs-lightest kept, WCAG relative-luminance ratio against the worse extreme"
https://eyalamit-co-il-2026.s887.upress.link/eyal-amit/,section.sec>div.wrap>div.intro-body.r>p,בלב השיטה עומד רעיון פשוט:,17,300,False,4.5,"rgb(103,72,45)","rgb(255,255,250)",8.238,PASS,"backdrop-only screenshot (text ink hidden via color:transparent), 4x4 grid sample per element, darkest-vs-lightest kept, WCAG relative-luminance ratio against the worse extreme"
https://eyalamit-co-il-2026.s887.upress.link/eyal-amit/,div.wrap>div.intro-body.r>p>strong,הדיג'רידו אינו המטרה. הוא כלי עבודה.,17,700,False,4.5,"rgb(103,72,45)","rgb(255,255,250)",8.238,PASS,"backdrop-only screenshot (text ink hidden via color:transparent), 4x4 grid sample per element, darkest-vs-lightest kept, WCAG relative-luminance ratio against the worse extreme"
https://eyalamit-co-il-2026.s887.upress.link/eyal-amit/,section.sec>div.wrap>div.intro-body.r>p,באמצעות תרגול מדויק והדרגתי אפשר לפתח מודעות לנשימ,17,300,False,4.5,"rgb(103,72,45)","rgb(255,255,250)",8.238,PASS,"backdrop-only screenshot (text ink hidden via color:transparent), 4x4 grid sample per element, darkest-vs-lightest kept, WCAG relative-luminance ratio against the worse extreme"
https://eyalamit-co-il-2026.s887.upress.link/eyal-amit/,section.sec>div.wrap>div.intro-body.r>p,חשוב לי גם לומר את הצד השני: לא כל נגינה בדיג'רידו,17,300,False,4.5,"rgb(103,72,45)","rgb(255,255,250)",8.238,PASS,"backdrop-only screenshot (text ink hidden via color:transparent), 4x4 grid sample per element, darkest-vs-lightest kept, WCAG relative-luminance ratio against the worse extreme"
https://eyalamit-co-il-2026.s887.upress.link/eyal-amit/,div.wrap>div.split2.split2--rev>div.r.in>h2.h2,המרכז לטיפול בנשימה באמצעות דיג'רידו בפרדס חנה,24.65,400,True,3.0,"rgb(47,32,19)","rgb(255,255,250)",15.661,PASS,"backdrop-only screenshot (text ink hidden via color:transparent), 4x4 grid sample per element, darkest-vs-lightest kept, WCAG relative-luminance ratio against the worse extreme"
https://eyalamit-co-il-2026.s887.upress.link/eyal-amit/,div.split2.split2--rev>div.r.in>div.intro-body>p,"אחרי שנים של הוראה, טיפול, בניית כלים ולימוד בארץ ",17,300,False,4.5,"rgb(103,72,45)","rgb(255,255,250)",8.238,PASS,"backdrop-only screenshot (text ink hidden via color:transparent), 4x4 grid sample per element, darkest-vs-lightest kept, WCAG relative-luminance ratio against the worse extreme"
https://eyalamit-co-il-2026.s887.upress.link/eyal-amit/,div.r.in>div.intro-body>p>strong,המרכז לטיפול בנשימה באמצעות דיג'רידו בפרדס חנה,17,700,False,4.5,"rgb(103,72,45)","rgb(255,255,250)",8.238,PASS,"backdrop-only screenshot (text ink hidden via color:transparent), 4x4 grid sample per element, darkest-vs-lightest kept, WCAG relative-luminance ratio against the worse extreme"
https://eyalamit-co-il-2026.s887.upress.link/eyal-amit/,div.split2.split2--rev>div.r.in>div.intro-body>p,"המרכז נמצא בחצר הבית, בתוך מרחב שקט וירוק שנבנה לא",17,300,False,4.5,"rgb(103,72,45)","rgb(255,255,250)",8.238,PASS,"backdrop-only screenshot (text ink hidden via color:transparent), 4x4 grid sample per element, darkest-vs-lightest kept, WCAG relative-luminance ratio against the worse extreme"
https://eyalamit-co-il-2026.s887.upress.link/eyal-amit/,div.split2.split2--rev>div.r.in>div.intro-body>p,"כיום מתקיימים במרכז כמה מסלולים שונים, וכל אחד מהם",17,300,False,4.5,"rgb(103,72,45)","rgb(255,255,250)",8.238,PASS,"backdrop-only screenshot (text ink hidden via color:transparent), 4x4 grid sample per element, darkest-vs-lightest kept, WCAG relative-luminance ratio against the worse extreme"
https://eyalamit-co-il-2026.s887.upress.link/eyal-amit/,div.r.in>div.intro-body>ul>li,"טיפול בנשימה באמצעות דיג'רידו - תהליך אישי, פעיל ו",17,300,False,4.5,"rgb(47,32,19)","rgb(255,255,250)",15.661,PASS,"backdrop-only screenshot (text ink hidden via color:transparent), 4x4 grid sample per element, darkest-vs-lightest kept, WCAG relative-luminance ratio against the worse extreme"
https://eyalamit-co-il-2026.s887.upress.link/eyal-amit/,div.intro-body>ul>li>a.tlink,טיפול בנשימה באמצעות דיג'רידו,17,300,False,4.5,"rgb(154,79,43)","rgb(255,255,250)",5.936,PASS,"backdrop-only screenshot (text ink hidden via color:transparent), 4x4 grid sample per element, darkest-vs-lightest kept, WCAG relative-luminance ratio against the worse extreme"
https://eyalamit-co-il-2026.s887.upress.link/eyal-amit/,div.r.in>div.intro-body>ul>li,"שיעורי דיג'רידו - למי שרוצה ללמוד לנגן, לפתח טכניק",17,300,False,4.5,"rgb(47,32,19)","rgb(255,255,250)",15.661,PASS,"backdrop-only screenshot (text ink hidden via color:transparent), 4x4 grid sample per element, darkest-vs-lightest kept, WCAG relative-luminance ratio against the worse extreme"
https://eyalamit-co-il-2026.s887.upress.link/eyal-amit/,div.intro-body>ul>li>a.tlink,שיעורי דיג'רידו,17,300,False,4.5,"rgb(154,79,43)","rgb(255,255,250)",5.936,PASS,"backdrop-only screenshot (text ink hidden via color:transparent), 4x4 grid sample per element, darkest-vs-lightest kept, WCAG relative-luminance ratio against the worse extreme"
https://eyalamit-co-il-2026.s887.upress.link/eyal-amit/,div.r.in>div.intro-body>ul>li,"סאונד הילינג - מפגש הקשבה פסיבי יותר, שבו הדיג'ריד",17,300,False,4.5,"rgb(47,32,19)","rgb(255,255,250)",15.661,PASS,"backdrop-only screenshot (text ink hidden via color:transparent), 4x4 grid sample per element, darkest-vs-lightest kept, WCAG relative-luminance ratio against the worse extreme"
https://eyalamit-co-il-2026.s887.upress.link/eyal-amit/,div.intro-body>ul>li>a.tlink,סאונד הילינג,17,300,False,4.5,"rgb(154,79,43)","rgb(255,255,250)",5.936,PASS,"backdrop-only screenshot (text ink hidden via color:transparent), 4x4 grid sample per element, darkest-vs-lightest kept, WCAG relative-luminance ratio against the worse extreme"
https://eyalamit-co-il-2026.s887.upress.link/eyal-amit/,div.r.in>div.intro-body>ul>li,"בניית כלים, תיקון וחידוש - המשך ישיר למלאכת היד של",17,300,False,4.5,"rgb(47,32,19)","rgb(255,255,250)",15.661,PASS,"backdrop-only screenshot (text ink hidden via color:transparent), 4x4 grid sample per element, darkest-vs-lightest kept, WCAG relative-luminance ratio against the worse extreme"
https://eyalamit-co-il-2026.s887.upress.link/eyal-amit/,div.intro-body>ul>li>a.tlink,"בניית כלים, תיקון וחידוש",17,300,False,4.5,"rgb(154,79,43)","rgb(255,255,250)",5.936,PASS,"backdrop-only screenshot (text ink hidden via color:transparent), 4x4 grid sample per element, darkest-vs-lightest kept, WCAG relative-luminance ratio against the worse extreme"
https://eyalamit-co-il-2026.s887.upress.link/eyal-amit/,div.split2.split2--rev>div.r.in>div.intro-body>p,אל המרכז מגיעים אנשים מכל רחבי הארץ. חלקם רוצים לל,17,300,False,4.5,"rgb(103,72,45)","rgb(255,255,250)",8.238,PASS,"backdrop-only screenshot (text ink hidden via color:transparent), 4x4 grid sample per element, darkest-vs-lightest kept, WCAG relative-luminance ratio against the worse extreme"
https://eyalamit-co-il-2026.s887.upress.link/eyal-amit/,div.split2.split2--rev>div.r.in>div.intro-body>p,המרכז לא בנוי סביב חוויה חד פעמית. הוא נועד להיות ,17,300,False,4.5,"rgb(103,72,45)","rgb(255,255,250)",8.238,PASS,"backdrop-only screenshot (text ink hidden via color:transparent), 4x4 grid sample per element, darkest-vs-lightest kept, WCAG relative-luminance ratio against the worse extreme"
https://eyalamit-co-il-2026.s887.upress.link/eyal-amit/,main.chapters-main>section.sec>div.wrap>h2.h2.r,"נשימה, מחקר ואחריות מקצועית",24.65,400,True,3.0,"rgb(47,32,19)","rgb(255,255,250)",15.661,PASS,"backdrop-only screenshot (text ink hidden via color:transparent), 4x4 grid sample per element, darkest-vs-lightest kept, WCAG relative-luminance ratio against the worse extreme"
https://eyalamit-co-il-2026.s887.upress.link/eyal-amit/,section.sec>div.wrap>div.intro-body.r>p,בשנים האחרונות מצטבר גם ידע מחקרי על היבטים שונים ,17,300,False,4.5,"rgb(103,72,45)","rgb(255,255,250)",8.238,PASS,"backdrop-only screenshot (text ink hidden via color:transparent), 4x4 grid sample per element, darkest-vs-lightest kept, WCAG relative-luminance ratio against the worse extreme"
https://eyalamit-co-il-2026.s887.upress.link/eyal-amit/,section.sec>div.wrap>div.intro-body.r>p,"המחקר בתחום עדיין אינו גדול, ולכן חשוב לי להישאר מ",17,300,False,4.5,"rgb(103,72,45)","rgb(255,255,250)",8.238,PASS,"backdrop-only screenshot (text ink hidden via color:transparent), 4x4 grid sample per element, darkest-vs-lightest kept, WCAG relative-luminance ratio against the worse extreme"
https://eyalamit-co-il-2026.s887.upress.link/eyal-amit/,section.sec>div.wrap>div.intro-body.r>p,"מבחינתי, הערך הגדול של הדיג'רידו הוא בכך שהוא הופך",17,300,False,4.5,"rgb(103,72,45)","rgb(255,255,250)",8.238,PASS,"backdrop-only screenshot (text ink hidden via color:transparent), 4x4 grid sample per element, darkest-vs-lightest kept, WCAG relative-luminance ratio against the worse extreme"
https://eyalamit-co-il-2026.s887.upress.link/eyal-amit/,main.chapters-main>section.sec>div.wrap>h2.h2.r,"בנייה, כתיבה ובמה - עוד חלקים מאותה דרך",24.65,400,True,3.0,"rgb(47,32,19)","rgb(255,255,250)",15.661,PASS,"backdrop-only screenshot (text ink hidden via color:transparent), 4x4 grid sample per element, darkest-vs-lightest kept, WCAG relative-luminance ratio against the worse extreme"
https://eyalamit-co-il-2026.s887.upress.link/eyal-amit/,section.sec>div.wrap>div.intro-body.r>p,בניית כלי דיג'רידו מלווה אותי כמעט מתחילת הדרך. בב,17,300,False,4.5,"rgb(103,72,45)","rgb(255,255,250)",8.238,PASS,"backdrop-only screenshot (text ink hidden via color:transparent), 4x4 grid sample per element, darkest-vs-lightest kept, WCAG relative-luminance ratio against the worse extreme"
https://eyalamit-co-il-2026.s887.upress.link/eyal-amit/,section.sec>div.wrap>div.intro-body.r>p,"לצד עולם הדיג'רידו אני גם סופר, מוציא לאור ומספר ס",17,300,False,4.5,"rgb(103,72,45)","rgb(255,255,250)",8.238,PASS,"backdrop-only screenshot (text ink hidden via color:transparent), 4x4 grid sample per element, darkest-vs-lightest kept, WCAG relative-luminance ratio against the worse extreme"
https://eyalamit-co-il-2026.s887.upress.link/eyal-amit/,div.wrap>div.intro-body.r>p>a.tlink,ספרים,17,300,False,4.5,"rgb(154,79,43)","rgb(255,255,250)",5.936,PASS,"backdrop-only screenshot (text ink hidden via color:transparent), 4x4 grid sample per element, darkest-vs-lightest kept, WCAG relative-luminance ratio against the worse extreme"
https://eyalamit-co-il-2026.s887.upress.link/eyal-amit/,section.sec>div.wrap>div.intro-body.r>p,השנים על הבמה לימדו אותי לא מעט גם על נשימה. לעמוד,17,300,False,4.5,"rgb(103,72,45)","rgb(255,255,250)",8.238,PASS,"backdrop-only screenshot (text ink hidden via color:transparent), 4x4 grid sample per element, darkest-vs-lightest kept, WCAG relative-luminance ratio against the worse extreme"
https://eyalamit-co-il-2026.s887.upress.link/eyal-amit/,section.sec>div.wrap>div.intro-body.r>p,העשייה שלי לאורך השנים מתועדת גם בערך אייל עמית בו,17,300,False,4.5,"rgb(103,72,45)","rgb(255,255,250)",8.238,PASS,"backdrop-only screenshot (text ink hidden via color:transparent), 4x4 grid sample per element, darkest-vs-lightest kept, WCAG relative-luminance ratio against the worse extreme"
https://eyalamit-co-il-2026.s887.upress.link/eyal-amit/,div.wrap>div.intro-body.r>p>a.tlink,ערך אייל עמית בוויקיפדיה,17,300,False,4.5,"rgb(154,79,43)","rgb(255,255,250)",5.936,PASS,"backdrop-only screenshot (text ink hidden via color:transparent), 4x4 grid sample per element, darkest-vs-lightest kept, WCAG relative-luminance ratio against the worse extreme"
https://eyalamit-co-il-2026.s887.upress.link/eyal-amit/,main.chapters-main>section.sec>div.wrap.center>h2.h2.r,היום,24.65,400,True,3.0,"rgb(47,32,19)","rgb(255,255,250)",15.661,PASS,"backdrop-only screenshot (text ink hidden via color:transparent), 4x4 grid sample per element, darkest-vs-lightest kept, WCAG relative-luminance ratio against the worse extreme"
https://eyalamit-co-il-2026.s887.upress.link/eyal-amit/,section.sec>div.wrap.center>div.intro-body.r>p,"אחרי יותר מ-25 שנים בתחום, אני עדיין תלמיד.",17,300,False,4.5,"rgb(103,72,45)","rgb(255,255,250)",8.238,PASS,"backdrop-only screenshot (text ink hidden via color:transparent), 4x4 grid sample per element, darkest-vs-lightest kept, WCAG relative-luminance ratio against the worse extreme"
https://eyalamit-co-il-2026.s887.upress.link/eyal-amit/,section.sec>div.wrap.center>div.intro-body.r>p,"אני עדיין לומד, בונה, מלמד, מטפל, חוקר ומתרגש בכל ",17,300,False,4.5,"rgb(103,72,45)","rgb(255,255,250)",8.238,PASS,"backdrop-only screenshot (text ink hidden via color:transparent), 4x4 grid sample per element, darkest-vs-lightest kept, WCAG relative-luminance ratio against the worse extreme"
https://eyalamit-co-il-2026.s887.upress.link/eyal-amit/,section.sec>div.wrap.center>div.intro-body.r>p,"מה שהתחיל כחיפוש אישי אחר דרך לנשום טוב יותר, הפך ",17,300,False,4.5,"rgb(103,72,45)","rgb(255,255,250)",8.238,PASS,"backdrop-only screenshot (text ink hidden via color:transparent), 4x4 grid sample per element, darkest-vs-lightest kept, WCAG relative-luminance ratio against the worse extreme"
https://eyalamit-co-il-2026.s887.upress.link/eyal-amit/,div.wrap.center>div.intro-body.r>p>a.tlink,שיטת cbDIDG,17,300,False,4.5,"rgb(154,79,43)","rgb(255,255,250)",5.936,PASS,"backdrop-only screenshot (text ink hidden via color:transparent), 4x4 grid sample per element, darkest-vs-lightest kept, WCAG relative-luminance ratio against the worse extreme"
https://eyalamit-co-il-2026.s887.upress.link/eyal-amit/,main.chapters-main>section.sec>div.wrap.center>h2.h2.r,לתיאום שיחת היכרות,24.65,400,True,3.0,"rgb(47,32,19)","rgb(255,255,250)",15.661,PASS,"backdrop-only screenshot (text ink hidden via color:transparent), 4x4 grid sample per element, darkest-vs-lightest kept, WCAG relative-luminance ratio against the worse extreme"
https://eyalamit-co-il-2026.s887.upress.link/eyal-amit/,section.sec>div.wrap.center>div.intro-body.r>p,"אם הגעתם לכאן מתוך רצון להבין את הנשימה שלכם, ללמו",17,300,False,4.5,"rgb(103,72,45)","rgb(255,255,250)",8.238,PASS,"backdrop-only screenshot (text ink hidden via color:transparent), 4x4 grid sample per element, darkest-vs-lightest kept, WCAG relative-luminance ratio against the worse extreme"
https://eyalamit-co-il-2026.s887.upress.link/eyal-amit/,div.wrap.center>div.intro-body.r>p>a.btn.btn--gd,לתיאום שיחת היכרות,15.3,500,False,4.5,"rgb(181,102,61)","rgb(255,255,250)",4.244,FAIL,"backdrop-only screenshot (text ink hidden via color:transparent), 4x4 grid sample per element, darkest-vs-lightest kept, WCAG relative-luminance ratio against the worse extreme"
https://eyalamit-co-il-2026.s887.upress.link/eyal-amit/,main.chapters-main>section.sec>div.wrap>h2.h2.r,חשוב לדעת,24.65,400,True,3.0,"rgb(47,32,19)","rgb(255,255,250)",15.661,PASS,"backdrop-only screenshot (text ink hidden via color:transparent), 4x4 grid sample per element, darkest-vs-lightest kept, WCAG relative-luminance ratio against the worse extreme"
https://eyalamit-co-il-2026.s887.upress.link/eyal-amit/,section.sec>div.wrap>div.intro-body.r>p,"המידע בעמוד זה אינו מהווה ייעוץ רפואי, אבחון או טי",17,300,False,4.5,"rgb(103,72,45)","rgb(255,255,250)",8.238,PASS,"backdrop-only screenshot (text ink hidden via color:transparent), 4x4 grid sample per element, darkest-vs-lightest kept, WCAG relative-luminance ratio against the worse extreme"
https://eyalamit-co-il-2026.s887.upress.link/eyal-amit/,section.sec>div.wrap>div.intro-body.r>p,"במצב רפואי, נשימתי או נפשי יש להתייעץ עם גורם רפוא",17,300,False,4.5,"rgb(103,72,45)","rgb(255,255,250)",8.238,PASS,"backdrop-only screenshot (text ink hidden via color:transparent), 4x4 grid sample per element, darkest-vs-lightest kept, WCAG relative-luminance ratio against the worse extreme"
https://eyalamit-co-il-2026.s887.upress.link/eyal-amit/,section.sec>div.wrap>div.intro-body.r>p,"העבודה עם דיג'רידו ונשימה יכולה לשמש כתהליך משלים,",17,300,False,4.5,"rgb(103,72,45)","rgb(255,255,250)",8.238,PASS,"backdrop-only screenshot (text ink hidden via color:transparent), 4x4 grid sample per element, darkest-vs-lightest kept, WCAG relative-luminance ratio against the worse extreme"
https://eyalamit-co-il-2026.s887.upress.link/eyal-amit/,footer.foot>div.foot__in>div>p.foot__col-title,מה מציעים,11.05,500,False,4.5,"rgb(208,138,94)","rgb(14,9,5)",7.056,PASS,"backdrop-only screenshot (text ink hidden via color:transparent), 4x4 grid sample per element, darkest-vs-lightest kept, WCAG relative-luminance ratio against the worse extreme"
https://eyalamit-co-il-2026.s887.upress.link/eyal-amit/,footer.foot>div.foot__in>div>a,טיפול בדיג׳רידו,13.6,300,False,4.5,"rgb(255,255,255) a=0.60","rgb(14,9,5)",7.298,PASS,"backdrop-only screenshot (text ink hidden via color:transparent), 4x4 grid sample per element, darkest-vs-lightest kept, WCAG relative-luminance ratio against the worse extreme"
https://eyalamit-co-il-2026.s887.upress.link/eyal-amit/,footer.foot>div.foot__in>div>a,שיעורי דיג׳רידו,13.6,300,False,4.5,"rgb(255,255,255) a=0.60","rgb(14,9,5)",7.298,PASS,"backdrop-only screenshot (text ink hidden via color:transparent), 4x4 grid sample per element, darkest-vs-lightest kept, WCAG relative-luminance ratio against the worse extreme"
https://eyalamit-co-il-2026.s887.upress.link/eyal-amit/,footer.foot>div.foot__in>div>a,סאונד הילינג,13.6,300,False,4.5,"rgb(255,255,255) a=0.60","rgb(14,9,5)",7.298,PASS,"backdrop-only screenshot (text ink hidden via color:transparent), 4x4 grid sample per element, darkest-vs-lightest kept, WCAG relative-luminance ratio against the worse extreme"
https://eyalamit-co-il-2026.s887.upress.link/eyal-amit/,footer.foot>div.foot__in>div>a,השיטה cbDIDG,13.6,300,False,4.5,"rgb(255,255,255) a=0.60","rgb(14,9,5)",7.298,PASS,"backdrop-only screenshot (text ink hidden via color:transparent), 4x4 grid sample per element, darkest-vs-lightest kept, WCAG relative-luminance ratio against the worse extreme"
https://eyalamit-co-il-2026.s887.upress.link/eyal-amit/,footer.foot>div.foot__in>div>p.foot__col-title,עוד,11.05,500,False,4.5,"rgb(208,138,94)","rgb(14,9,5)",7.056,PASS,"backdrop-only screenshot (text ink hidden via color:transparent), 4x4 grid sample per element, darkest-vs-lightest kept, WCAG relative-luminance ratio against the worse extreme"
https://eyalamit-co-il-2026.s887.upress.link/eyal-amit/,footer.foot>div.foot__in>div>a,בלוג,13.6,300,False,4.5,"rgb(255,255,255) a=0.60","rgb(14,9,5)",7.298,PASS,"backdrop-only screenshot (text ink hidden via color:transparent), 4x4 grid sample per element, darkest-vs-lightest kept, WCAG relative-luminance ratio against the worse extreme"
https://eyalamit-co-il-2026.s887.upress.link/eyal-amit/,footer.foot>div.foot__in>div>a,ספרים · מוזה,13.6,300,False,4.5,"rgb(255,255,255) a=0.60","rgb(14,9,5)",7.298,PASS,"backdrop-only screenshot (text ink hidden via color:transparent), 4x4 grid sample per element, darkest-vs-lightest kept, WCAG relative-luminance ratio against the worse extreme"
https://eyalamit-co-il-2026.s887.upress.link/eyal-amit/,footer.foot>div.foot__in>div>a,אודות אייל,13.6,300,False,4.5,"rgb(255,255,255) a=0.60","rgb(14,9,5)",7.298,PASS,"backdrop-only screenshot (text ink hidden via color:transparent), 4x4 grid sample per element, darkest-vs-lightest kept, WCAG relative-luminance ratio against the worse extreme"
https://eyalamit-co-il-2026.s887.upress.link/eyal-amit/,footer.foot>div.foot__in>div>a,צור קשר,13.6,300,False,4.5,"rgb(255,255,255) a=0.60","rgb(14,9,5)",7.298,PASS,"backdrop-only screenshot (text ink hidden via color:transparent), 4x4 grid sample per element, darkest-vs-lightest kept, WCAG relative-luminance ratio against the worse extreme"
https://eyalamit-co-il-2026.s887.upress.link/eyal-amit/,footer.foot>div.foot__in>div.foot__brand>b,המרכז לטיפול בנשימה באמצעות דיג׳רידו,21.25,700,True,3.0,"rgb(255,255,255)","rgb(39,34,31)",15.732,PASS,"backdrop-only screenshot (text ink hidden via color:transparent), 4x4 grid sample per element, darkest-vs-lightest kept, WCAG relative-luminance ratio against the worse extreme"
https://eyalamit-co-il-2026.s887.upress.link/eyal-amit/,footer.foot>div.foot__in>div.foot__brand>p,"פרדס חנה, ישראל. שיטת cbDIDG, מאז 1999.",13.6,300,False,4.5,"rgb(255,255,255) a=0.45","rgb(14,9,5)",4.496,FAIL,"backdrop-only screenshot (text ink hidden via color:transparent), 4x4 grid sample per element, darkest-vs-lightest kept, WCAG relative-luminance ratio against the worse extreme"
https://eyalamit-co-il-2026.s887.upress.link/eyal-amit/,footer.foot>div.foot__in>div.foot__brand>p.foot__nap,"רח' עמל 8 ב', פרדס חנה-כרכור",13.6,300,False,4.5,"rgb(255,255,255) a=0.45","rgb(14,9,5)",4.496,FAIL,"backdrop-only screenshot (text ink hidden via color:transparent), 4x4 grid sample per element, darkest-vs-lightest kept, WCAG relative-luminance ratio against the worse extreme"
https://eyalamit-co-il-2026.s887.upress.link/eyal-amit/,div.foot__in>div.foot__brand>p.foot__tel>a,052-4822842,13.6,300,False,4.5,"rgb(255,255,255) a=0.60","rgb(14,9,5)",7.298,PASS,"backdrop-only screenshot (text ink hidden via color:transparent), 4x4 grid sample per element, darkest-vs-lightest kept, WCAG relative-luminance ratio against the worse extreme"
https://eyalamit-co-il-2026.s887.upress.link/eyal-amit/,body.rtl.wp-singular>footer.foot>div.foot__legal>p.foot__disc,"המידע באתר זה אינו מהווה ייעוץ רפואי, אבחון או טיפ",12.24,300,False,4.5,"rgb(255,255,255) a=0.62","rgb(14,9,5)",7.744,PASS,"backdrop-only screenshot (text ink hidden via color:transparent), 4x4 grid sample per element, darkest-vs-lightest kept, WCAG relative-luminance ratio against the worse extreme"
https://eyalamit-co-il-2026.s887.upress.link/eyal-amit/,body.rtl.wp-singular>footer.foot>div.foot__legal>p.foot__base,© 2026 אייל עמית · כל הזכויות שמורות · הצהרת נגישו,12.24,300,False,4.5,"rgb(255,255,255) a=0.62","rgb(14,9,5)",7.744,PASS,"backdrop-only screenshot (text ink hidden via color:transparent), 4x4 grid sample per element, darkest-vs-lightest kept, WCAG relative-luminance ratio against the worse extreme"
https://eyalamit-co-il-2026.s887.upress.link/eyal-amit/,footer.foot>div.foot__legal>p.foot__base>a,הצהרת נגישות,13.6,300,False,4.5,"rgb(255,255,255) a=0.55","rgb(14,9,5)",6.258,PASS,"backdrop-only screenshot (text ink hidden via color:transparent), 4x4 grid sample per element, darkest-vs-lightest kept, WCAG relative-luminance ratio against the worse extreme"
https://eyalamit-co-il-2026.s887.upress.link/eyal-amit/,footer.foot>div.foot__legal>p.foot__base>a,מדיניות פרטיות,13.6,300,False,4.5,"rgb(255,255,255) a=0.55","rgb(14,9,5)",6.258,PASS,"backdrop-only screenshot (text ink hidden via color:transparent), 4x4 grid sample per element, darkest-vs-lightest kept, WCAG relative-luminance ratio against the worse extreme"
https://eyalamit-co-il-2026.s887.upress.link/eyal-amit/mokesh-dahiman/,nav.nav>ul.nav__l>li>a.nav__dd,טיפול בדיג׳רידו▾,18.36,400,False,4.5,"rgb(255,255,255) a=0.82","rgb(100,92,71)",5.109,PASS,"backdrop-only screenshot (text ink hidden via color:transparent), 4x4 grid sample per element, darkest-vs-lightest kept, WCAG relative-luminance ratio against the worse extreme"
https://eyalamit-co-il-2026.s887.upress.link/eyal-amit/mokesh-dahiman/,ul.nav__l>li>a.nav__dd>span.nav__caret,▾,11.02,400,False,4.5,"rgb(255,255,255) a=0.82","rgb(82,76,61)",6.395,PASS,"backdrop-only screenshot (text ink hidden via color:transparent), 4x4 grid sample per element, darkest-vs-lightest kept, WCAG relative-luminance ratio against the worse extreme"
https://eyalamit-co-il-2026.s887.upress.link/eyal-amit/mokesh-dahiman/,nav.nav>ul.nav__l>li>a,השיטה,18.36,400,False,4.5,"rgb(255,255,255) a=0.82","rgb(96,91,80)",5.19,PASS,"backdrop-only screenshot (text ink hidden via color:transparent), 4x4 grid sample per element, darkest-vs-lightest kept, WCAG relative-luminance ratio against the worse extreme"
https://eyalamit-co-il-2026.s887.upress.link/eyal-amit/mokesh-dahiman/,nav.nav>ul.nav__l>li>a,שיעורי דיג׳רידו,18.36,400,False,4.5,"rgb(255,255,255) a=0.82","rgb(73,73,57)",6.802,PASS,"backdrop-only screenshot (text ink hidden via color:transparent), 4x4 grid sample per element, darkest-vs-lightest kept, WCAG relative-luminance ratio against the worse extreme"
https://eyalamit-co-il-2026.s887.upress.link/eyal-amit/mokesh-dahiman/,nav.nav>ul.nav__l>li>a,סאונד הילינג,18.36,400,False,4.5,"rgb(255,255,255) a=0.82","rgb(72,83,99)",5.898,PASS,"backdrop-only screenshot (text ink hidden via color:transparent), 4x4 grid sample per element, darkest-vs-lightest kept, WCAG relative-luminance ratio against the worse extreme"
https://eyalamit-co-il-2026.s887.upress.link/eyal-amit/mokesh-dahiman/,nav.nav>ul.nav__l>li>button.nav__dd,לימוד והכשרה▾,18.36,400,False,4.5,"rgb(255,255,255) a=0.82","rgb(92,87,80)",5.466,PASS,"backdrop-only screenshot (text ink hidden via color:transparent), 4x4 grid sample per element, darkest-vs-lightest kept, WCAG relative-luminance ratio against the worse extreme"
https://eyalamit-co-il-2026.s887.upress.link/eyal-amit/mokesh-dahiman/,ul.nav__l>li>button.nav__dd>span.nav__caret,▾,11.02,400,False,4.5,"rgb(255,255,255) a=0.82","rgb(98,94,87)",4.979,PASS,"backdrop-only screenshot (text ink hidden via color:transparent), 4x4 grid sample per element, darkest-vs-lightest kept, WCAG relative-luminance ratio against the worse extreme"
https://eyalamit-co-il-2026.s887.upress.link/eyal-amit/mokesh-dahiman/,nav.nav>ul.nav__l>li>a.nav__dd,כלים ואביזרים▾,18.36,400,False,4.5,"rgb(255,255,255) a=0.82","rgb(81,79,78)",6.134,PASS,"backdrop-only screenshot (text ink hidden via color:transparent), 4x4 grid sample per element, darkest-vs-lightest kept, WCAG relative-luminance ratio against the worse extreme"
https://eyalamit-co-il-2026.s887.upress.link/eyal-amit/mokesh-dahiman/,ul.nav__l>li>a.nav__dd>span.nav__caret,▾,11.02,400,False,4.5,"rgb(255,255,255) a=0.82","rgb(55,70,85)",7.148,PASS,"backdrop-only screenshot (text ink hidden via color:transparent), 4x4 grid sample per element, darkest-vs-lightest kept, WCAG relative-luminance ratio against the worse extreme"
https://eyalamit-co-il-2026.s887.upress.link/eyal-amit/mokesh-dahiman/,nav.nav>ul.nav__l>li>a.nav__dd,ספרים▾,18.36,400,False,4.5,"rgb(255,255,255) a=0.82","rgb(50,76,95)",6.689,PASS,"backdrop-only screenshot (text ink hidden via color:transparent), 4x4 grid sample per element, darkest-vs-lightest kept, WCAG relative-luminance ratio against the worse extreme"
https://eyalamit-co-il-2026.s887.upress.link/eyal-amit/mokesh-dahiman/,ul.nav__l>li>a.nav__dd>span.nav__caret,▾,11.02,400,False,4.5,"rgb(255,255,255) a=0.82","rgb(46,69,87)",7.337,PASS,"backdrop-only screenshot (text ink hidden via color:transparent), 4x4 grid sample per element, darkest-vs-lightest kept, WCAG relative-luminance ratio against the worse extreme"
https://eyalamit-co-il-2026.s887.upress.link/eyal-amit/mokesh-dahiman/,nav.nav>ul.nav__l>li>a,בלוג דיג׳רידו,18.36,400,False,4.5,"rgb(255,255,255) a=0.82","rgb(49,75,95)",6.772,PASS,"backdrop-only screenshot (text ink hidden via color:transparent), 4x4 grid sample per element, darkest-vs-lightest kept, WCAG relative-luminance ratio against the worse extreme"
https://eyalamit-co-il-2026.s887.upress.link/eyal-amit/mokesh-dahiman/,nav.nav>ul.nav__l>li>button.nav__dd,אייל עמית▾,18.36,400,False,4.5,"rgb(255,255,255) a=0.82","rgb(49,74,94)",6.854,PASS,"backdrop-only screenshot (text ink hidden via color:transparent), 4x4 grid sample per element, darkest-vs-lightest kept, WCAG relative-luminance ratio against the worse extreme"
https://eyalamit-co-il-2026.s887.upress.link/eyal-amit/mokesh-dahiman/,ul.nav__l>li>button.nav__dd>span.nav__caret,▾,11.02,400,False,4.5,"rgb(255,255,255) a=0.82","rgb(45,68,84)",7.459,PASS,"backdrop-only screenshot (text ink hidden via color:transparent), 4x4 grid sample per element, darkest-vs-lightest kept, WCAG relative-luminance ratio against the worse extreme"
https://eyalamit-co-il-2026.s887.upress.link/eyal-amit/mokesh-dahiman/,nav.nav>ul.nav__l>li>a,צור קשר,18.36,400,False,4.5,"rgb(255,255,255) a=0.82","rgb(49,75,95)",6.772,PASS,"backdrop-only screenshot (text ink hidden via color:transparent), 4x4 grid sample per element, darkest-vs-lightest kept, WCAG relative-luminance ratio against the worse extreme"
https://eyalamit-co-il-2026.s887.upress.link/eyal-amit/mokesh-dahiman/,body.rtl.wp-singular>nav.nav>div.nav__r>a.nav__en,EN,12.24,300,False,4.5,"rgb(255,255,255) a=0.85","rgb(48,75,95)",7.147,PASS,"backdrop-only screenshot (text ink hidden via color:transparent), 4x4 grid sample per element, darkest-vs-lightest kept, WCAG relative-luminance ratio against the worse extreme"
https://eyalamit-co-il-2026.s887.upress.link/eyal-amit/mokesh-dahiman/,main.chapters-main>header.phero.phero--media>div.phero__in>h1.phero__h,מי היה מוקש דהימן?,44.2,300,True,3.0,"rgb(255,255,255)","rgb(122,119,68)",4.616,PASS,"backdrop-only screenshot (text ink hidden via color:transparent), 4x4 grid sample per element, darkest-vs-lightest kept, WCAG relative-luminance ratio against the worse extreme"
https://eyalamit-co-il-2026.s887.upress.link/eyal-amit/mokesh-dahiman/,main.chapters-main>header.phero.phero--media>div.phero__in>p.phero__s,"מוקש דהימן (Mukesh Dhiman) היה אמן-נגר, בונה דיג'ר",19.55,300,False,4.5,"rgb(255,255,255) a=0.86","rgb(84,77,73)",6.653,PASS,"backdrop-only screenshot (text ink hidden via color:transparent), 4x4 grid sample per element, darkest-vs-lightest kept, WCAG relative-luminance ratio against the worse extreme"
https://eyalamit-co-il-2026.s887.upress.link/eyal-amit/mokesh-dahiman/,main.chapters-main>header.phero.phero--media>button.mokesh-hero__unmute>span.mokesh-hero__unmute-label,הפעלת קול,12.24,400,False,4.5,"rgb(255,255,255)","rgb(28,21,15)",18.048,PASS,"backdrop-only screenshot (text ink hidden via color:transparent), 4x4 grid sample per element, darkest-vs-lightest kept, WCAG relative-luminance ratio against the worse extreme"
https://eyalamit-co-il-2026.s887.upress.link/eyal-amit/mokesh-dahiman/,section.sec>div.wrap>div.intro-body.r>p,"מתוך בית מלאכה צנוע סמוך לגדת נהר הגנגס, בנה מוקש ",17,300,False,4.5,"rgb(103,72,45)","rgb(255,255,250)",8.238,PASS,"backdrop-only screenshot (text ink hidden via color:transparent), 4x4 grid sample per element, darkest-vs-lightest kept, WCAG relative-luminance ratio against the worse extreme"
https://eyalamit-co-il-2026.s887.upress.link/eyal-amit/mokesh-dahiman/,section.sec>div.wrap>div.intro-body.r>p,"אייל עמית, מורה ומטפל בדיג'רידו בישראל, פגש את מוק",17,300,False,4.5,"rgb(103,72,45)","rgb(255,255,250)",8.238,PASS,"backdrop-only screenshot (text ink hidden via color:transparent), 4x4 grid sample per element, darkest-vs-lightest kept, WCAG relative-luminance ratio against the worse extreme"
https://eyalamit-co-il-2026.s887.upress.link/eyal-amit/mokesh-dahiman/,div.wrap>div.intro-body.r>p>strong,"ומכאן, במילותיי, הסיפור האישי שלי עם מוקש - האיש, ",17,700,False,4.5,"rgb(103,72,45)","rgb(255,255,250)",8.238,PASS,"backdrop-only screenshot (text ink hidden via color:transparent), 4x4 grid sample per element, darkest-vs-lightest kept, WCAG relative-luminance ratio against the worse extreme"
https://eyalamit-co-il-2026.s887.upress.link/eyal-amit/mokesh-dahiman/,div.wrap>div.split2>div.r.in>h2.h2,היכרותו הראשונה של מוקש עם הדיג'רידו,24.65,400,True,3.0,"rgb(47,32,19)","rgb(255,255,250)",15.661,PASS,"backdrop-only screenshot (text ink hidden via color:transparent), 4x4 grid sample per element, darkest-vs-lightest kept, WCAG relative-luminance ratio against the worse extreme"
https://eyalamit-co-il-2026.s887.upress.link/eyal-amit/mokesh-dahiman/,div.split2>div.r.in>div.intro-body>p,סיפורו של מוקש מתחיל בסוף שנות השישים של המאה הקוד,17,300,False,4.5,"rgb(103,72,45)","rgb(255,255,250)",8.238,PASS,"backdrop-only screenshot (text ink hidden via color:transparent), 4x4 grid sample per element, darkest-vs-lightest kept, WCAG relative-luminance ratio against the worse extreme"
https://eyalamit-co-il-2026.s887.upress.link/eyal-amit/mokesh-dahiman/,div.split2>div.r.in>div.intro-body>p,בין לבין ובסיום כל יום עבודה החל מוקש להתערבב קצת ,17,300,False,4.5,"rgb(103,72,45)","rgb(255,255,250)",8.238,PASS,"backdrop-only screenshot (text ink hidden via color:transparent), 4x4 grid sample per element, darkest-vs-lightest kept, WCAG relative-luminance ratio against the worse extreme"
https://eyalamit-co-il-2026.s887.upress.link/eyal-amit/mokesh-dahiman/,div.split2>figure.split2__m.r>figcaption>span,Mukesh Dihman,12.48,300,False,4.5,"rgb(120,102,81)","rgb(222,221,215)",4.041,FAIL,"backdrop-only screenshot (text ink hidden via color:transparent), 4x4 grid sample per element, darkest-vs-lightest kept, WCAG relative-luminance ratio against the worse extreme"
https://eyalamit-co-il-2026.s887.upress.link/eyal-amit/mokesh-dahiman/,div.split2>figure.split2__m.r>figcaption>span,Didgeridoo Master,12.48,300,False,4.5,"rgb(120,102,81)","rgb(242,241,236)",4.864,PASS,"backdrop-only screenshot (text ink hidden via color:transparent), 4x4 grid sample per element, darkest-vs-lightest kept, WCAG relative-luminance ratio against the worse extreme"
https://eyalamit-co-il-2026.s887.upress.link/eyal-amit/mokesh-dahiman/,div.split2>figure.split2__m.r>figcaption>span,Jungle Vibes - Rishikesh India,12.48,300,False,4.5,"rgb(120,102,81)","rgb(252,252,247)",5.345,PASS,"backdrop-only screenshot (text ink hidden via color:transparent), 4x4 grid sample per element, darkest-vs-lightest kept, WCAG relative-luminance ratio against the worse extreme"
https://eyalamit-co-il-2026.s887.upress.link/eyal-amit/mokesh-dahiman/,section.sec>div.wrap>div.intro-body.r>p,"יום אחד, בתחילת שנות השבעים, הגיע למלון בו מוקש וא",17,300,False,4.5,"rgb(103,72,45)","rgb(255,255,250)",8.238,PASS,"backdrop-only screenshot (text ink hidden via color:transparent), 4x4 grid sample per element, darkest-vs-lightest kept, WCAG relative-luminance ratio against the worse extreme"
https://eyalamit-co-il-2026.s887.upress.link/eyal-amit/mokesh-dahiman/,section.sec>div.wrap>div.intro-body.r>p,"אם מקודם זה היה מוקש שעמד המום, עכשיו היה זה תורו ",17,300,False,4.5,"rgb(103,72,45)","rgb(255,255,250)",8.238,PASS,"backdrop-only screenshot (text ink hidden via color:transparent), 4x4 grid sample per element, darkest-vs-lightest kept, WCAG relative-luminance ratio against the worse extreme"
https://eyalamit-co-il-2026.s887.upress.link/eyal-amit/mokesh-dahiman/,section.sec>div.wrap>div.intro-body.r>p,"ואכן, אחרי הכירות אישית עמוקה שלי עם מוקש, כמעט של",17,300,False,4.5,"rgb(103,72,45)","rgb(255,255,250)",8.238,PASS,"backdrop-only screenshot (text ink hidden via color:transparent), 4x4 grid sample per element, darkest-vs-lightest kept, WCAG relative-luminance ratio against the worse extreme"
https://eyalamit-co-il-2026.s887.upress.link/eyal-amit/mokesh-dahiman/,section.sec>div.wrap>div.intro-body.r>p,"מוקש מעולם לא פגש אבוריג'יני, מעולם לא ניגן בכלי נ",17,300,False,4.5,"rgb(103,72,45)","rgb(255,255,250)",8.238,PASS,"backdrop-only screenshot (text ink hidden via color:transparent), 4x4 grid sample per element, darkest-vs-lightest kept, WCAG relative-luminance ratio against the worse extreme"
https://eyalamit-co-il-2026.s887.upress.link/eyal-amit/mokesh-dahiman/,section.sec>div.wrap>div.intro-body.r>p,ברבות השנים זכה מוקש לביקורים רבים של סהדואים גדול,17,300,False,4.5,"rgb(103,72,45)","rgb(255,255,250)",8.238,PASS,"backdrop-only screenshot (text ink hidden via color:transparent), 4x4 grid sample per element, darkest-vs-lightest kept, WCAG relative-luminance ratio against the worse extreme"
https://eyalamit-co-il-2026.s887.upress.link/eyal-amit/mokesh-dahiman/,div.wrap>div.split2.split2--rev>div.r.in>h2.h2,בית המלאכה ברישיקש,24.65,400,True,3.0,"rgb(47,32,19)","rgb(255,255,250)",15.661,PASS,"backdrop-only screenshot (text ink hidden via color:transparent), 4x4 grid sample per element, darkest-vs-lightest kept, WCAG relative-luminance ratio against the worse extreme"
https://eyalamit-co-il-2026.s887.upress.link/eyal-amit/mokesh-dahiman/,div.split2.split2--rev>div.r.in>div.intro-body>p,"מאז אותו מפגש מכונן עם ""צינור האום"" מוקש החליט להק",17,300,False,4.5,"rgb(103,72,45)","rgb(255,255,250)",8.238,PASS,"backdrop-only screenshot (text ink hidden via color:transparent), 4x4 grid sample per element, darkest-vs-lightest kept, WCAG relative-luminance ratio against the worse extreme"
https://eyalamit-co-il-2026.s887.upress.link/eyal-amit/mokesh-dahiman/,section.bleed>div.bleed__c>div.bleed__in>p.bleed__q.r,shanti play mantra inside – shanti coming home,34,400,True,3.0,"rgb(255,255,255)","rgb(109,98,85)",5.952,PASS,"backdrop-only screenshot (text ink hidden via color:transparent), 4x4 grid sample per element, darkest-vs-lightest kept, WCAG relative-luminance ratio against the worse extreme"
https://eyalamit-co-il-2026.s887.upress.link/eyal-amit/mokesh-dahiman/,section.bleed>div.bleed__c>div.bleed__in>p.bleed__a.r,מוקש דהימן,12.24,300,False,4.5,"rgb(208,138,94)","rgb(139,122,107)",1.468,FAIL,"backdrop-only screenshot (text ink hidden via color:transparent), 4x4 grid sample per element, darkest-vs-lightest kept, WCAG relative-luminance ratio against the worse extreme"
https://eyalamit-co-il-2026.s887.upress.link/eyal-amit/mokesh-dahiman/,main.chapters-main>section.sec>div.wrap>h2.h2.r,מוקש במרחבי ה- Dream Time,24.65,400,True,3.0,"rgb(47,32,19)","rgb(255,255,250)",15.661,PASS,"backdrop-only screenshot (text ink hidden via color:transparent), 4x4 grid sample per element, darkest-vs-lightest kept, WCAG relative-luminance ratio against the worse extreme"
https://eyalamit-co-il-2026.s887.upress.link/eyal-amit/mokesh-dahiman/,section.sec>div.wrap>div.intro-body.r>p,"אם כבר הזכרתי את נגני הדיג' של היום, אז באופן כללי",17,300,False,4.5,"rgb(103,72,45)","rgb(255,255,250)",8.238,PASS,"backdrop-only screenshot (text ink hidden via color:transparent), 4x4 grid sample per element, darkest-vs-lightest kept, WCAG relative-luminance ratio against the worse extreme"
https://eyalamit-co-il-2026.s887.upress.link/eyal-amit/mokesh-dahiman/,section.sec>div.wrap>div.intro-body.r>p,"אז כן, הדיג'רידו בהחלט יודע לעשות גם את זה – לתת ב",17,300,False,4.5,"rgb(103,72,45)","rgb(255,255,250)",8.238,PASS,"backdrop-only screenshot (text ink hidden via color:transparent), 4x4 grid sample per element, darkest-vs-lightest kept, WCAG relative-luminance ratio against the worse extreme"
https://eyalamit-co-il-2026.s887.upress.link/eyal-amit/mokesh-dahiman/,section.sec>div.wrap>div.intro-body.r>p,"הדיג'רידו מגיע מעולם קדום, שורשי, שמאני, מאגי. עול",17,300,False,4.5,"rgb(103,72,45)","rgb(255,255,250)",8.238,PASS,"backdrop-only screenshot (text ink hidden via color:transparent), 4x4 grid sample per element, darkest-vs-lightest kept, WCAG relative-luminance ratio against the worse extreme"
https://eyalamit-co-il-2026.s887.upress.link/eyal-amit/mokesh-dahiman/,section.sec>div.wrap>div.intro-body.r>p,"מוקש, שבמשך כל חייו חקר את נושא הנשימה והתודעה דרך",17,300,False,4.5,"rgb(103,72,45)","rgb(255,255,250)",8.238,PASS,"backdrop-only screenshot (text ink hidden via color:transparent), 4x4 grid sample per element, darkest-vs-lightest kept, WCAG relative-luminance ratio against the worse extreme"
https://eyalamit-co-il-2026.s887.upress.link/eyal-amit/mokesh-dahiman/,div.wrap>div.split2>div.r.in>h2.h2,קוטלי - הסטודיו החדש בהימליה,24.65,400,True,3.0,"rgb(47,32,19)","rgb(255,255,250)",15.661,PASS,"backdrop-only screenshot (text ink hidden via color:transparent), 4x4 grid sample per element, darkest-vs-lightest kept, WCAG relative-luminance ratio against the worse extreme"
https://eyalamit-co-il-2026.s887.upress.link/eyal-amit/mokesh-dahiman/,div.split2>div.r.in>div.intro-body>p,הזמנים משתנים ... כוחות כלכליים חדשים בהודו מביאים,17,300,False,4.5,"rgb(103,72,45)","rgb(255,255,250)",8.238,PASS,"backdrop-only screenshot (text ink hidden via color:transparent), 4x4 grid sample per element, darkest-vs-lightest kept, WCAG relative-luminance ratio against the worse extreme"
https://eyalamit-co-il-2026.s887.upress.link/eyal-amit/mokesh-dahiman/,div.split2>div.r.in>div.intro-body>p,"מוקש, שכל חייו נמשך לאורח החיים הסהדואי, ושמושג ה""",17,300,False,4.5,"rgb(103,72,45)","rgb(255,255,250)",8.238,PASS,"backdrop-only screenshot (text ink hidden via color:transparent), 4x4 grid sample per element, darkest-vs-lightest kept, WCAG relative-luminance ratio against the worse extreme"
https://eyalamit-co-il-2026.s887.upress.link/eyal-amit/mokesh-dahiman/,div.split2>div.r.in>div.intro-body>p,בשאנטי.,17,300,False,4.5,"rgb(103,72,45)","rgb(255,255,250)",8.238,PASS,"backdrop-only screenshot (text ink hidden via color:transparent), 4x4 grid sample per element, darkest-vs-lightest kept, WCAG relative-luminance ratio against the worse extreme"
https://eyalamit-co-il-2026.s887.upress.link/eyal-amit/mokesh-dahiman/,section.sec>div.wrap>div.intro-body.r>p,בעזרתם הפיננסית של שניים מתלמידיו המקורבים ובעזרת ,17,300,False,4.5,"rgb(103,72,45)","rgb(255,255,250)",8.238,PASS,"backdrop-only screenshot (text ink hidden via color:transparent), 4x4 grid sample per element, darkest-vs-lightest kept, WCAG relative-luminance ratio against the worse extreme"
https://eyalamit-co-il-2026.s887.upress.link/eyal-amit/mokesh-dahiman/,section.sec>div.wrap>div.intro-body.r>p,"בשנת 2013 העבודה החלה, אך במהרה גילה מוקש כי סכום ",17,300,False,4.5,"rgb(103,72,45)","rgb(255,255,250)",8.238,PASS,"backdrop-only screenshot (text ink hidden via color:transparent), 4x4 grid sample per element, darkest-vs-lightest kept, WCAG relative-luminance ratio against the worse extreme"
https://eyalamit-co-il-2026.s887.upress.link/eyal-amit/mokesh-dahiman/,section.sec>div.wrap>div.intro-body.r>p,"בשנת 2018, כמעט 6 שנים לאחר שהפרוייקט נעצר, ואחרי ",17,300,False,4.5,"rgb(103,72,45)","rgb(255,255,250)",8.238,PASS,"backdrop-only screenshot (text ink hidden via color:transparent), 4x4 grid sample per element, darkest-vs-lightest kept, WCAG relative-luminance ratio against the worse extreme"
https://eyalamit-co-il-2026.s887.upress.link/eyal-amit/mokesh-dahiman/,section.sec>div.wrap>div.intro-body.r>p,"הביקור בקוטלי היה עוצמתי ומפעים, בייחוד המפגש של ה",17,300,False,4.5,"rgb(103,72,45)","rgb(255,255,250)",8.238,PASS,"backdrop-only screenshot (text ink hidden via color:transparent), 4x4 grid sample per element, darkest-vs-lightest kept, WCAG relative-luminance ratio against the worse extreme"
https://eyalamit-co-il-2026.s887.upress.link/eyal-amit/mokesh-dahiman/,section.sec>div.wrap>div.intro-body.r>p,אחרי סיור מקיף בין יסודות הסטודיו החדש וכמה שיחות ,17,300,False,4.5,"rgb(103,72,45)","rgb(255,255,250)",8.238,PASS,"backdrop-only screenshot (text ink hidden via color:transparent), 4x4 grid sample per element, darkest-vs-lightest kept, WCAG relative-luminance ratio against the worse extreme"
https://eyalamit-co-il-2026.s887.upress.link/eyal-amit/mokesh-dahiman/,div.wrap>div.split2>div.r.in>h2.h2,הגשמת החלום,24.65,400,True,3.0,"rgb(47,32,19)","rgb(255,255,250)",15.661,PASS,"backdrop-only screenshot (text ink hidden via color:transparent), 4x4 grid sample per element, darkest-vs-lightest kept, WCAG relative-luminance ratio against the worse extreme"
https://eyalamit-co-il-2026.s887.upress.link/eyal-amit/mokesh-dahiman/,div.split2>div.r.in>div.intro-body>p,"חצי שנה אח""כ נפגשנו שוב. אח שלי גיא, שהספיק כבר לה",17,300,False,4.5,"rgb(103,72,45)","rgb(255,255,250)",8.238,PASS,"backdrop-only screenshot (text ink hidden via color:transparent), 4x4 grid sample per element, darkest-vs-lightest kept, WCAG relative-luminance ratio against the worse extreme"
https://eyalamit-co-il-2026.s887.upress.link/eyal-amit/mokesh-dahiman/,div.split2>div.r.in>div.intro-body>p,"בשל היכרותנו העמוקה והאמון המחלט השורר בנינו, מוקש",17,300,False,4.5,"rgb(103,72,45)","rgb(255,255,250)",8.238,PASS,"backdrop-only screenshot (text ink hidden via color:transparent), 4x4 grid sample per element, darkest-vs-lightest kept, WCAG relative-luminance ratio against the worse extreme"
https://eyalamit-co-il-2026.s887.upress.link/eyal-amit/mokesh-dahiman/,section.sec>div.wrap>div.intro-body.r>p,"מהחומרים הסופר נדירים שצילמנו, זיקקנו ברגישות ובזה",17,300,False,4.5,"rgb(103,72,45)","rgb(255,255,250)",8.238,PASS,"backdrop-only screenshot (text ink hidden via color:transparent), 4x4 grid sample per element, darkest-vs-lightest kept, WCAG relative-luminance ratio against the worse extreme"
https://eyalamit-co-il-2026.s887.upress.link/eyal-amit/mokesh-dahiman/,section.sec>div.wrap>div.intro-body.r>p,"אחרי כמה חודשים ארוכים של עריכה, הסרט בן ה-60 דקות",17,300,False,4.5,"rgb(103,72,45)","rgb(255,255,250)",8.238,PASS,"backdrop-only screenshot (text ink hidden via color:transparent), 4x4 grid sample per element, darkest-vs-lightest kept, WCAG relative-luminance ratio against the worse extreme"
https://eyalamit-co-il-2026.s887.upress.link/eyal-amit/mokesh-dahiman/,section.sec>div.wrap>div.intro-body.r>p,בעזרתו של גיא ועוד שני תלמידים ותיקים נוספים של מו,17,300,False,4.5,"rgb(103,72,45)","rgb(255,255,250)",8.238,PASS,"backdrop-only screenshot (text ink hidden via color:transparent), 4x4 grid sample per element, darkest-vs-lightest kept, WCAG relative-luminance ratio against the worse extreme"
https://eyalamit-co-il-2026.s887.upress.link/eyal-amit/mokesh-dahiman/,div.wrap>div.intro-body.r>p>a.tlink,פרוייקט גיוס המונים,17,300,False,4.5,"rgb(154,79,43)","rgb(255,255,250)",5.936,PASS,"backdrop-only screenshot (text ink hidden via color:transparent), 4x4 grid sample per element, darkest-vs-lightest kept, WCAG relative-luminance ratio against the worse extreme"
https://eyalamit-co-il-2026.s887.upress.link/eyal-amit/mokesh-dahiman/,div.wrap>div.intro-body.r>p>a.tlink,MUKESH - The Art of Shanti Living,17,300,False,4.5,"rgb(154,79,43)","rgb(255,255,250)",5.936,PASS,"backdrop-only screenshot (text ink hidden via color:transparent), 4x4 grid sample per element, darkest-vs-lightest kept, WCAG relative-luminance ratio against the worse extreme"
https://eyalamit-co-il-2026.s887.upress.link/eyal-amit/mokesh-dahiman/,section.sec>div.wrap>div.intro-body.r>p,הקרנתו הראשונה והמרגשת של הסרט התקיימה במסגרת פסטי,17,300,False,4.5,"rgb(103,72,45)","rgb(255,255,250)",8.238,PASS,"backdrop-only screenshot (text ink hidden via color:transparent), 4x4 grid sample per element, darkest-vs-lightest kept, WCAG relative-luminance ratio against the worse extreme"
https://eyalamit-co-il-2026.s887.upress.link/eyal-amit/mokesh-dahiman/,section.sec>div.wrap>div.intro-body.r>p,בשנת 2019 חודשה הבנייה בקוטלי. מוקש לא ידע את נפשו,17,300,False,4.5,"rgb(103,72,45)","rgb(255,255,250)",8.238,PASS,"backdrop-only screenshot (text ink hidden via color:transparent), 4x4 grid sample per element, darkest-vs-lightest kept, WCAG relative-luminance ratio against the worse extreme"
https://eyalamit-co-il-2026.s887.upress.link/eyal-amit/mokesh-dahiman/,section.sec>div.wrap>div.intro-body.r>p,בראש שלי כבר עשיתי תוכניות להמשך. תכננתי להגיע שוב,17,300,False,4.5,"rgb(103,72,45)","rgb(255,255,250)",8.238,PASS,"backdrop-only screenshot (text ink hidden via color:transparent), 4x4 grid sample per element, darkest-vs-lightest kept, WCAG relative-luminance ratio against the worse extreme"
https://eyalamit-co-il-2026.s887.upress.link/eyal-amit/mokesh-dahiman/,section.sec>div.wrap>div.intro-body.r>p,מושלם!!!,17,300,False,4.5,"rgb(103,72,45)","rgb(255,255,250)",8.238,PASS,"backdrop-only screenshot (text ink hidden via color:transparent), 4x4 grid sample per element, darkest-vs-lightest kept, WCAG relative-luminance ratio against the worse extreme"
https://eyalamit-co-il-2026.s887.upress.link/eyal-amit/mokesh-dahiman/,main.chapters-main>section.sec>div.wrap>h2.h2.r,תפנית חדה בעלילה,24.65,400,True,3.0,"rgb(47,32,19)","rgb(255,255,250)",15.661,PASS,"backdrop-only screenshot (text ink hidden via color:transparent), 4x4 grid sample per element, darkest-vs-lightest kept, WCAG relative-luminance ratio against the worse extreme"
https://eyalamit-co-il-2026.s887.upress.link/eyal-amit/mokesh-dahiman/,section.sec>div.wrap>div.intro-body.r>p,"אז כן, כעבור שנה של בנייה אינטנסיבית במו ידיו של מ",17,300,False,4.5,"rgb(103,72,45)","rgb(255,255,250)",8.238,PASS,"backdrop-only screenshot (text ink hidden via color:transparent), 4x4 grid sample per element, darkest-vs-lightest kept, WCAG relative-luminance ratio against the worse extreme"
https://eyalamit-co-il-2026.s887.upress.link/eyal-amit/mokesh-dahiman/,div.wrap>div.split2>div.r.in>h2.h2,פרידה,24.65,400,True,3.0,"rgb(47,32,19)","rgb(255,255,250)",15.661,PASS,"backdrop-only screenshot (text ink hidden via color:transparent), 4x4 grid sample per element, darkest-vs-lightest kept, WCAG relative-luminance ratio against the worse extreme"
https://eyalamit-co-il-2026.s887.upress.link/eyal-amit/mokesh-dahiman/,div.split2>div.r.in>div.intro-body>p,בבוקר ה- 11.10.2020 עזב מוקש את גופו. הוא הותיר אח,17,300,False,4.5,"rgb(103,72,45)","rgb(255,255,250)",8.238,PASS,"backdrop-only screenshot (text ink hidden via color:transparent), 4x4 grid sample per element, darkest-vs-lightest kept, WCAG relative-luminance ratio against the worse extreme"
https://eyalamit-co-il-2026.s887.upress.link/eyal-amit/mokesh-dahiman/,div.split2>div.r.in>div.intro-body>p,טקס שריפתו נערך על גדת הגנגס סמוך לביתו. במקביל נע,17,300,False,4.5,"rgb(103,72,45)","rgb(255,255,250)",8.238,PASS,"backdrop-only screenshot (text ink hidden via color:transparent), 4x4 grid sample per element, darkest-vs-lightest kept, WCAG relative-luminance ratio against the worse extreme"
https://eyalamit-co-il-2026.s887.upress.link/eyal-amit/mokesh-dahiman/,section.sec>div.wrap>div.intro-body.r>p,"שנה בדיוק חלפה מאז עזיבתו של מוקש, ולצערי הרב מגפת",17,300,False,4.5,"rgb(103,72,45)","rgb(255,255,250)",8.238,PASS,"backdrop-only screenshot (text ink hidden via color:transparent), 4x4 grid sample per element, darkest-vs-lightest kept, WCAG relative-luminance ratio against the worse extreme"
https://eyalamit-co-il-2026.s887.upress.link/eyal-amit/mokesh-dahiman/,section.sec>div.wrap>div.intro-body.r>p,הדבר היחיד שאנחנו יכולים לעשות הוא לזכור את האיש ה,17,300,False,4.5,"rgb(103,72,45)","rgb(255,255,250)",8.238,PASS,"backdrop-only screenshot (text ink hidden via color:transparent), 4x4 grid sample per element, darkest-vs-lightest kept, WCAG relative-luminance ratio against the worse extreme"
https://eyalamit-co-il-2026.s887.upress.link/eyal-amit/mokesh-dahiman/,section.sec>div.wrap>div.intro-body.r>p,"מפעל חייו, הדיג'רידו, ימשיך להדהד, לצמוח ולהתעצם ב",17,300,False,4.5,"rgb(103,72,45)","rgb(255,255,250)",8.238,PASS,"backdrop-only screenshot (text ink hidden via color:transparent), 4x4 grid sample per element, darkest-vs-lightest kept, WCAG relative-luminance ratio against the worse extreme"
https://eyalamit-co-il-2026.s887.upress.link/eyal-amit/mokesh-dahiman/,div.wrap>div.split2.split2--rev>div.r.in>h2.h2,ומה היום,24.65,400,True,3.0,"rgb(47,32,19)","rgb(255,255,250)",15.661,PASS,"backdrop-only screenshot (text ink hidden via color:transparent), 4x4 grid sample per element, darkest-vs-lightest kept, WCAG relative-luminance ratio against the worse extreme"
https://eyalamit-co-il-2026.s887.upress.link/eyal-amit/mokesh-dahiman/,div.split2.split2--rev>div.r.in>div.intro-body>p,"בשנת 2026, שש שנים לאחר פטירתו של מוקש, טסתי להודו",17,300,False,4.5,"rgb(103,72,45)","rgb(255,255,250)",8.238,PASS,"backdrop-only screenshot (text ink hidden via color:transparent), 4x4 grid sample per element, darkest-vs-lightest kept, WCAG relative-luminance ratio against the worse extreme"
https://eyalamit-co-il-2026.s887.upress.link/eyal-amit/mokesh-dahiman/,div.split2.split2--rev>div.r.in>div.intro-body>p,אחרי טבילה במים של מוקש (המקום הספציפי גל גדת הגנג,17,300,False,4.5,"rgb(103,72,45)","rgb(255,255,250)",8.238,PASS,"backdrop-only screenshot (text ink hidden via color:transparent), 4x4 grid sample per element, darkest-vs-lightest kept, WCAG relative-luminance ratio against the worse extreme"
https://eyalamit-co-il-2026.s887.upress.link/eyal-amit/mokesh-dahiman/,section.sec>div.wrap>div.intro-body.r>p,פטירתו הפתאומית של מוקש גדעה לצערי את פעילותו ופוע,17,300,False,4.5,"rgb(103,72,45)","rgb(255,255,250)",8.238,PASS,"backdrop-only screenshot (text ink hidden via color:transparent), 4x4 grid sample per element, darkest-vs-lightest kept, WCAG relative-luminance ratio against the worse extreme"
https://eyalamit-co-il-2026.s887.upress.link/eyal-amit/mokesh-dahiman/,section.sec>div.wrap>div.intro-body.r>p,"ההחלטה היתה קשה, אך בסופו של דבר הם החליטו למכור א",17,300,False,4.5,"rgb(103,72,45)","rgb(255,255,250)",8.238,PASS,"backdrop-only screenshot (text ink hidden via color:transparent), 4x4 grid sample per element, darkest-vs-lightest kept, WCAG relative-luminance ratio against the worse extreme"
https://eyalamit-co-il-2026.s887.upress.link/eyal-amit/mokesh-dahiman/,section.sec>div.wrap>div.intro-body.r>p,כשהגעתי לביקור עמד שם בית חדש שאינני מכיר. בית ללא,17,300,False,4.5,"rgb(103,72,45)","rgb(255,255,250)",8.238,PASS,"backdrop-only screenshot (text ink hidden via color:transparent), 4x4 grid sample per element, darkest-vs-lightest kept, WCAG relative-luminance ratio against the worse extreme"
https://eyalamit-co-il-2026.s887.upress.link/eyal-amit/mokesh-dahiman/,section.sec>div.wrap>div.intro-body.r>p,בהתאם למסורת ההודית בנו הבכור של מוקש ירש את העסק ,17,300,False,4.5,"rgb(103,72,45)","rgb(255,255,250)",8.238,PASS,"backdrop-only screenshot (text ink hidden via color:transparent), 4x4 grid sample per element, darkest-vs-lightest kept, WCAG relative-luminance ratio against the worse extreme"
https://eyalamit-co-il-2026.s887.upress.link/eyal-amit/mokesh-dahiman/,section.sec>div.wrap>div.intro-body.r>p,שברון הלב הגדול ביותר שחוויתי בביקור הזה התרחש בעת,17,300,False,4.5,"rgb(103,72,45)","rgb(255,255,250)",8.238,PASS,"backdrop-only screenshot (text ink hidden via color:transparent), 4x4 grid sample per element, darkest-vs-lightest kept, WCAG relative-luminance ratio against the worse extreme"
https://eyalamit-co-il-2026.s887.upress.link/eyal-amit/mokesh-dahiman/,section.sec>div.wrap>div.intro-body.r>p,לראות את המקום ככה מוזנח.. מטונף.. הבקתה רקובה לגמ,17,300,False,4.5,"rgb(103,72,45)","rgb(255,255,250)",8.238,PASS,"backdrop-only screenshot (text ink hidden via color:transparent), 4x4 grid sample per element, darkest-vs-lightest kept, WCAG relative-luminance ratio against the worse extreme"
https://eyalamit-co-il-2026.s887.upress.link/eyal-amit/mokesh-dahiman/,section.sec>div.wrap>div.intro-body.r>p,"מתוך כבוד והערכה למוקש, כרעתי על בירכיי ובמשך יום ",17,300,False,4.5,"rgb(103,72,45)","rgb(255,255,250)",8.238,PASS,"backdrop-only screenshot (text ink hidden via color:transparent), 4x4 grid sample per element, darkest-vs-lightest kept, WCAG relative-luminance ratio against the worse extreme"
https://eyalamit-co-il-2026.s887.upress.link/eyal-amit/mokesh-dahiman/,section.sec>div.wrap>div.intro-body.r>p,"ממקום מטופח ומלבלב של שיחי ורדים, אלוורה, כורכום, ",17,300,False,4.5,"rgb(103,72,45)","rgb(255,255,250)",8.238,PASS,"backdrop-only screenshot (text ink hidden via color:transparent), 4x4 grid sample per element, darkest-vs-lightest kept, WCAG relative-luminance ratio against the worse extreme"
https://eyalamit-co-il-2026.s887.upress.link/eyal-amit/mokesh-dahiman/,section.sec>div.wrap>div.intro-body.r>p,קרו עוד הרבה דברים בביקור הזה. דברים קשים ומצערים ,17,300,False,4.5,"rgb(103,72,45)","rgb(255,255,250)",8.238,PASS,"backdrop-only screenshot (text ink hidden via color:transparent), 4x4 grid sample per element, darkest-vs-lightest kept, WCAG relative-luminance ratio against the worse extreme"
https://eyalamit-co-il-2026.s887.upress.link/eyal-amit/mokesh-dahiman/,section.sec>div.wrap>div.intro-body.r>p,השורה התחתונה היא שמוקש איננו. תם עידן מוקש ברישיק,17,300,False,4.5,"rgb(103,72,45)","rgb(255,255,250)",8.238,PASS,"backdrop-only screenshot (text ink hidden via color:transparent), 4x4 grid sample per element, darkest-vs-lightest kept, WCAG relative-luminance ratio against the worse extreme"
https://eyalamit-co-il-2026.s887.upress.link/eyal-amit/mokesh-dahiman/,section.sec>div.wrap>div.intro-body.r>p,אני מתפלל לאלוהים ומקווה שיעשה חסד עם משפחתו של מו,17,300,False,4.5,"rgb(103,72,45)","rgb(255,255,250)",8.238,PASS,"backdrop-only screenshot (text ink hidden via color:transparent), 4x4 grid sample per element, darkest-vs-lightest kept, WCAG relative-luminance ratio against the worse extreme"
https://eyalamit-co-il-2026.s887.upress.link/eyal-amit/mokesh-dahiman/,section.sec>div.wrap>div.intro-body.r>p,"חזרתי מהודו שבור לב, אך במקביל גם בתחושת שליחות גד",17,300,False,4.5,"rgb(103,72,45)","rgb(255,255,250)",8.238,PASS,"backdrop-only screenshot (text ink hidden via color:transparent), 4x4 grid sample per element, darkest-vs-lightest kept, WCAG relative-luminance ratio against the worse extreme"
https://eyalamit-co-il-2026.s887.upress.link/eyal-amit/mokesh-dahiman/,section.sec>div.wrap>div.intro-body.r>p,"בשנת 2018 בעודו בחיים, קיבלתי את ברכתו של מוקש שהכ",17,300,False,4.5,"rgb(103,72,45)","rgb(255,255,250)",8.238,PASS,"backdrop-only screenshot (text ink hidden via color:transparent), 4x4 grid sample per element, darkest-vs-lightest kept, WCAG relative-luminance ratio against the worse extreme"
https://eyalamit-co-il-2026.s887.upress.link/eyal-amit/mokesh-dahiman/,section.sec>div.wrap>div.intro-body.r>p,"כמוני בדיוק ישנם עוד מורים, בנאים ומטפלים אחרים בד",17,300,False,4.5,"rgb(103,72,45)","rgb(255,255,250)",8.238,PASS,"backdrop-only screenshot (text ink hidden via color:transparent), 4x4 grid sample per element, darkest-vs-lightest kept, WCAG relative-luminance ratio against the worse extreme"
https://eyalamit-co-il-2026.s887.upress.link/eyal-amit/mokesh-dahiman/,section.sec>div.wrap>div.intro-body.r>p,"בתחומים אחרים, לא של דיג'רידו, אני מכיר באופן אישי",17,300,False,4.5,"rgb(103,72,45)","rgb(255,255,250)",8.238,PASS,"backdrop-only screenshot (text ink hidden via color:transparent), 4x4 grid sample per element, darkest-vs-lightest kept, WCAG relative-luminance ratio against the worse extreme"
https://eyalamit-co-il-2026.s887.upress.link/eyal-amit/mokesh-dahiman/,main.chapters-main>section.sec>div.wrap.center>h2.h2.r,דברי הספד,24.65,400,True,3.0,"rgb(47,32,19)","rgb(255,255,250)",15.661,PASS,"backdrop-only screenshot (text ink hidden via color:transparent), 4x4 grid sample per element, darkest-vs-lightest kept, WCAG relative-luminance ratio against the worse extreme"
https://eyalamit-co-il-2026.s887.upress.link/eyal-amit/mokesh-dahiman/,section.sec>div.wrap.center>div.intro-body.r>p,"נוח על משכבך בשלום מורי היקר והאהוב, מוקש דהימן. ה",17,300,False,4.5,"rgb(103,72,45)","rgb(255,255,250)",8.238,PASS,"backdrop-only screenshot (text ink hidden via color:transparent), 4x4 grid sample per element, darkest-vs-lightest kept, WCAG relative-luminance ratio against the worse extreme"
https://eyalamit-co-il-2026.s887.upress.link/eyal-amit/mokesh-dahiman/,section.sec>div.wrap.center>div.intro-body.r>p,יהי זכרך ברוך ומבורך,17,300,False,4.5,"rgb(103,72,45)","rgb(255,255,250)",8.238,PASS,"backdrop-only screenshot (text ink hidden via color:transparent), 4x4 grid sample per element, darkest-vs-lightest kept, WCAG relative-luminance ratio against the worse extreme"
https://eyalamit-co-il-2026.s887.upress.link/eyal-amit/mokesh-dahiman/,section.sec>div.wrap.center>div.intro-body.r>p,אוהב אותך עד נשימתי האחרונה,17,300,False,4.5,"rgb(103,72,45)","rgb(255,255,250)",8.238,PASS,"backdrop-only screenshot (text ink hidden via color:transparent), 4x4 grid sample per element, darkest-vs-lightest kept, WCAG relative-luminance ratio against the worse extreme"
https://eyalamit-co-il-2026.s887.upress.link/eyal-amit/mokesh-dahiman/,section.sec>div.wrap.center>div.intro-body.r>p,אייל עמית,17,300,False,4.5,"rgb(103,72,45)","rgb(255,255,250)",8.238,PASS,"backdrop-only screenshot (text ink hidden via color:transparent), 4x4 grid sample per element, darkest-vs-lightest kept, WCAG relative-luminance ratio against the worse extreme"
https://eyalamit-co-il-2026.s887.upress.link/eyal-amit/mokesh-dahiman/,section.sec>div.wrap.center>div.intro-body.r>p,"""Shanti Play Mantra Inside, Shanti Coming Home""",17,300,False,4.5,"rgb(103,72,45)","rgb(255,255,250)",8.238,PASS,"backdrop-only screenshot (text ink hidden via color:transparent), 4x4 grid sample per element, darkest-vs-lightest kept, WCAG relative-luminance ratio against the worse extreme"
https://eyalamit-co-il-2026.s887.upress.link/eyal-amit/mokesh-dahiman/,section.sec>div.wrap.center>div.intro-body.r>p,Om Mukesh Ji,17,300,False,4.5,"rgb(103,72,45)","rgb(255,255,250)",8.238,PASS,"backdrop-only screenshot (text ink hidden via color:transparent), 4x4 grid sample per element, darkest-vs-lightest kept, WCAG relative-luminance ratio against the worse extreme"
https://eyalamit-co-il-2026.s887.upress.link/eyal-amit/mokesh-dahiman/,main.chapters-main>section.sec.sec--alt>div.wrap.center>span.chap.chap--c,מהקהילה,11.05,500,False,4.5,"rgb(181,102,61)","rgb(239,234,225)",3.553,FAIL,"backdrop-only screenshot (text ink hidden via color:transparent), 4x4 grid sample per element, darkest-vs-lightest kept, WCAG relative-luminance ratio against the worse extreme"
https://eyalamit-co-il-2026.s887.upress.link/eyal-amit/mokesh-dahiman/,main.chapters-main>section.sec.sec--alt>div.wrap.center>h2.h2.r,מתוך הפייסבוק,24.65,400,True,3.0,"rgb(47,32,19)","rgb(239,234,225)",13.11,PASS,"backdrop-only screenshot (text ink hidden via color:transparent), 4x4 grid sample per element, darkest-vs-lightest kept, WCAG relative-luminance ratio against the worse extreme"
https://eyalamit-co-il-2026.s887.upress.link/contact/,nav.nav>ul.nav__l>li>a.nav__dd,טיפול בדיג׳רידו▾,18.36,400,False,4.5,"rgb(255,255,255) a=0.82","rgb(76,84,63)",5.989,PASS,"backdrop-only screenshot (text ink hidden via color:transparent), 4x4 grid sample per element, darkest-vs-lightest kept, WCAG relative-luminance ratio against the worse extreme"
https://eyalamit-co-il-2026.s887.upress.link/contact/,ul.nav__l>li>a.nav__dd>span.nav__caret,▾,11.02,400,False,4.5,"rgb(255,255,255) a=0.82","rgb(31,37,14)",11.002,PASS,"backdrop-only screenshot (text ink hidden via color:transparent), 4x4 grid sample per element, darkest-vs-lightest kept, WCAG relative-luminance ratio against the worse extreme"
https://eyalamit-co-il-2026.s887.upress.link/contact/,nav.nav>ul.nav__l>li>a,השיטה,18.36,400,False,4.5,"rgb(255,255,255) a=0.82","rgb(48,57,27)",8.753,PASS,"backdrop-only screenshot (text ink hidden via color:transparent), 4x4 grid sample per element, darkest-vs-lightest kept, WCAG relative-luminance ratio against the worse extreme"
https://eyalamit-co-il-2026.s887.upress.link/contact/,nav.nav>ul.nav__l>li>a,שיעורי דיג׳רידו,18.36,400,False,4.5,"rgb(255,255,255) a=0.82","rgb(52,55,33)",8.813,PASS,"backdrop-only screenshot (text ink hidden via color:transparent), 4x4 grid sample per element, darkest-vs-lightest kept, WCAG relative-luminance ratio against the worse extreme"
https://eyalamit-co-il-2026.s887.upress.link/contact/,nav.nav>ul.nav__l>li>a,סאונד הילינג,18.36,400,False,4.5,"rgb(255,255,255) a=0.82","rgb(69,62,50)",7.73,PASS,"backdrop-only screenshot (text ink hidden via color:transparent), 4x4 grid sample per element, darkest-vs-lightest kept, WCAG relative-luminance ratio against the worse extreme"
https://eyalamit-co-il-2026.s887.upress.link/contact/,nav.nav>ul.nav__l>li>button.nav__dd,לימוד והכשרה▾,18.36,400,False,4.5,"rgb(255,255,255) a=0.82","rgb(88,81,68)",5.934,PASS,"backdrop-only screenshot (text ink hidden via color:transparent), 4x4 grid sample per element, darkest-vs-lightest kept, WCAG relative-luminance ratio against the worse extreme"
https://eyalamit-co-il-2026.s887.upress.link/contact/,ul.nav__l>li>button.nav__dd>span.nav__caret,▾,11.02,400,False,4.5,"rgb(255,255,255) a=0.82","rgb(59,53,41)",8.757,PASS,"backdrop-only screenshot (text ink hidden via color:transparent), 4x4 grid sample per element, darkest-vs-lightest kept, WCAG relative-luminance ratio against the worse extreme"
https://eyalamit-co-il-2026.s887.upress.link/contact/,nav.nav>ul.nav__l>li>a.nav__dd,כלים ואביזרים▾,18.36,400,False,4.5,"rgb(255,255,255) a=0.82","rgb(69,61,52)",7.793,PASS,"backdrop-only screenshot (text ink hidden via color:transparent), 4x4 grid sample per element, darkest-vs-lightest kept, WCAG relative-luminance ratio against the worse extreme"
https://eyalamit-co-il-2026.s887.upress.link/contact/,ul.nav__l>li>a.nav__dd>span.nav__caret,▾,11.02,400,False,4.5,"rgb(255,255,255) a=0.82","rgb(66,60,50)",7.959,PASS,"backdrop-only screenshot (text ink hidden via color:transparent), 4x4 grid sample per element, darkest-vs-lightest kept, WCAG relative-luminance ratio against the worse extreme"
https://eyalamit-co-il-2026.s887.upress.link/contact/,nav.nav>ul.nav__l>li>a.nav__dd,ספרים▾,18.36,400,False,4.5,"rgb(255,255,255) a=0.82","rgb(66,56,50)",8.267,PASS,"backdrop-only screenshot (text ink hidden via color:transparent), 4x4 grid sample per element, darkest-vs-lightest kept, WCAG relative-luminance ratio against the worse extreme"
https://eyalamit-co-il-2026.s887.upress.link/contact/,ul.nav__l>li>a.nav__dd>span.nav__caret,▾,11.02,400,False,4.5,"rgb(255,255,255) a=0.82","rgb(52,51,46)",9.077,PASS,"backdrop-only screenshot (text ink hidden via color:transparent), 4x4 grid sample per element, darkest-vs-lightest kept, WCAG relative-luminance ratio against the worse extreme"
https://eyalamit-co-il-2026.s887.upress.link/contact/,nav.nav>ul.nav__l>li>a,בלוג דיג׳רידו,18.36,400,False,4.5,"rgb(255,255,255) a=0.82","rgb(66,68,51)",7.344,PASS,"backdrop-only screenshot (text ink hidden via color:transparent), 4x4 grid sample per element, darkest-vs-lightest kept, WCAG relative-luminance ratio against the worse extreme"
https://eyalamit-co-il-2026.s887.upress.link/contact/,nav.nav>ul.nav__l>li>button.nav__dd,אייל עמית▾,18.36,400,False,4.5,"rgb(255,255,255) a=0.82","rgb(48,53,29)",9.102,PASS,"backdrop-only screenshot (text ink hidden via color:transparent), 4x4 grid sample per element, darkest-vs-lightest kept, WCAG relative-luminance ratio against the worse extreme"
https://eyalamit-co-il-2026.s887.upress.link/contact/,ul.nav__l>li>button.nav__dd>span.nav__caret,▾,11.02,400,False,4.5,"rgb(255,255,255) a=0.82","rgb(23,23,14)",12.293,PASS,"backdrop-only screenshot (text ink hidden via color:transparent), 4x4 grid sample per element, darkest-vs-lightest kept, WCAG relative-luminance ratio against the worse extreme"
https://eyalamit-co-il-2026.s887.upress.link/contact/,nav.nav>ul.nav__l>li>a,צור קשר,18.36,400,False,4.5,"rgb(255,255,255) a=0.82","rgb(58,64,54)",7.807,PASS,"backdrop-only screenshot (text ink hidden via color:transparent), 4x4 grid sample per element, darkest-vs-lightest kept, WCAG relative-luminance ratio against the worse extreme"
https://eyalamit-co-il-2026.s887.upress.link/contact/,body.rtl.wp-singular>nav.nav>div.nav__r>a.nav__en,EN,12.24,300,False,4.5,"rgb(255,255,255) a=0.85","rgb(38,42,26)",11.005,PASS,"backdrop-only screenshot (text ink hidden via color:transparent), 4x4 grid sample per element, darkest-vs-lightest kept, WCAG relative-luminance ratio against the worse extreme"
https://eyalamit-co-il-2026.s887.upress.link/contact/,main.chapters-main>header.phero.phero--media>div.phero__in>span.chap,צור קשר,11.05,500,False,4.5,"rgb(208,138,94)","rgb(130,127,125)",1.416,FAIL,"backdrop-only screenshot (text ink hidden via color:transparent), 4x4 grid sample per element, darkest-vs-lightest kept, WCAG relative-luminance ratio against the worse extreme"
https://eyalamit-co-il-2026.s887.upress.link/contact/,main.chapters-main>header.phero.phero--media>div.phero__in>h1.phero__h,צור קשר,44.2,300,True,3.0,"rgb(255,255,255)","rgb(108,111,64)",5.269,PASS,"backdrop-only screenshot (text ink hidden via color:transparent), 4x4 grid sample per element, darkest-vs-lightest kept, WCAG relative-luminance ratio against the worse extreme"
https://eyalamit-co-il-2026.s887.upress.link/contact/,header.phero.phero--media>div.phero__in>h1.phero__h>em,קשר,44.2,300,True,3.0,"rgb(208,138,94)","rgb(104,112,66)",1.877,FAIL,"backdrop-only screenshot (text ink hidden via color:transparent), 4x4 grid sample per element, darkest-vs-lightest kept, WCAG relative-luminance ratio against the worse extreme"
https://eyalamit-co-il-2026.s887.upress.link/contact/,main.chapters-main>header.phero.phero--media>div.phero__in>p.phero__s,"ניתן ליצור קשר לתיאום שיחת היכרות, שאלות כלליות או",19.55,300,False,4.5,"rgb(255,255,255) a=0.86","rgb(88,82,62)",6.296,PASS,"backdrop-only screenshot (text ink hidden via color:transparent), 4x4 grid sample per element, darkest-vs-lightest kept, WCAG relative-luminance ratio against the worse extreme"
https://eyalamit-co-il-2026.s887.upress.link/contact/,header.phero.phero--media>div.phero__in>p.phero__cta>a.btn.btn--gw,דברו איתי בוואטסאפ,15.3,500,False,4.5,"rgb(255,255,255)","rgb(58,58,39)",11.574,PASS,"backdrop-only screenshot (text ink hidden via color:transparent), 4x4 grid sample per element, darkest-vs-lightest kept, WCAG relative-luminance ratio against the worse extreme"
https://eyalamit-co-il-2026.s887.upress.link/contact/,div.wrap>div.ea-contact-form-row>div.ea-entrance.ea-entrance--visible>h2.ea-contact-section__heading.r,השאירו פנייה,24.65,200,True,3.0,"rgb(46,43,40)","rgb(255,255,250)",14.029,PASS,"backdrop-only screenshot (text ink hidden via color:transparent), 4x4 grid sample per element, darkest-vs-lightest kept, WCAG relative-luminance ratio against the worse extreme"
https://eyalamit-co-il-2026.s887.upress.link/contact/,form.wpcf7-form.init>div.ea-cf7>p.ea-cf7-row>label,שם מלא,0,300,False,4.5,"rgb(47,32,19)","rgb(238,230,222)",12.723,PASS,"backdrop-only screenshot (text ink hidden via color:transparent), 4x4 grid sample per element, darkest-vs-lightest kept, WCAG relative-luminance ratio against the worse extreme"
https://eyalamit-co-il-2026.s887.upress.link/contact/,form.wpcf7-form.init>div.ea-cf7>p.ea-cf7-row>label,טלפון,0,300,False,4.5,"rgb(47,32,19)","rgb(250,248,245)",14.818,PASS,"backdrop-only screenshot (text ink hidden via color:transparent), 4x4 grid sample per element, darkest-vs-lightest kept, WCAG relative-luminance ratio against the worse extreme"
https://eyalamit-co-il-2026.s887.upress.link/contact/,form.wpcf7-form.init>div.ea-cf7>p.ea-cf7-row>label,אימייל,0,300,False,4.5,"rgb(47,32,19)","rgb(250,248,245)",14.818,PASS,"backdrop-only screenshot (text ink hidden via color:transparent), 4x4 grid sample per element, darkest-vs-lightest kept, WCAG relative-luminance ratio against the worse extreme"
https://eyalamit-co-il-2026.s887.upress.link/contact/,form.wpcf7-form.init>div.ea-cf7>p.ea-cf7-row>label,נושא בחרו נושאטיפול בדיג'רידושיעורי נגינהסאונד היל,0,300,False,4.5,"rgb(47,32,19)","rgb(238,230,222)",12.723,PASS,"backdrop-only screenshot (text ink hidden via color:transparent), 4x4 grid sample per element, darkest-vs-lightest kept, WCAG relative-luminance ratio against the worse extreme"
https://eyalamit-co-il-2026.s887.upress.link/contact/,form.wpcf7-form.init>div.ea-cf7>p.ea-cf7-row>label,הודעה,0,300,False,4.5,"rgb(47,32,19)","rgb(250,248,245)",14.818,PASS,"backdrop-only screenshot (text ink hidden via color:transparent), 4x4 grid sample per element, darkest-vs-lightest kept, WCAG relative-luminance ratio against the worse extreme"
https://eyalamit-co-il-2026.s887.upress.link/contact/,section.sec.sec--dark>div.wrap>div.ea-entrance.ea-contact-cta>h2.ea-contact-section__heading,מעדיפים לכתוב ישירות?,24.65,200,True,3.0,"rgb(255,255,255)","rgb(26,16,8)",18.724,PASS,"backdrop-only screenshot (text ink hidden via color:transparent), 4x4 grid sample per element, darkest-vs-lightest kept, WCAG relative-luminance ratio against the worse extreme"
https://eyalamit-co-il-2026.s887.upress.link/contact/,section.sec.sec--dark>div.wrap>div.ea-entrance.ea-contact-cta>p.ea-contact-section__body,אפשר לפנות בוואטסאפ ולקבל מענה אישי — גם לתיאום שי,17,300,False,4.5,"rgb(255,255,255) a=0.82","rgb(64,55,49)",8.407,PASS,"backdrop-only screenshot (text ink hidden via color:transparent), 4x4 grid sample per element, darkest-vs-lightest kept, WCAG relative-luminance ratio against the worse extreme"
https://eyalamit-co-il-2026.s887.upress.link/contact/,div.wrap>div.ea-entrance.ea-contact-cta>div.ea-cta-ab>a.ea-cta-pill.ea-cta-pill--primary,דברו איתי בוואטסאפ,12.24,300,False,4.5,"rgb(255,255,255)","rgb(164,78,43)",5.671,PASS,"backdrop-only screenshot (text ink hidden via color:transparent), 4x4 grid sample per element, darkest-vs-lightest kept, WCAG relative-luminance ratio against the worse extreme"
https://eyalamit-co-il-2026.s887.upress.link/contact/,div.wrap>div.ea-entrance.ea-contact-cta>ul.ea-contact-points>li,שיחת היכרות ראשונית ללא התחייבות,17,500,False,4.5,"rgb(255,255,255)","rgb(70,59,50)",10.869,PASS,"backdrop-only screenshot (text ink hidden via color:transparent), 4x4 grid sample per element, darkest-vs-lightest kept, WCAG relative-luminance ratio against the worse extreme"
https://eyalamit-co-il-2026.s887.upress.link/contact/,div.wrap>div.ea-entrance.ea-contact-cta>ul.ea-contact-points>li,"ליווי אישי, אחד על אחד",17,500,False,4.5,"rgb(255,255,255)","rgb(37,23,11)",17.412,PASS,"backdrop-only screenshot (text ink hidden via color:transparent), 4x4 grid sample per element, darkest-vs-lightest kept, WCAG relative-luminance ratio against the worse extreme"
https://eyalamit-co-il-2026.s887.upress.link/contact/,div.wrap>div.ea-entrance.ea-contact-cta>ul.ea-contact-points>li,מענה אישי תוך יום עסקים אחד,17,500,False,4.5,"rgb(255,255,255)","rgb(39,24,12)",17.182,PASS,"backdrop-only screenshot (text ink hidden via color:transparent), 4x4 grid sample per element, darkest-vs-lightest kept, WCAG relative-luminance ratio against the worse extreme"
https://eyalamit-co-il-2026.s887.upress.link/contact/,section.sec.sec--alt>div.wrap.center>div.ea-entrance.ea-contact-nap>h3.ea-contact-nap__h,המרכז לטיפול בנשימה באמצעות דיג'רידו,18.7,500,False,4.5,"rgb(46,43,40)","rgb(239,234,225)",11.744,PASS,"backdrop-only screenshot (text ink hidden via color:transparent), 4x4 grid sample per element, darkest-vs-lightest kept, WCAG relative-luminance ratio against the worse extreme"
https://eyalamit-co-il-2026.s887.upress.link/contact/,section.sec.sec--alt>div.wrap.center>div.ea-entrance.ea-contact-nap>p.ea-contact-nap__row,"רח' עמל 8 ב', פרדס חנה-כרכור",15.3,300,False,4.5,"rgb(90,56,38)","rgb(239,234,225)",8.641,PASS,"backdrop-only screenshot (text ink hidden via color:transparent), 4x4 grid sample per element, darkest-vs-lightest kept, WCAG relative-luminance ratio against the worse extreme"
https://eyalamit-co-il-2026.s887.upress.link/contact/,section.sec.sec--alt>div.wrap.center>div.ea-entrance.ea-contact-nap>p.ea-contact-nap__row,טלפון / וואטסאפ: 052-4822842,15.3,300,False,4.5,"rgb(90,56,38)","rgb(239,234,225)",8.641,PASS,"backdrop-only screenshot (text ink hidden via color:transparent), 4x4 grid sample per element, darkest-vs-lightest kept, WCAG relative-luminance ratio against the worse extreme"
https://eyalamit-co-il-2026.s887.upress.link/contact/,div.wrap.center>div.ea-entrance.ea-contact-nap>p.ea-contact-nap__row>a,052-4822842,15.3,300,False,4.5,"rgb(90,56,38)","rgb(239,234,225)",8.641,PASS,"backdrop-only screenshot (text ink hidden via color:transparent), 4x4 grid sample per element, darkest-vs-lightest kept, WCAG relative-luminance ratio against the worse extreme"
https://eyalamit-co-il-2026.s887.upress.link/contact/,section.sec.sec--alt>div.wrap.center>div.ea-entrance.ea-contact-nap>p.ea-contact-nap__row,שעות פעילות: א'–ה' 9:00–19:00 · ו' 9:00–14:00 · שב,15.3,300,False,4.5,"rgb(90,56,38)","rgb(239,234,225)",8.641,PASS,"backdrop-only screenshot (text ink hidden via color:transparent), 4x4 grid sample per element, darkest-vs-lightest kept, WCAG relative-luminance ratio against the worse extreme"
https://eyalamit-co-il-2026.s887.upress.link/contact/,footer.foot>div.foot__in>div>p.foot__col-title,מה מציעים,11.05,500,False,4.5,"rgb(208,138,94)","rgb(14,9,5)",7.056,PASS,"backdrop-only screenshot (text ink hidden via color:transparent), 4x4 grid sample per element, darkest-vs-lightest kept, WCAG relative-luminance ratio against the worse extreme"
https://eyalamit-co-il-2026.s887.upress.link/contact/,footer.foot>div.foot__in>div>a,טיפול בדיג׳רידו,13.6,300,False,4.5,"rgb(255,255,255) a=0.60","rgb(14,9,5)",7.298,PASS,"backdrop-only screenshot (text ink hidden via color:transparent), 4x4 grid sample per element, darkest-vs-lightest kept, WCAG relative-luminance ratio against the worse extreme"
https://eyalamit-co-il-2026.s887.upress.link/contact/,footer.foot>div.foot__in>div>a,שיעורי דיג׳רידו,13.6,300,False,4.5,"rgb(255,255,255) a=0.60","rgb(14,9,5)",7.298,PASS,"backdrop-only screenshot (text ink hidden via color:transparent), 4x4 grid sample per element, darkest-vs-lightest kept, WCAG relative-luminance ratio against the worse extreme"
https://eyalamit-co-il-2026.s887.upress.link/contact/,footer.foot>div.foot__in>div>a,סאונד הילינג,13.6,300,False,4.5,"rgb(255,255,255) a=0.60","rgb(14,9,5)",7.298,PASS,"backdrop-only screenshot (text ink hidden via color:transparent), 4x4 grid sample per element, darkest-vs-lightest kept, WCAG relative-luminance ratio against the worse extreme"
https://eyalamit-co-il-2026.s887.upress.link/contact/,footer.foot>div.foot__in>div>a,השיטה cbDIDG,13.6,300,False,4.5,"rgb(255,255,255) a=0.60","rgb(14,9,5)",7.298,PASS,"backdrop-only screenshot (text ink hidden via color:transparent), 4x4 grid sample per element, darkest-vs-lightest kept, WCAG relative-luminance ratio against the worse extreme"
https://eyalamit-co-il-2026.s887.upress.link/contact/,footer.foot>div.foot__in>div>p.foot__col-title,עוד,11.05,500,False,4.5,"rgb(208,138,94)","rgb(14,9,5)",7.056,PASS,"backdrop-only screenshot (text ink hidden via color:transparent), 4x4 grid sample per element, darkest-vs-lightest kept, WCAG relative-luminance ratio against the worse extreme"
https://eyalamit-co-il-2026.s887.upress.link/contact/,footer.foot>div.foot__in>div>a,בלוג,13.6,300,False,4.5,"rgb(255,255,255) a=0.60","rgb(14,9,5)",7.298,PASS,"backdrop-only screenshot (text ink hidden via color:transparent), 4x4 grid sample per element, darkest-vs-lightest kept, WCAG relative-luminance ratio against the worse extreme"
https://eyalamit-co-il-2026.s887.upress.link/contact/,footer.foot>div.foot__in>div>a,ספרים · מוזה,13.6,300,False,4.5,"rgb(255,255,255) a=0.60","rgb(14,9,5)",7.298,PASS,"backdrop-only screenshot (text ink hidden via color:transparent), 4x4 grid sample per element, darkest-vs-lightest kept, WCAG relative-luminance ratio against the worse extreme"
https://eyalamit-co-il-2026.s887.upress.link/contact/,footer.foot>div.foot__in>div>a,אודות אייל,13.6,300,False,4.5,"rgb(255,255,255) a=0.60","rgb(14,9,5)",7.298,PASS,"backdrop-only screenshot (text ink hidden via color:transparent), 4x4 grid sample per element, darkest-vs-lightest kept, WCAG relative-luminance ratio against the worse extreme"
https://eyalamit-co-il-2026.s887.upress.link/contact/,footer.foot>div.foot__in>div>a,צור קשר,13.6,300,False,4.5,"rgb(255,255,255) a=0.60","rgb(14,9,5)",7.298,PASS,"backdrop-only screenshot (text ink hidden via color:transparent), 4x4 grid sample per element, darkest-vs-lightest kept, WCAG relative-luminance ratio against the worse extreme"
https://eyalamit-co-il-2026.s887.upress.link/contact/,footer.foot>div.foot__in>div.foot__brand>b,המרכז לטיפול בנשימה באמצעות דיג׳רידו,21.25,700,True,3.0,"rgb(255,255,255)","rgb(39,34,31)",15.732,PASS,"backdrop-only screenshot (text ink hidden via color:transparent), 4x4 grid sample per element, darkest-vs-lightest kept, WCAG relative-luminance ratio against the worse extreme"
https://eyalamit-co-il-2026.s887.upress.link/contact/,footer.foot>div.foot__in>div.foot__brand>p,"פרדס חנה, ישראל. שיטת cbDIDG, מאז 1999.",13.6,300,False,4.5,"rgb(255,255,255) a=0.45","rgb(14,9,5)",4.496,FAIL,"backdrop-only screenshot (text ink hidden via color:transparent), 4x4 grid sample per element, darkest-vs-lightest kept, WCAG relative-luminance ratio against the worse extreme"
https://eyalamit-co-il-2026.s887.upress.link/contact/,footer.foot>div.foot__in>div.foot__brand>p.foot__nap,"רח' עמל 8 ב', פרדס חנה-כרכור",13.6,300,False,4.5,"rgb(255,255,255) a=0.45","rgb(14,9,5)",4.496,FAIL,"backdrop-only screenshot (text ink hidden via color:transparent), 4x4 grid sample per element, darkest-vs-lightest kept, WCAG relative-luminance ratio against the worse extreme"
https://eyalamit-co-il-2026.s887.upress.link/contact/,div.foot__in>div.foot__brand>p.foot__tel>a,052-4822842,13.6,300,False,4.5,"rgb(255,255,255) a=0.60","rgb(14,9,5)",7.298,PASS,"backdrop-only screenshot (text ink hidden via color:transparent), 4x4 grid sample per element, darkest-vs-lightest kept, WCAG relative-luminance ratio against the worse extreme"
https://eyalamit-co-il-2026.s887.upress.link/contact/,body.rtl.wp-singular>footer.foot>div.foot__legal>p.foot__disc,"המידע באתר זה אינו מהווה ייעוץ רפואי, אבחון או טיפ",12.24,300,False,4.5,"rgb(255,255,255) a=0.62","rgb(14,9,5)",7.744,PASS,"backdrop-only screenshot (text ink hidden via color:transparent), 4x4 grid sample per element, darkest-vs-lightest kept, WCAG relative-luminance ratio against the worse extreme"
https://eyalamit-co-il-2026.s887.upress.link/contact/,body.rtl.wp-singular>footer.foot>div.foot__legal>p.foot__base,© 2026 אייל עמית · כל הזכויות שמורות · הצהרת נגישו,12.24,300,False,4.5,"rgb(255,255,255) a=0.62","rgb(14,9,5)",7.744,PASS,"backdrop-only screenshot (text ink hidden via color:transparent), 4x4 grid sample per element, darkest-vs-lightest kept, WCAG relative-luminance ratio against the worse extreme"
https://eyalamit-co-il-2026.s887.upress.link/contact/,footer.foot>div.foot__legal>p.foot__base>a,הצהרת נגישות,13.6,300,False,4.5,"rgb(255,255,255) a=0.55","rgb(14,9,5)",6.258,PASS,"backdrop-only screenshot (text ink hidden via color:transparent), 4x4 grid sample per element, darkest-vs-lightest kept, WCAG relative-luminance ratio against the worse extreme"
https://eyalamit-co-il-2026.s887.upress.link/contact/,footer.foot>div.foot__legal>p.foot__base>a,מדיניות פרטיות,13.6,300,False,4.5,"rgb(255,255,255) a=0.55","rgb(14,9,5)",6.258,PASS,"backdrop-only screenshot (text ink hidden via color:transparent), 4x4 grid sample per element, darkest-vs-lightest kept, WCAG relative-luminance ratio against the worse extreme"
https://eyalamit-co-il-2026.s887.upress.link/accessibility/,nav.nav>ul.nav__l>li>a.nav__dd,טיפול בדיג׳רידו▾,18.36,400,False,4.5,"rgb(255,255,255) a=0.82","rgb(58,55,44)",8.602,PASS,"backdrop-only screenshot (text ink hidden via color:transparent), 4x4 grid sample per element, darkest-vs-lightest kept, WCAG relative-luminance ratio against the worse extreme"
https://eyalamit-co-il-2026.s887.upress.link/accessibility/,ul.nav__l>li>a.nav__dd>span.nav__caret,▾,11.02,400,False,4.5,"rgb(255,255,255) a=0.82","rgb(85,82,71)",5.917,PASS,"backdrop-only screenshot (text ink hidden via color:transparent), 4x4 grid sample per element, darkest-vs-lightest kept, WCAG relative-luminance ratio against the worse extreme"
https://eyalamit-co-il-2026.s887.upress.link/accessibility/,nav.nav>ul.nav__l>li>a,השיטה,18.36,400,False,4.5,"rgb(255,255,255) a=0.82","rgb(83,67,46)",7.03,PASS,"backdrop-only screenshot (text ink hidden via color:transparent), 4x4 grid sample per element, darkest-vs-lightest kept, WCAG relative-luminance ratio against the worse extreme"
https://eyalamit-co-il-2026.s887.upress.link/accessibility/,nav.nav>ul.nav__l>li>a,שיעורי דיג׳רידו,18.36,400,False,4.5,"rgb(255,255,255) a=0.82","rgb(85,74,58)",6.471,PASS,"backdrop-only screenshot (text ink hidden via color:transparent), 4x4 grid sample per element, darkest-vs-lightest kept, WCAG relative-luminance ratio against the worse extreme"
https://eyalamit-co-il-2026.s887.upress.link/accessibility/,nav.nav>ul.nav__l>li>a,סאונד הילינג,18.36,400,False,4.5,"rgb(255,255,255) a=0.82","rgb(75,58,41)",7.907,PASS,"backdrop-only screenshot (text ink hidden via color:transparent), 4x4 grid sample per element, darkest-vs-lightest kept, WCAG relative-luminance ratio against the worse extreme"
https://eyalamit-co-il-2026.s887.upress.link/accessibility/,nav.nav>ul.nav__l>li>button.nav__dd,לימוד והכשרה▾,18.36,400,False,4.5,"rgb(255,255,255) a=0.82","rgb(73,41,21)",9.275,PASS,"backdrop-only screenshot (text ink hidden via color:transparent), 4x4 grid sample per element, darkest-vs-lightest kept, WCAG relative-luminance ratio against the worse extreme"
https://eyalamit-co-il-2026.s887.upress.link/accessibility/,ul.nav__l>li>button.nav__dd>span.nav__caret,▾,11.02,400,False,4.5,"rgb(255,255,255) a=0.82","rgb(53,29,15)",10.945,PASS,"backdrop-only screenshot (text ink hidden via color:transparent), 4x4 grid sample per element, darkest-vs-lightest kept, WCAG relative-luminance ratio against the worse extreme"
https://eyalamit-co-il-2026.s887.upress.link/accessibility/,nav.nav>ul.nav__l>li>a.nav__dd,כלים ואביזרים▾,18.36,400,False,4.5,"rgb(255,255,255) a=0.82","rgb(75,42,18)",9.133,PASS,"backdrop-only screenshot (text ink hidden via color:transparent), 4x4 grid sample per element, darkest-vs-lightest kept, WCAG relative-luminance ratio against the worse extreme"
https://eyalamit-co-il-2026.s887.upress.link/accessibility/,ul.nav__l>li>a.nav__dd>span.nav__caret,▾,11.02,400,False,4.5,"rgb(255,255,255) a=0.82","rgb(45,25,13)",11.524,PASS,"backdrop-only screenshot (text ink hidden via color:transparent), 4x4 grid sample per element, darkest-vs-lightest kept, WCAG relative-luminance ratio against the worse extreme"
https://eyalamit-co-il-2026.s887.upress.link/accessibility/,nav.nav>ul.nav__l>li>a.nav__dd,ספרים▾,18.36,400,False,4.5,"rgb(255,255,255) a=0.82","rgb(60,48,33)",9.178,PASS,"backdrop-only screenshot (text ink hidden via color:transparent), 4x4 grid sample per element, darkest-vs-lightest kept, WCAG relative-luminance ratio against the worse extreme"
https://eyalamit-co-il-2026.s887.upress.link/accessibility/,ul.nav__l>li>a.nav__dd>span.nav__caret,▾,11.02,400,False,4.5,"rgb(255,255,255) a=0.82","rgb(60,47,31)",9.268,PASS,"backdrop-only screenshot (text ink hidden via color:transparent), 4x4 grid sample per element, darkest-vs-lightest kept, WCAG relative-luminance ratio against the worse extreme"
https://eyalamit-co-il-2026.s887.upress.link/accessibility/,nav.nav>ul.nav__l>li>a,בלוג דיג׳רידו,18.36,400,False,4.5,"rgb(255,255,255) a=0.82","rgb(102,82,60)",5.626,PASS,"backdrop-only screenshot (text ink hidden via color:transparent), 4x4 grid sample per element, darkest-vs-lightest kept, WCAG relative-luminance ratio against the worse extreme"
https://eyalamit-co-il-2026.s887.upress.link/accessibility/,nav.nav>ul.nav__l>li>button.nav__dd,אייל עמית▾,18.36,400,False,4.5,"rgb(255,255,255) a=0.82","rgb(56,46,34)",9.46,PASS,"backdrop-only screenshot (text ink hidden via color:transparent), 4x4 grid sample per element, darkest-vs-lightest kept, WCAG relative-luminance ratio against the worse extreme"
https://eyalamit-co-il-2026.s887.upress.link/accessibility/,ul.nav__l>li>button.nav__dd>span.nav__caret,▾,11.02,400,False,4.5,"rgb(255,255,255) a=0.82","rgb(53,30,17)",10.87,PASS,"backdrop-only screenshot (text ink hidden via color:transparent), 4x4 grid sample per element, darkest-vs-lightest kept, WCAG relative-luminance ratio against the worse extreme"
https://eyalamit-co-il-2026.s887.upress.link/accessibility/,nav.nav>ul.nav__l>li>a,צור קשר,18.36,400,False,4.5,"rgb(255,255,255) a=0.82","rgb(72,57,38)",8.084,PASS,"backdrop-only screenshot (text ink hidden via color:transparent), 4x4 grid sample per element, darkest-vs-lightest kept, WCAG relative-luminance ratio against the worse extreme"
https://eyalamit-co-il-2026.s887.upress.link/accessibility/,body.rtl.wp-singular>nav.nav>div.nav__r>a.nav__en,EN,12.24,300,False,4.5,"rgb(255,255,255) a=0.85","rgb(89,69,48)",7.091,PASS,"backdrop-only screenshot (text ink hidden via color:transparent), 4x4 grid sample per element, darkest-vs-lightest kept, WCAG relative-luminance ratio against the worse extreme"
https://eyalamit-co-il-2026.s887.upress.link/accessibility/,main.chapters-main>header.phero.phero--media>div.phero__in>span.chap,משפטי,11.05,500,False,4.5,"rgb(208,138,94)","rgb(84,75,67)",3.035,FAIL,"backdrop-only screenshot (text ink hidden via color:transparent), 4x4 grid sample per element, darkest-vs-lightest kept, WCAG relative-luminance ratio against the worse extreme"
https://eyalamit-co-il-2026.s887.upress.link/accessibility/,main.chapters-main>header.phero.phero--media>div.phero__in>h1.phero__h,הצהרת נגישות,44.2,300,True,3.0,"rgb(255,255,255)","rgb(79,71,59)",9.143,PASS,"backdrop-only screenshot (text ink hidden via color:transparent), 4x4 grid sample per element, darkest-vs-lightest kept, WCAG relative-luminance ratio against the worse extreme"
https://eyalamit-co-il-2026.s887.upress.link/accessibility/,header.phero.phero--media>div.phero__in>h1.phero__h>em,נגישות,44.2,300,True,3.0,"rgb(208,138,94)","rgb(79,68,58)",3.368,PASS,"backdrop-only screenshot (text ink hidden via color:transparent), 4x4 grid sample per element, darkest-vs-lightest kept, WCAG relative-luminance ratio against the worse extreme"
https://eyalamit-co-il-2026.s887.upress.link/accessibility/,main.chapters-main>header.phero.phero--media>div.phero__in>p.phero__s,אנו פועלים להנגיש את האתר לכלל המשתמשים.,19.55,300,False,4.5,"rgb(255,255,255) a=0.86","rgb(43,34,26)",11.843,PASS,"backdrop-only screenshot (text ink hidden via color:transparent), 4x4 grid sample per element, darkest-vs-lightest kept, WCAG relative-luminance ratio against the worse extreme"
https://eyalamit-co-il-2026.s887.upress.link/accessibility/,section.sec>div.wrap.center>div.ea-pending-approval.r>span.ea-pending-approval__badge,ממתין לאישור,12.24,700,False,4.5,"rgb(255,255,255)","rgb(230,81,0)",3.79,FAIL,"backdrop-only screenshot (text ink hidden via color:transparent), 4x4 grid sample per element, darkest-vs-lightest kept, WCAG relative-luminance ratio against the worse extreme"
https://eyalamit-co-il-2026.s887.upress.link/accessibility/,section.sec>div.wrap.center>div.ea-pending-approval.r>p.ea-pending-approval__title,"נוסח משפטי — טיוטת צוות, טרם אושרה סופית",17,700,False,4.5,"rgb(191,54,12)","rgb(255,223,125)",4.296,FAIL,"backdrop-only screenshot (text ink hidden via color:transparent), 4x4 grid sample per element, darkest-vs-lightest kept, WCAG relative-luminance ratio against the worse extreme"
https://eyalamit-co-il-2026.s887.upress.link/accessibility/,section.sec>div.wrap.center>div.ea-pending-approval.r>p.ea-pending-approval__note,הנוסח שלהלן נכתב על ידי הצוות כטיוטה עניינית ושמיש,13.6,300,False,4.5,"rgb(93,64,55)","rgb(255,221,115)",7.029,PASS,"backdrop-only screenshot (text ink hidden via color:transparent), 4x4 grid sample per element, darkest-vs-lightest kept, WCAG relative-luminance ratio against the worse extreme"
https://eyalamit-co-il-2026.s887.upress.link/accessibility/,main.chapters-main>section.sec>div.wrap>span.chap.r,מחויבות,11.05,500,False,4.5,"rgb(181,102,61)","rgb(255,255,250)",4.244,FAIL,"backdrop-only screenshot (text ink hidden via color:transparent), 4x4 grid sample per element, darkest-vs-lightest kept, WCAG relative-luminance ratio against the worse extreme"
https://eyalamit-co-il-2026.s887.upress.link/accessibility/,main.chapters-main>section.sec>div.wrap>h2.h2.r,המחויבות שלנו,24.65,400,True,3.0,"rgb(47,32,19)","rgb(255,255,250)",15.661,PASS,"backdrop-only screenshot (text ink hidden via color:transparent), 4x4 grid sample per element, darkest-vs-lightest kept, WCAG relative-luminance ratio against the worse extreme"
https://eyalamit-co-il-2026.s887.upress.link/accessibility/,section.sec>div.wrap>div.intro-body.r>p,המרכז לטיפול בדיג׳רידו רואה חשיבות רבה במתן שירות ,17,300,False,4.5,"rgb(103,72,45)","rgb(255,255,250)",8.238,PASS,"backdrop-only screenshot (text ink hidden via color:transparent), 4x4 grid sample per element, darkest-vs-lightest kept, WCAG relative-luminance ratio against the worse extreme"
https://eyalamit-co-il-2026.s887.upress.link/accessibility/,section.sec>div.wrap>div.intro-body.r>p,אנו פועלים לפי תקנות שוויון זכויות לאנשים עם מוגבל,17,300,False,4.5,"rgb(103,72,45)","rgb(255,255,250)",8.238,PASS,"backdrop-only screenshot (text ink hidden via color:transparent), 4x4 grid sample per element, darkest-vs-lightest kept, WCAG relative-luminance ratio against the worse extreme"
https://eyalamit-co-il-2026.s887.upress.link/accessibility/,div.wrap>div.intro-body.r>p>strong,פועלים לפי,17,700,False,4.5,"rgb(103,72,45)","rgb(255,255,250)",8.238,PASS,"backdrop-only screenshot (text ink hidden via color:transparent), 4x4 grid sample per element, darkest-vs-lightest kept, WCAG relative-luminance ratio against the worse extreme"
https://eyalamit-co-il-2026.s887.upress.link/accessibility/,div.wrap>div.intro-body.r>p>strong,לא בוצעה ביקורת נגישות חיצונית ובלתי תלויה,17,700,False,4.5,"rgb(103,72,45)","rgb(255,255,250)",8.238,PASS,"backdrop-only screenshot (text ink hidden via color:transparent), 4x4 grid sample per element, darkest-vs-lightest kept, WCAG relative-luminance ratio against the worse extreme"
https://eyalamit-co-il-2026.s887.upress.link/accessibility/,main.chapters-main>section.sec>div.wrap>span.chap.r,מה הונגש,11.05,500,False,4.5,"rgb(181,102,61)","rgb(255,255,250)",4.244,FAIL,"backdrop-only screenshot (text ink hidden via color:transparent), 4x4 grid sample per element, darkest-vs-lightest kept, WCAG relative-luminance ratio against the worse extreme"
https://eyalamit-co-il-2026.s887.upress.link/accessibility/,main.chapters-main>section.sec>div.wrap>h2.h2.r,ההתאמות שבוצעו בפועל,24.65,400,True,3.0,"rgb(47,32,19)","rgb(255,255,250)",15.661,PASS,"backdrop-only screenshot (text ink hidden via color:transparent), 4x4 grid sample per element, darkest-vs-lightest kept, WCAG relative-luminance ratio against the worse extreme"
https://eyalamit-co-il-2026.s887.upress.link/accessibility/,section.sec>div.wrap>div.intro-body.r>p,כל הפריטים הבאים נבדקו ונמדדו על האתר עצמו בספטמבר,17,300,False,4.5,"rgb(103,72,45)","rgb(255,255,250)",8.238,PASS,"backdrop-only screenshot (text ink hidden via color:transparent), 4x4 grid sample per element, darkest-vs-lightest kept, WCAG relative-luminance ratio against the worse extreme"
https://eyalamit-co-il-2026.s887.upress.link/accessibility/,div.wrap>div.intro-body.r>ul>li,"מבנה כותרות תקין. כותרת ראשית אחת בכל עמוד, ללא די",17,300,False,4.5,"rgb(47,32,19)","rgb(255,255,250)",15.661,PASS,"backdrop-only screenshot (text ink hidden via color:transparent), 4x4 grid sample per element, darkest-vs-lightest kept, WCAG relative-luminance ratio against the worse extreme"
https://eyalamit-co-il-2026.s887.upress.link/accessibility/,div.intro-body.r>ul>li>strong,מבנה כותרות תקין.,17,700,False,4.5,"rgb(47,32,19)","rgb(255,255,250)",15.661,PASS,"backdrop-only screenshot (text ink hidden via color:transparent), 4x4 grid sample per element, darkest-vs-lightest kept, WCAG relative-luminance ratio against the worse extreme"
https://eyalamit-co-il-2026.s887.upress.link/accessibility/,div.wrap>div.intro-body.r>ul>li,"טקסט חלופי לתמונות התוכן. כל תמונה נושאת תיאור, למ",17,300,False,4.5,"rgb(47,32,19)","rgb(255,255,250)",15.661,PASS,"backdrop-only screenshot (text ink hidden via color:transparent), 4x4 grid sample per element, darkest-vs-lightest kept, WCAG relative-luminance ratio against the worse extreme"
https://eyalamit-co-il-2026.s887.upress.link/accessibility/,div.intro-body.r>ul>li>strong,טקסט חלופי לתמונות התוכן.,17,700,False,4.5,"rgb(47,32,19)","rgb(255,255,250)",15.661,PASS,"backdrop-only screenshot (text ink hidden via color:transparent), 4x4 grid sample per element, darkest-vs-lightest kept, WCAG relative-luminance ratio against the worse extreme"
https://eyalamit-co-il-2026.s887.upress.link/accessibility/,div.wrap>div.intro-body.r>ul>li,"קישור «דלג לתוכן» בראש כל עמוד, המעביר את המיקוד ל",17,300,False,4.5,"rgb(47,32,19)","rgb(255,255,250)",15.661,PASS,"backdrop-only screenshot (text ink hidden via color:transparent), 4x4 grid sample per element, darkest-vs-lightest kept, WCAG relative-luminance ratio against the worse extreme"
https://eyalamit-co-il-2026.s887.upress.link/accessibility/,div.intro-body.r>ul>li>strong,קישור «דלג לתוכן»,17,700,False,4.5,"rgb(47,32,19)","rgb(255,255,250)",15.661,PASS,"backdrop-only screenshot (text ink hidden via color:transparent), 4x4 grid sample per element, darkest-vs-lightest kept, WCAG relative-luminance ratio against the worse extreme"
https://eyalamit-co-il-2026.s887.upress.link/accessibility/,div.wrap>div.intro-body.r>ul>li,"ניווט מלא במקלדת, לרבות התפריט במסכים צרים. כל פקד",17,300,False,4.5,"rgb(47,32,19)","rgb(255,255,250)",15.661,PASS,"backdrop-only screenshot (text ink hidden via color:transparent), 4x4 grid sample per element, darkest-vs-lightest kept, WCAG relative-luminance ratio against the worse extreme"
https://eyalamit-co-il-2026.s887.upress.link/accessibility/,div.intro-body.r>ul>li>strong,ניווט מלא במקלדת,17,700,False,4.5,"rgb(47,32,19)","rgb(255,255,250)",15.661,PASS,"backdrop-only screenshot (text ink hidden via color:transparent), 4x4 grid sample per element, darkest-vs-lightest kept, WCAG relative-luminance ratio against the worse extreme"
https://eyalamit-co-il-2026.s887.upress.link/accessibility/,div.wrap>div.intro-body.r>ul>li,הגדלת טקסט עד פי שניים ללא חיתוך תוכן וללא גלילה א,17,300,False,4.5,"rgb(47,32,19)","rgb(255,255,250)",15.661,PASS,"backdrop-only screenshot (text ink hidden via color:transparent), 4x4 grid sample per element, darkest-vs-lightest kept, WCAG relative-luminance ratio against the worse extreme"
https://eyalamit-co-il-2026.s887.upress.link/accessibility/,div.intro-body.r>ul>li>strong,הגדלת טקסט,17,700,False,4.5,"rgb(47,32,19)","rgb(255,255,250)",15.661,PASS,"backdrop-only screenshot (text ink hidden via color:transparent), 4x4 grid sample per element, darkest-vs-lightest kept, WCAG relative-luminance ratio against the worse extreme"
https://eyalamit-co-il-2026.s887.upress.link/accessibility/,div.wrap>div.intro-body.r>ul>li,"סימון אזורי תוכן — אזור תוכן ראשי יחיד, אזורי ניוו",17,300,False,4.5,"rgb(47,32,19)","rgb(255,255,250)",15.661,PASS,"backdrop-only screenshot (text ink hidden via color:transparent), 4x4 grid sample per element, darkest-vs-lightest kept, WCAG relative-luminance ratio against the worse extreme"
https://eyalamit-co-il-2026.s887.upress.link/accessibility/,div.intro-body.r>ul>li>strong,סימון אזורי תוכן,17,700,False,4.5,"rgb(47,32,19)","rgb(255,255,250)",15.661,PASS,"backdrop-only screenshot (text ink hidden via color:transparent), 4x4 grid sample per element, darkest-vs-lightest kept, WCAG relative-luminance ratio against the worse extreme"
https://eyalamit-co-il-2026.s887.upress.link/accessibility/,div.wrap>div.intro-body.r>ul>li,"ניגודיות צבעים מותאמת לטקסט, לרבות צבע הטקסט במצב ",17,300,False,4.5,"rgb(47,32,19)","rgb(255,255,250)",15.661,PASS,"backdrop-only screenshot (text ink hidden via color:transparent), 4x4 grid sample per element, darkest-vs-lightest kept, WCAG relative-luminance ratio against the worse extreme"
https://eyalamit-co-il-2026.s887.upress.link/accessibility/,div.intro-body.r>ul>li>strong,ניגודיות צבעים,17,700,False,4.5,"rgb(47,32,19)","rgb(255,255,250)",15.661,PASS,"backdrop-only screenshot (text ink hidden via color:transparent), 4x4 grid sample per element, darkest-vs-lightest kept, WCAG relative-luminance ratio against the worse extreme"
https://eyalamit-co-il-2026.s887.upress.link/accessibility/,main.chapters-main>section.sec>div.wrap>span.chap.r,מגבלות,11.05,500,False,4.5,"rgb(181,102,61)","rgb(255,255,250)",4.244,FAIL,"backdrop-only screenshot (text ink hidden via color:transparent), 4x4 grid sample per element, darkest-vs-lightest kept, WCAG relative-luminance ratio against the worse extreme"
https://eyalamit-co-il-2026.s887.upress.link/accessibility/,main.chapters-main>section.sec>div.wrap>h2.h2.r,מגבלות ידועות,24.65,400,True,3.0,"rgb(47,32,19)","rgb(255,255,250)",15.661,PASS,"backdrop-only screenshot (text ink hidden via color:transparent), 4x4 grid sample per element, darkest-vs-lightest kept, WCAG relative-luminance ratio against the worse extreme"
https://eyalamit-co-il-2026.s887.upress.link/accessibility/,section.sec>div.wrap>div.intro-body.r>p,"אנו מעדיפים לפרט את המגבלות שאנו מכירים, ולא להסתפ",17,300,False,4.5,"rgb(103,72,45)","rgb(255,255,250)",8.238,PASS,"backdrop-only screenshot (text ink hidden via color:transparent), 4x4 grid sample per element, darkest-vs-lightest kept, WCAG relative-luminance ratio against the worse extreme"
https://eyalamit-co-il-2026.s887.upress.link/accessibility/,div.wrap>div.intro-body.r>ul>li,לא בוצעה בדיקה בקורא מסך. האתר נבנה עם סימון מתאים,17,300,False,4.5,"rgb(47,32,19)","rgb(255,255,250)",15.661,PASS,"backdrop-only screenshot (text ink hidden via color:transparent), 4x4 grid sample per element, darkest-vs-lightest kept, WCAG relative-luminance ratio against the worse extreme"
https://eyalamit-co-il-2026.s887.upress.link/accessibility/,div.intro-body.r>ul>li>strong,לא בוצעה בדיקה בקורא מסך.,17,700,False,4.5,"rgb(47,32,19)","rgb(255,255,250)",15.661,PASS,"backdrop-only screenshot (text ink hidden via color:transparent), 4x4 grid sample per element, darkest-vs-lightest kept, WCAG relative-luminance ratio against the worse extreme"
https://eyalamit-co-il-2026.s887.upress.link/accessibility/,div.wrap>div.intro-body.r>ul>li,מספר תמונות בגלריות הספרים ממתינות לזיהוי ולכן טרם,17,300,False,4.5,"rgb(47,32,19)","rgb(255,255,250)",15.661,PASS,"backdrop-only screenshot (text ink hidden via color:transparent), 4x4 grid sample per element, darkest-vs-lightest kept, WCAG relative-luminance ratio against the worse extreme"
https://eyalamit-co-il-2026.s887.upress.link/accessibility/,div.intro-body.r>ul>li>strong,מספר תמונות בגלריות הספרים ממתינות לזיהוי,17,700,False,4.5,"rgb(47,32,19)","rgb(255,255,250)",15.661,PASS,"backdrop-only screenshot (text ink hidden via color:transparent), 4x4 grid sample per element, darkest-vs-lightest kept, WCAG relative-luminance ratio against the worse extreme"
https://eyalamit-co-il-2026.s887.upress.link/accessibility/,div.wrap>div.intro-body.r>ul>li,סימון המיקוד במקלדת בולט פחות מדי בחלק מהפקדים. הט,17,300,False,4.5,"rgb(47,32,19)","rgb(255,255,250)",15.661,PASS,"backdrop-only screenshot (text ink hidden via color:transparent), 4x4 grid sample per element, darkest-vs-lightest kept, WCAG relative-luminance ratio against the worse extreme"
https://eyalamit-co-il-2026.s887.upress.link/accessibility/,div.intro-body.r>ul>li>strong,סימון המיקוד במקלדת בולט פחות מדי בחלק מהפקדים.,17,700,False,4.5,"rgb(47,32,19)","rgb(255,255,250)",15.661,PASS,"backdrop-only screenshot (text ink hidden via color:transparent), 4x4 grid sample per element, darkest-vs-lightest kept, WCAG relative-luminance ratio against the worse extreme"
https://eyalamit-co-il-2026.s887.upress.link/accessibility/,div.wrap>div.intro-body.r>ul>li,"תכני צד שלישי, ובהם הטמעות וידאו, אינם בשליטתנו המ",17,300,False,4.5,"rgb(47,32,19)","rgb(255,255,250)",15.661,PASS,"backdrop-only screenshot (text ink hidden via color:transparent), 4x4 grid sample per element, darkest-vs-lightest kept, WCAG relative-luminance ratio against the worse extreme"
https://eyalamit-co-il-2026.s887.upress.link/accessibility/,div.intro-body.r>ul>li>strong,תכני צד שלישי,17,700,False,4.5,"rgb(47,32,19)","rgb(255,255,250)",15.661,PASS,"backdrop-only screenshot (text ink hidden via color:transparent), 4x4 grid sample per element, darkest-vs-lightest kept, WCAG relative-luminance ratio against the worse extreme"
https://eyalamit-co-il-2026.s887.upress.link/accessibility/,div.wrap>div.intro-body.r>ul>li,כלי בדיקה אוטומטיים אינם מעידים על עמידה בתקן. למד,17,300,False,4.5,"rgb(47,32,19)","rgb(255,255,250)",15.661,PASS,"backdrop-only screenshot (text ink hidden via color:transparent), 4x4 grid sample per element, darkest-vs-lightest kept, WCAG relative-luminance ratio against the worse extreme"
https://eyalamit-co-il-2026.s887.upress.link/accessibility/,div.intro-body.r>ul>li>strong,כלי בדיקה אוטומטיים אינם מעידים על עמידה בתקן.,17,700,False,4.5,"rgb(47,32,19)","rgb(255,255,250)",15.661,PASS,"backdrop-only screenshot (text ink hidden via color:transparent), 4x4 grid sample per element, darkest-vs-lightest kept, WCAG relative-luminance ratio against the worse extreme"
https://eyalamit-co-il-2026.s887.upress.link/accessibility/,section.sec>div.wrap>div.intro-body.r>p,אנו ממשיכים לפעול לשיפור הנגישות באופן שוטף.,17,300,False,4.5,"rgb(103,72,45)","rgb(255,255,250)",8.238,PASS,"backdrop-only screenshot (text ink hidden via color:transparent), 4x4 grid sample per element, darkest-vs-lightest kept, WCAG relative-luminance ratio against the worse extreme"
https://eyalamit-co-il-2026.s887.upress.link/accessibility/,main.chapters-main>section.sec>div.wrap>span.chap.r,מדיה,11.05,500,False,4.5,"rgb(181,102,61)","rgb(255,255,250)",4.244,FAIL,"backdrop-only screenshot (text ink hidden via color:transparent), 4x4 grid sample per element, darkest-vs-lightest kept, WCAG relative-luminance ratio against the worse extreme"
https://eyalamit-co-il-2026.s887.upress.link/accessibility/,main.chapters-main>section.sec>div.wrap>h2.h2.r,וידאו ואודיו,24.65,400,True,3.0,"rgb(47,32,19)","rgb(255,255,250)",15.661,PASS,"backdrop-only screenshot (text ink hidden via color:transparent), 4x4 grid sample per element, darkest-vs-lightest kept, WCAG relative-luminance ratio against the worse extreme"
https://eyalamit-co-il-2026.s887.upress.link/accessibility/,section.sec>div.wrap>div.intro-body.r>p,באתר מוטמעים סרטוני וידאו חיצוניים. בשלב זה איננו ,17,300,False,4.5,"rgb(103,72,45)","rgb(255,255,250)",8.238,PASS,"backdrop-only screenshot (text ink hidden via color:transparent), 4x4 grid sample per element, darkest-vs-lightest kept, WCAG relative-luminance ratio against the worse extreme"
https://eyalamit-co-il-2026.s887.upress.link/accessibility/,main.chapters-main>section.sec>div.wrap>span.chap.r,רכז נגישות,11.05,500,False,4.5,"rgb(181,102,61)","rgb(255,255,250)",4.244,FAIL,"backdrop-only screenshot (text ink hidden via color:transparent), 4x4 grid sample per element, darkest-vs-lightest kept, WCAG relative-luminance ratio against the worse extreme"
https://eyalamit-co-il-2026.s887.upress.link/accessibility/,main.chapters-main>section.sec>div.wrap>h2.h2.r,פנייה בנושא נגישות,24.65,400,True,3.0,"rgb(47,32,19)","rgb(255,255,250)",15.661,PASS,"backdrop-only screenshot (text ink hidden via color:transparent), 4x4 grid sample per element, darkest-vs-lightest kept, WCAG relative-luminance ratio against the worse extreme"
https://eyalamit-co-il-2026.s887.upress.link/accessibility/,section.sec>div.wrap>div.intro-body.r>p,"נתקלתם בקושי בנגישות האתר, או שיש לכם הצעה לשיפור?",17,300,False,4.5,"rgb(103,72,45)","rgb(255,255,250)",8.238,PASS,"backdrop-only screenshot (text ink hidden via color:transparent), 4x4 grid sample per element, darkest-vs-lightest kept, WCAG relative-luminance ratio against the worse extreme"
https://eyalamit-co-il-2026.s887.upress.link/accessibility/,div.wrap>div.intro-body.r>p>a.tlink,עמוד יצירת הקשר,17,300,False,4.5,"rgb(154,79,43)","rgb(255,255,250)",5.936,PASS,"backdrop-only screenshot (text ink hidden via color:transparent), 4x4 grid sample per element, darkest-vs-lightest kept, WCAG relative-luminance ratio against the worse extreme"
https://eyalamit-co-il-2026.s887.upress.link/accessibility/,main.chapters-main>section.sec>div.wrap>span.chap.r,תאריך,11.05,500,False,4.5,"rgb(181,102,61)","rgb(255,255,250)",4.244,FAIL,"backdrop-only screenshot (text ink hidden via color:transparent), 4x4 grid sample per element, darkest-vs-lightest kept, WCAG relative-luminance ratio against the worse extreme"
https://eyalamit-co-il-2026.s887.upress.link/accessibility/,main.chapters-main>section.sec>div.wrap>h2.h2.r,עדכון ההצהרה,24.65,400,True,3.0,"rgb(47,32,19)","rgb(255,255,250)",15.661,PASS,"backdrop-only screenshot (text ink hidden via color:transparent), 4x4 grid sample per element, darkest-vs-lightest kept, WCAG relative-luminance ratio against the worse extreme"
https://eyalamit-co-il-2026.s887.upress.link/accessibility/,section.sec>div.wrap>div.intro-body.r>p,"הצהרת נגישות זו עודכנה לאחרונה בספטמבר 2026, לאחר ",17,300,False,4.5,"rgb(103,72,45)","rgb(255,255,250)",8.238,PASS,"backdrop-only screenshot (text ink hidden via color:transparent), 4x4 grid sample per element, darkest-vs-lightest kept, WCAG relative-luminance ratio against the worse extreme"
https://eyalamit-co-il-2026.s887.upress.link/accessibility/,footer.foot>div.foot__in>div>p.foot__col-title,מה מציעים,11.05,500,False,4.5,"rgb(208,138,94)","rgb(14,9,5)",7.056,PASS,"backdrop-only screenshot (text ink hidden via color:transparent), 4x4 grid sample per element, darkest-vs-lightest kept, WCAG relative-luminance ratio against the worse extreme"
https://eyalamit-co-il-2026.s887.upress.link/accessibility/,footer.foot>div.foot__in>div>a,טיפול בדיג׳רידו,13.6,300,False,4.5,"rgb(255,255,255) a=0.60","rgb(14,9,5)",7.298,PASS,"backdrop-only screenshot (text ink hidden via color:transparent), 4x4 grid sample per element, darkest-vs-lightest kept, WCAG relative-luminance ratio against the worse extreme"
https://eyalamit-co-il-2026.s887.upress.link/accessibility/,footer.foot>div.foot__in>div>a,שיעורי דיג׳רידו,13.6,300,False,4.5,"rgb(255,255,255) a=0.60","rgb(14,9,5)",7.298,PASS,"backdrop-only screenshot (text ink hidden via color:transparent), 4x4 grid sample per element, darkest-vs-lightest kept, WCAG relative-luminance ratio against the worse extreme"
https://eyalamit-co-il-2026.s887.upress.link/accessibility/,footer.foot>div.foot__in>div>a,סאונד הילינג,13.6,300,False,4.5,"rgb(255,255,255) a=0.60","rgb(14,9,5)",7.298,PASS,"backdrop-only screenshot (text ink hidden via color:transparent), 4x4 grid sample per element, darkest-vs-lightest kept, WCAG relative-luminance ratio against the worse extreme"
https://eyalamit-co-il-2026.s887.upress.link/accessibility/,footer.foot>div.foot__in>div>a,השיטה cbDIDG,13.6,300,False,4.5,"rgb(255,255,255) a=0.60","rgb(14,9,5)",7.298,PASS,"backdrop-only screenshot (text ink hidden via color:transparent), 4x4 grid sample per element, darkest-vs-lightest kept, WCAG relative-luminance ratio against the worse extreme"
https://eyalamit-co-il-2026.s887.upress.link/accessibility/,footer.foot>div.foot__in>div>p.foot__col-title,עוד,11.05,500,False,4.5,"rgb(208,138,94)","rgb(14,9,5)",7.056,PASS,"backdrop-only screenshot (text ink hidden via color:transparent), 4x4 grid sample per element, darkest-vs-lightest kept, WCAG relative-luminance ratio against the worse extreme"
https://eyalamit-co-il-2026.s887.upress.link/accessibility/,footer.foot>div.foot__in>div>a,בלוג,13.6,300,False,4.5,"rgb(255,255,255) a=0.60","rgb(14,9,5)",7.298,PASS,"backdrop-only screenshot (text ink hidden via color:transparent), 4x4 grid sample per element, darkest-vs-lightest kept, WCAG relative-luminance ratio against the worse extreme"
https://eyalamit-co-il-2026.s887.upress.link/accessibility/,footer.foot>div.foot__in>div>a,ספרים · מוזה,13.6,300,False,4.5,"rgb(255,255,255) a=0.60","rgb(14,9,5)",7.298,PASS,"backdrop-only screenshot (text ink hidden via color:transparent), 4x4 grid sample per element, darkest-vs-lightest kept, WCAG relative-luminance ratio against the worse extreme"
https://eyalamit-co-il-2026.s887.upress.link/accessibility/,footer.foot>div.foot__in>div>a,אודות אייל,13.6,300,False,4.5,"rgb(255,255,255) a=0.60","rgb(14,9,5)",7.298,PASS,"backdrop-only screenshot (text ink hidden via color:transparent), 4x4 grid sample per element, darkest-vs-lightest kept, WCAG relative-luminance ratio against the worse extreme"
https://eyalamit-co-il-2026.s887.upress.link/accessibility/,footer.foot>div.foot__in>div>a,צור קשר,13.6,300,False,4.5,"rgb(255,255,255) a=0.60","rgb(14,9,5)",7.298,PASS,"backdrop-only screenshot (text ink hidden via color:transparent), 4x4 grid sample per element, darkest-vs-lightest kept, WCAG relative-luminance ratio against the worse extreme"
https://eyalamit-co-il-2026.s887.upress.link/accessibility/,footer.foot>div.foot__in>div.foot__brand>b,המרכז לטיפול בנשימה באמצעות דיג׳רידו,21.25,700,True,3.0,"rgb(255,255,255)","rgb(39,34,31)",15.732,PASS,"backdrop-only screenshot (text ink hidden via color:transparent), 4x4 grid sample per element, darkest-vs-lightest kept, WCAG relative-luminance ratio against the worse extreme"
https://eyalamit-co-il-2026.s887.upress.link/accessibility/,footer.foot>div.foot__in>div.foot__brand>p,"פרדס חנה, ישראל. שיטת cbDIDG, מאז 1999.",13.6,300,False,4.5,"rgb(255,255,255) a=0.45","rgb(14,9,5)",4.496,FAIL,"backdrop-only screenshot (text ink hidden via color:transparent), 4x4 grid sample per element, darkest-vs-lightest kept, WCAG relative-luminance ratio against the worse extreme"
https://eyalamit-co-il-2026.s887.upress.link/accessibility/,footer.foot>div.foot__in>div.foot__brand>p.foot__nap,"רח' עמל 8 ב', פרדס חנה-כרכור",13.6,300,False,4.5,"rgb(255,255,255) a=0.45","rgb(14,9,5)",4.496,FAIL,"backdrop-only screenshot (text ink hidden via color:transparent), 4x4 grid sample per element, darkest-vs-lightest kept, WCAG relative-luminance ratio against the worse extreme"
https://eyalamit-co-il-2026.s887.upress.link/accessibility/,div.foot__in>div.foot__brand>p.foot__tel>a,052-4822842,13.6,300,False,4.5,"rgb(255,255,255) a=0.60","rgb(14,9,5)",7.298,PASS,"backdrop-only screenshot (text ink hidden via color:transparent), 4x4 grid sample per element, darkest-vs-lightest kept, WCAG relative-luminance ratio against the worse extreme"
https://eyalamit-co-il-2026.s887.upress.link/accessibility/,body.rtl.wp-singular>footer.foot>div.foot__legal>p.foot__disc,"המידע באתר זה אינו מהווה ייעוץ רפואי, אבחון או טיפ",12.24,300,False,4.5,"rgb(255,255,255) a=0.62","rgb(14,9,5)",7.744,PASS,"backdrop-only screenshot (text ink hidden via color:transparent), 4x4 grid sample per element, darkest-vs-lightest kept, WCAG relative-luminance ratio against the worse extreme"
https://eyalamit-co-il-2026.s887.upress.link/accessibility/,body.rtl.wp-singular>footer.foot>div.foot__legal>p.foot__base,© 2026 אייל עמית · כל הזכויות שמורות · הצהרת נגישו,12.24,300,False,4.5,"rgb(255,255,255) a=0.62","rgb(14,9,5)",7.744,PASS,"backdrop-only screenshot (text ink hidden via color:transparent), 4x4 grid sample per element, darkest-vs-lightest kept, WCAG relative-luminance ratio against the worse extreme"
https://eyalamit-co-il-2026.s887.upress.link/accessibility/,footer.foot>div.foot__legal>p.foot__base>a,הצהרת נגישות,13.6,300,False,4.5,"rgb(255,255,255) a=0.55","rgb(14,9,5)",6.258,PASS,"backdrop-only screenshot (text ink hidden via color:transparent), 4x4 grid sample per element, darkest-vs-lightest kept, WCAG relative-luminance ratio against the worse extreme"
https://eyalamit-co-il-2026.s887.upress.link/accessibility/,footer.foot>div.foot__legal>p.foot__base>a,מדיניות פרטיות,13.6,300,False,4.5,"rgb(255,255,255) a=0.55","rgb(14,9,5)",6.258,PASS,"backdrop-only screenshot (text ink hidden via color:transparent), 4x4 grid sample per element, darkest-vs-lightest kept, WCAG relative-luminance ratio against the worse extreme"
