__sheet__,__page__,#,מה נדרש ממך,בחירה,מילוי,הערות אייל,סטטוס סעיף,הכרעה נדרשת מ,סיווג,הסעיף,סקשן אצל אייל,הכשל,התוכן הדרוש,התיקון,נתיב קוד,קישור,אפשרויות לבחירה,הערות סוכן,הערות נימרוד,תאריך הכרעה
עמוד · בית,R1-01,H-01,"בעמוד מופיע ציר זמן עם השנים 1999 · 2004 · 2017. השנים 2004 ו-2017 לא הגיעו ממך — אנחנו הוספנו אותן. ציר הזמן גם אינו חלק מ-12 הפרקים שהגדרת. להשאיר ולדייק, או להוריד?",,,,בוצע,—,ברור,ציר זמן ביוגרפי (about_timeline),לא קיים ב-12 הפרקים,"ארבע תחנות מתוארכות. אומת: «ציר זמן» 0 מופעים במסמכי אייל · 2004 → 0 · 2017 → 0 · 1999 מופיע פעם אחת, בשורת ה-trust בלבד. SECTION 11 הוא פרוזה ללא שנים.",אם נשאר — השנים והטקסטים האמיתיים מאייל. אין לנו מקור.,לפי הבחירה.,home-defaults.php:44-49 · section-01-about.php,http://eyalamit-co-il-2026.s887.upress.link/#about,"תוספת שלנו, לא של אייל — ולכן ההצעה היא של נימרוד. אם אייל רוצה ציר זמן, הוא מוסר שנים; אחרת יורד.",בוצע 21.8.26. מקור: דף הבית.xlsx D5 «למחוק מהדף». ציר הזמן לא מרונדר. 12 הפרקים לא נפתחו.,,
עמוד · בית,R1-01,H-06,פרק 3 בעמוד הוא «וידאו» ואין לנו קובץ. במסמך שלך הקישור הוא מציין-מקום (XXXXXXXXXXX). נא להדביק בעמודה «מילוי» עד שלושה קישורים או שמות קבצי וידאו.,,,,הוקפא,—,ברור,פרק 3 — וידאו,SECTION 03,הסקשן לא נבנה — אין מקור וידאו.,עד 3 קישורי YouTube/Vimeo או קבצים.,"בניית הסקשן לפי DEV NOTES של אייל: thumbnail + play, יחס 16:9.",tpl-chapters-home.php · סקשן חדש,https://drive.google.com/drive/folders/1fWSf3a47KxBHteTmT7mUD5bLzOLwDcze,,גל 11: אייל 19.8 לשלב 2/3. פלייסהולדר נשאר. אפס PHP. הוקפא.,,
עמוד · בית,R1-01,H-07,"פרק 9 «הצצה נוספת לחוויה» — הטקסט שלך מוכן. חסרה רק המדיה: גלריה או וידאו משני, תמונות אותנטיות בלבד. מה לשים שם?",,,,בוצע,—,ברור,פרק 9 — מדיה,SECTION 09,אייל ביקש «גלריה / וידאו משני · תמונות אותנטיות בלבד (לא stock)» בלי לציין אילו.,בחירת מדיה. הטקסט כבר קיים ומאושר.,שיבוץ המדיה בפלייסהולדר הקיים.,home-defaults.php · סקשן פרק 9,http://eyalamit-co-il-2026.s887.upress.link/#peek,,גל 1 21.8.26. מקור: דף הבית.xlsx D7 + תחתית האתר הישן. 30 תמונות ב-assets/images/chapters/home-peek/ בלי הוטלינק. Composer PASS.,,
עמוד · המלצות — קטלוג מרכזי (ומ,R1-26,M-01a,"המלצה של דן ארליכמן — הטקסט שלה נאבד אצלנו בעיבוד ולכן היא לא מוצגת. שחזרנו את הנוסח מהמסמך שלך. לאשר אותו, או להוריד את ההמלצה?",,,,בוצע,—,ברור,דן ארליכמן — המלצה ללא טקסט,טיפול בדיג'רידו,באג פרסר: הטקסט נבלע לתוך שדה ה-URL (C-08). זו ההמלצה היחידה של דן — לכן ירד מהעמוד.,הנוסח מהמסמך: «משתף אתכם בכתבה על המורה הנפלא שלי לנשימה מעגלית אייל עמית שממלא אותי בהשראה עמוקה ומלמד אותי להתחבר ולהפיק את צלילי הבריאה המרפאים מתוכי. תודה רבה»,תיקון רשומה 13 בקורפוס.,inc/data/ea-testimonials-fb.json idx 13,https://www.facebook.com/share/p/1DKp5Coss8/,,גל 5 21.8.26: נוסח דן + URL כפי שאייל נתן. Composer PASS VERDICT-S006-W5-TESTIMONIALS.,,
עמוד · המלצות — קטלוג מרכזי (ומ,R1-26,M-05,"עשרה ממליצים מופיעים יותר מפעם אחת בעמוד (21 מתוך 44 הכרטיסים). להשאיר הכל, או להציג המלצה אחת לכל אדם?",,,,בוצע,—,ברור,כפילויות שם עם תוכן מלא,ריכוז המלצות,קרן אברשי 3 · שירי אלקבץ · נוית צוף שטראוס · רותי שליט · קרין טננצאפ · ירון סאנצ'ו גושן · אלכס פלופ · אפרתה בנור · דרור מצליח · רני פריזאת — 2 כל אחד.,החלטת עריכה. כל ההמלצות אמיתיות ומאושרות.,סינון לפי שם ב-ea_fb_testimonials_archive().,inc/ea-testimonials-fb.php,http://eyalamit-co-il-2026.s887.upress.link/testimonials/,בחירה 2 = 34 כרטיסים במקום 44.,"גל 5: כפילויות שם נשארו, אפס מחיקה. Composer PASS VERDICT-S006-W5-TESTIMONIALS.",,
עמוד · המלצות — קטלוג מרכזי (ומ,R1-26,M-03,כותרת העמוד היא «מדיה ווידאו» אבל התוכן בו הוא 48 המלצות. הכותרת מתארת משהו אחר. מה לשים?,,,,בוצע,—,ברור,כותרת העמוד מול תוכנו,—,"H1 = «מדיה ווידאו», תת-כותרת «סרטונים, הקלטות, וכתבות» — בעוד התוכן הוא המלצות.",כותרת שתואמת. אין לנו נוסח מאייל.,לפי הבחירה.,inc/chapters/defaults/media-defaults.php (hero),http://eyalamit-co-il-2026.s887.upress.link/testimonials/,,גל 5 21.8.26: H1 «עדויות והמלצות». קורפוס לא שונה. Composer PASS.,,
עמוד · המלצות — קטלוג מרכזי (ומ,R1-26,M-04,"סרטונים, הקלטות וכתבות — טרם התקבלו. נא להדביק בעמודה «מילוי» קישורים, או לציין שהם יועלו לתיקיית הדרייב.",,,,הוקפא,—,ברור,"מדיה — סרטונים, הקלטות, כתבות",—,הסקשן מציג placeholder «ממתין להשלמה» — התוכן באמת חסר.,קישורים או קבצים.,שיבוץ + הסרת ה-placeholder.,inc/chapters/defaults/media-defaults.php,https://drive.google.com/drive/folders/1fWSf3a47KxBHteTmT7mUD5bLzOLwDcze,,גל 11: מדיה בהמשך. אפס PHP. הוקפא.,,
עמוד · טיפול בדיג'רידו,R1-02,T-01,"יש שתי גרסאות חיות של העמוד, שתיהן בטקסט שלך. בחרי איזו להעלות. ההבדלים כתובים למטה — אין צורך לחפש באתר.",,,,בוצע,—,ברור,בחירת גרסה — מוצעת מול מסמך,כל העמוד,"שתי תוספות שלנו אינן במסמך 13.8.26: רצועת תמונה עם «הנשימה היא לכולם» (אצלך זה בתוך שאלות נפוצות), וחמש שאלות על נחירות/CPAP.",בחירה בין שתי הגרסאות. אין ניסוח חדש.,"לפי הבחירה — אחת הגרסאות נשארת ב-/treatment/, השנייה יורדת.",treatment-defaults.php · treatment-eyal-defaults.php,http://eyalamit-co-il-2026.s887.upress.link/treatment/,"גרסה מוצעת: http://eyalamit-co-il-2026.s887.upress.link/treatment/ — כוללת (1) רצועת תמונה עם המשפט «הנשימה היא לכולם» (2) חמש שאלות נוספות על נחירות ו-CPAP. גרסה לפי המסמך: http://eyalamit-co-il-2026.s887.upress.link/treatment/?compare=eyal — בלי הרצועה, ורק 15 השאלות שכתבת. כל שאר הטקסט זהה בשתי הגרסאות.",בוצע 21.8.26. מקור: טיפול.xlsx D5 «לך על הגרסה המוצעת». /treatment/ נשאר; compare=eyal אינו טוען טווין. treatment-defaults לא נערך.,,
עמוד · טיפול בדיג'רידו,R1-02,T-02,"בסקשן «איך נראה מפגש» חסר סרטון. נא להדביק בעמודה «מילוי» קישור או שם קובץ, או לציין שאין סרטון.",,,,הוקפא,—,ברור,סרטון מפגש,SECTION 06,המסמך מבקש טקסט+מדיה בלי לציין קובץ. באתר היה סרטון מדף הבית — הורד. במקומו קופסת מקום.,"קישור YouTube/Vimeo או קובץ, או «בלי סרטון».",שיבוץ הסרטון או השארת טקסט בלבד.,treatment-defaults.php · videoblk-placeholder.php,http://eyalamit-co-il-2026.s887.upress.link/treatment/#session,,גל 11: אייל 19.8 לשלב 2/3. אפס PHP. הוקפא.,,
עמוד · טיפול בדיג'רידו,R1-02,T-03,—,,,,בוצע,—,ברור,כפתור הירו ל-/contact/,SECTION 01,הכפתור קפץ ל-#what.,[לתיאום שיחת היכרות](/contact),cta_url=/contact/,treatment-defaults.php phero,,,בוצע 17.8.26 בשתי הגרסאות.,,
עמוד · טיפול בדיג'רידו,R1-02,T-04,—,,,,בוצע,—,ברור,מה זה — בלי פסקת 1999 שהומצאה,SECTION 03,פסקה ותג כתום על «מאז 1999» שלא במסמך הסקשן.,SECTION 03 ככתבו. 1999 נשאר ב-SECTION 11.,הדבקה מילה-במילה.,treatment-defaults.php SECTION 03,,,בוצע 17.8.26.,,
עמוד · טיפול בדיג'רידו,R1-02,T-05,—,,,,בוצע,—,ברור,למי מתאים — רשימה כתובה,SECTION 04,חסרו שני סעיפים; היו כרטיסי תמונה.,הרשימה מ-SECTION 04 כולל עייפות ומחלה.,החלפה לרשימה כתובה.,treatment-defaults.php SECTION 04,,,בוצע 17.8.26. כרטיסי התמונה ירדו.,,
עמוד · טיפול בדיג'רידו,R1-02,T-06,—,,,,בוצע,—,ברור,קישורי פייסבוק על שמות ממליצים,SECTION 08,13 שמות בלי קישור לפוסט.,הכתובות מ-SECTION 08.,href על כל שם.,treatment-defaults.php SECTION 08,,,בוצע 17.8.26. נוסח דן נשאר הקצר שבמסמך העמוד.,,
עמוד · השיטה,R1-03,MTH-01,בתמונת ההירו (ובתמונה ליד «מהי השיטה») אין קובץ במסמך. בחרי מה לעשות.,,,,בוצע,—,ברור,תמונות העמוד,SECTION 01 · SECTION 02,המסמך מבקש תמונת רקע חזקה בלי לציין קובץ. כרגע נשארו תמונות שכבר היו באתר.,להשאיר / להחליף (קישור או שם קובץ במילוי) / בלי תמונה.,לפי הבחירה.,method-defaults.php phero + split,http://eyalamit-co-il-2026.s887.upress.link/method/,"להשאיר את התמונות הקיימות. להחליף — הדביקו קישור או שם קובץ בעמודת מילוי. בלי תמונה — הטקסט נשאר, התמונות יורדות.",גל 3 21.8.26: אייל «להשאיר». תמונות לא הוחלפו. עמודה 5 מקומית יושמה. Composer PASS VERDICT-S006-W3-METHOD.,,
עמוד · השיטה,R1-03,MTH-02,—,,,,בוצע,—,ברור,הסרת פסקת circular-breathing וקופסת ממתין-לאישור,SECTION 02,פסקה שהומצאה + קופסת WP-S4-07 שלא במסמך.,SECTION 02 ככתבו.,הדבקה מילה-במילה. הקופסה ירדה.,method-defaults.php SECTION 02,,,בוצע 17.8.26.,,
עמוד · השיטה,R1-03,MTH-03,—,,,,בוצע,—,ברור,14 סקשנים כבלוקים נפרדים,SECTION 01–14,סקשנים 02/03/05/07/08/10/12/13 היו דחוסים ל-split_body.,כל סקשן במסמך כבלוק משלו.,phero + sections[] כמו /treatment/.,method-defaults.php · tpl-chapters-method.php,,,בוצע 17.8.26. רצועת bleed שהומצאה ירדה.,,
עמוד · השיטה,R1-03,MTH-04,—,,,,בוצע,—,ברור,למי מתאים — רשימה כתובה,SECTION 09,כרטיסי תמונה עם כותרות שהומצאו; חסר «פתרון קסם».,חמש הפסקאות מ-SECTION 09.,החלפה לרשימה כתובה.,method-defaults.php SECTION 09,,,בוצע 17.8.26.,,
עמוד · השיטה,R1-03,MTH-05,—,,,,בוצע,—,ברור,שאלות נפוצות — 7 מהמסמך,SECTION 11,אקורדיון CPT עם שתי שאלות שלא במסמך העמוד.,שבע השאלות מ-SECTION 11 כולל קישורי בלוג/BMJ/FAQ.,"faq-inline, בלי לגעת ב-block-faq-list.php.",method-defaults.php SECTION 11,,,בוצע 17.8.26.,,
עמוד · השיטה,R1-03,MTH-06,—,,,,בוצע,—,ברור,קישורי פייסבוק על שמונה ממליצים,SECTION 12,שמות בלי href.,שמונה הכתובות מ-SECTION 12.,href על כל שם.,method-defaults.php SECTION 12,,,בוצע 17.8.26. נוסח הציטוטים מהמסמך של העמוד הזה.,,
עמוד · השיטה,R1-03,MTH-07,—,,,,בוצע,—,ברור,סטודיו נשימה מעגלית + קישור /learning/,SECTION 08 · SECTION 13,חסר שם הסטודיו; «לימוד והכשרה» הצביע ל-/lessons/.,SECTION 08 כולל הסטודיו. SECTION 13 → /learning/.,הדבקה מילה-במילה.,method-defaults.php SECTION 08 · 13,,,בוצע 17.8.26.,,
עמוד · השיטה,R1-03,MTH-08,—,,,,בוצע,—,ברור,CTA ל-/contact/ + טקסט SECTION 14,SECTION 01 · SECTION 14,חסרו פסקאות האמצע של SECTION 14.,[לתיאום שיחת היכרות](/contact) + שלושת בלוקי SECTION 14.,cta_url=/contact/ וגוף מלא.,method-defaults.php phero + cta,,,בוצע 17.8.26.,,
עמוד · שיעורי דיג'רידו,R1-04,LSN-01,בתמונת ההירו (ובתמונה ליד «מה זה ללמוד») אין קובץ במסמך. בחרי מה לעשות.,,,,בוצע,—,ברור,תמונות העמוד,SECTION 01 · SECTION 02,המסמך מבקש תמונת סטודיו / איור בלי לציין קובץ. כרגע נשארו תמונות שכבר היו באתר.,להשאיר / להחליף (קישור או שם קובץ במילוי) / בלי תמונה.,לפי הבחירה.,lessons-defaults.php phero + split,http://eyalamit-co-il-2026.s887.upress.link/lessons/,"להשאיר את התמונות הקיימות. להחליף — הדביקו קישור או שם קובץ בעמודת מילוי. בלי תמונה — הטקסט נשאר, התמונות יורדות.",גל 1 21.8.26. מקור: שיעורי דיג_רידו.xlsx D4 «להשאיר». אפס החלפת מדיה. Composer PASS.,,
עמוד · שיעורי דיג'רידו,R1-04,LSN-02,בסקשן «איך נראים השיעורים בפועל» המסמך מבקש וידאו בלי קובץ. הדביקו קישור או אמרו שאין וידאו.,,,,הוקפא,—,ברור,וידאו השיעורים בפועל,SECTION 04,"DEV NOTES: טקסט + וידאו, בלי שם קובץ. לא רונדר רכיב וידאו (אין תוכן = אין רכיב).","קישור YouTube/Vimeo או קובץ, או «בלי וידאו».",שיבוץ הווידאו או השארת טקסט בלבד.,lessons-defaults.php SECTION 04,http://eyalamit-co-il-2026.s887.upress.link/lessons/,יש וידאו — הדביקו קישור או שם קובץ בעמודת מילוי. אין וידאו — הטקסט נשאר כמו שהוא.,"גל 11: וידאו בהמשך, שלד נשאר. אפס PHP. הוקפא.",,
עמוד · שיעורי דיג'רידו,R1-04,LSN-03,—,,,,בוצע,—,ברור,סדר 01–10 + הירו בלי em + הסרת פסקת פתיחה שהומצאה ב-02,SECTION 01–10,סדר 05 לפני 04; כותרת הירו עם em שהומצא; פסקה ראשונה ב-02 אינה במסמך.,"SECTION 01–10 ככתבם, H1 בלי em, בלי פסקת הפתיחה שהומצאה.",הדבקה מילה-במילה בסדר המסמך.,lessons-defaults.php,,,בוצע 18.8.26.,,
עמוד · שיעורי דיג'רידו,R1-04,LSN-04,—,,,,בוצע,—,ברור,למי זה מתאים — רשימה כתובה,SECTION 06,כרטיסי .reveals עם כותרות שהומצאו + פסקת עודף.,שש הפסקאות מ-SECTION 06.,החלפה לרשימה כתובה. בלי .reveals.,lessons-defaults.php SECTION 06,,,בוצע 18.8.26.,,
עמוד · שיעורי דיג'רידו,R1-04,LSN-05,—,,,,בוצע,—,ברור,שאלות נפוצות — 8 מהמסמך,SECTION 09,אקורדיון CPT (faqblock cats:lessons) במקום 8 השאלות של העמוד.,שמונה השאלות מ-SECTION 09.,"faq-inline, בלי לגעת ב-block-faq-list.php.",lessons-defaults.php SECTION 09,,,בוצע 18.8.26.,,
עמוד · שיעורי דיג'רידו,R1-04,LSN-06,—,,,,בוצע,—,ברור,קישורי פייסבוק על תשעה ממליצים,SECTION 08,שמות בלי href.,תשע הכתובות מ-SECTION 08.,href על כל שם.,lessons-defaults.php SECTION 08,,,בוצע 18.8.26.,,
עמוד · שיעורי דיג'רידו,R1-04,LSN-07,—,,,,בוצע,—,ברור,ניתוב /didgeridoo-treatment → /treatment/ + קישורי method ככתבם,SECTION 01 · 03 · 07 · 09,md מצביע ל-/didgeridoo-treatment שמתפנה ל-/treatment/ בסטייג'ינג. מוקש היה עם href שהומצא.,/treatment/ כמו ריברסינג/מוקש. [cbDIDG](/method) ו-[שיטת cbDIDG](/method) ככתבם. מוקש בלי href.,"ניתוב קנוני, לא ניסוח חדש.",lessons-defaults.php,,,בוצע 18.8.26.,,
עמוד · שיעורי דיג'רידו,R1-04,LSN-08,—,,,,בוצע,—,ברור,CTA בלי כותרת שהומצאה,SECTION 10,h2 «בואו לנסות» אינו במסמך.,פסקה + כפתור [לתיאום שיעור ראשון](/contact).,cta בלי title.,lessons-defaults.php SECTION 10,,,בוצע 18.8.26.,,
עמוד · שיעורי דיג'רידו,R1-04,LSN-09,בשאלת הריון יש קישור «קראו עוד» שמוביל ל-404. הדביקו כתובת חיה או אמרו להוריד את הקישור.,,,,בוצע,—,ברור,קישור מאמר הריון,SECTION 09,/blog/pregnancy-didgeridoo הוא 404 בסטייג'ינג ובייצור. אין פוסט חי תואם ב-REST.,"URL חי, או «להוריד את הקישור». הטקסט «לא מומלץ» כבר באתר.",לפי המילוי או הבחירה.,lessons-defaults.php SECTION 09 FAQ הריון,http://eyalamit-co-il-2026.s887.upress.link/lessons/,יש כתובת — הדביקו בעמודת מילוי. להוריד את הקישור — נשאר «לא מומלץ» בלי «קראו עוד».,בוצע 21.8.26. מקור: שיעורי דיג_רידו.xlsx D6 URL ישן ככתבו. FAQ האתר לא נפתח.,,
עמוד · סאונד הילינג,R1-05,SH-01,בתמונת ההירו (ובתמונה ליד «מה זה סאונד הילינג») אין קובץ במסמך. בחרי מה לעשות.,,,,בוצע,—,ברור,תמונות העמוד,SECTION 01 · SECTION 03 · SECTION 05,המסמך מבקש תמונת סטודיו/טיפי בלי לציין קובץ. כרגע נשארו תמונות שכבר היו באתר (הירו + ספליט). רצועת bleed ירדה כי אינה במסמך.,להשאיר / להחליף (קישור או שם קובץ במילוי) / בלי תמונה.,לפי הבחירה.,sound-healing-defaults.php phero + split,http://eyalamit-co-il-2026.s887.upress.link/sound-healing/,"להשאיר את התמונות הקיימות. להחליף — הדביקו קישור או שם קובץ בעמודת מילוי. בלי תמונה — הטקסט נשאר, התמונות יורדות.",טרקר←מציאות 21.8.26. אייל 19.8: «להשאיר» תמונות. אפס החלפת מדיה.,,
עמוד · סאונד הילינג,R1-05,SH-02,בסקשן «איך זה עובד» המסמך מציע וידאו בלי קובץ. הדביקו קישור או אמרו שאין וידאו.,,,,הוקפא,—,ברור,וידאו המרחב,SECTION 05,"DEV NOTES: ניתן לשלב תמונות או וידאו קצר, בלי שם קובץ. לא רונדר רכיב וידאו (אין תוכן = אין רכיב).","קישור YouTube/Vimeo או קובץ, או «בלי וידאו».",שיבוץ הווידאו או השארת טקסט בלבד.,sound-healing-defaults.php SECTION 05,http://eyalamit-co-il-2026.s887.upress.link/sound-healing/,יש וידאו — הדביקו קישור או שם קובץ בעמודת מילוי. אין וידאו — הטקסט נשאר כמו שהוא.,גל 11: קובץ וידאו בהמשך. שלד חי. אפס PHP. הוקפא.,,
עמוד · סאונד הילינג,R1-05,SH-03,—,,,,בוצע,—,ברור,סדר 01–10 + הירו בלי em + הסרת bleed/steps/פסקה שהומצאה,SECTION 01–10,H1 עם em; פסקת פתיחה ב-03 שהומצאה; SECTION 05 פוצל ל-bleed+steps+מבנה-המפגש אחרי FAQ.,"SECTION 01–10 ככתבם, H1 בלי em, SECTION 05 כפרוזה אחת.",הדבקה מילה-במילה בסדר המסמך.,sound-healing-defaults.php,,,בוצע 18.8.26.,,
עמוד · סאונד הילינג,R1-05,SH-04,—,,,,בוצע,—,ברור,למי זה מתאים — רשימה כתובה,SECTION 07,כרטיסי .reveals עם כותרות שהומצאו + כותרת «ועוד למי זה מתאים».,שמונה הפסקאות מ-SECTION 07 כולל קישור /lessons/.,החלפה לרשימה כתובה. בלי .reveals.,sound-healing-defaults.php SECTION 07,,,בוצע 18.8.26.,,
עמוד · סאונד הילינג,R1-05,SH-05,—,,,,בוצע,—,ברור,שאלות נפוצות — 8 מהמסמך,SECTION 08,אקורדיון CPT (faqblock cats:sound-healing) במקום 8 השאלות של העמוד.,שמונה השאלות מ-SECTION 08 + קישור לדף FAQ המלא.,"faq-inline, בלי לגעת ב-block-faq-list.php.",sound-healing-defaults.php SECTION 08,,,בוצע 18.8.26.,,
עמוד · סאונד הילינג,R1-05,SH-06,—,,,,בוצע,—,ברור,קישורי פייסבוק על שמונה ממליצים + קישור /testimonials/,SECTION 09,שמות בלי href. חסר «לכל ההמלצות על אייל עמית».,שמונה הכתובות מ-SECTION 09 + קישור /testimonials/ ככתבו.,href על כל שם + פסקת קישור אחרי הקרוסלה.,sound-healing-defaults.php SECTION 09,,,בוצע 18.8.26.,,
עמוד · סאונד הילינג,R1-05,SH-07,—,,,,בוצע,—,ברור,ניתוב /method-cbdidg → /method/ + מוקש בלי href,SECTION 04 · 06 · 08,md מצביע ל-/method-cbdidg ש-404. מוקש היה עם href שהומצא.,/method/ כמו ריברסינג. מוקש דהימן כטקסט. /treatment/ /lessons/ /faq/ /contact/ ככתבם.,"ניתוב קנוני, לא ניסוח חדש.",sound-healing-defaults.php,,,בוצע 18.8.26.,,
עמוד · סאונד הילינג,R1-05,SH-08,—,,,,בוצע,—,ברור,CTA סיום — כותרת מהמסמך + כפתור יצירת קשר,SECTION 10,כפתור החי היה «לתיאום שיחת היכרות» במקום «יצירת קשר».,כותרת «רוצים להגיע למפגש?» + שלוש פסקאות + [יצירת קשר](/contact).,cta_label=יצירת קשר. בלי כפתור WhatsApp (אין מספר במסמך).,sound-healing-defaults.php SECTION 10,,,גל 4 21.8.26: בלוק «אודות אייל עמית» נוסף לפני CTA; קישור /eyal-amit/. CTA עצמו לא השתנה.,,
עמוד · לימוד והכשרה,R1-06,LRN-01,—,,,,הוקפא,—,לא ברור,אין חומר מאייל לעמוד ה-hub,—,"אין תיקייה ב-content 13.8.26, אין סקירה לימוד, החי הוא טיוטת צוות ב-learning-defaults.php. בלי סקירה אין אין-הערה=מאושר.",אין. לא ממציאים עותק hub.,אין בנייה. העמוד מוקפא עד שיהיה מקור מצוטט מאייל.,learning-defaults.php,http://eyalamit-co-il-2026.s887.upress.link/learning/,—,"פאזה א׳ 18.8.26. HTTP 200. חי=defaults. אזכורי /learning באודות ובשיטה הם קישורים לעמודים אחרים, לא בייטים ל-hub. ילדים R1-07/08/09 מחוץ לסקואופ.",,
עמוד · עמוד קטלוג ראשי,R1-10,SHP-01,בתמונת הרקע של ההירו (ובתמונה ליד «מי בונה את הכלים») אין קובץ במסמך. בחרי מה לעשות.,,,,הוקפא,—,ברור,תמונות העמוד,SECTION 01 · SECTION 02,"DEV NOTES מבקשים תמונת רקע של כלי בעבודת יד, ואפשרות לתמונה של אייל בסדנה, בלי שם קובץ. החי ב-/shop/ בלי תמונות.",בלי תמונה / להחליף (קישור או שם קובץ במילוי).,לפי הבחירה. הטקסט מ-SECTION 01–02 מודבק בנפרד (SHP-03).,shop-defaults.php phero + SECTION 02,http://eyalamit-co-il-2026.s887.upress.link/shop/,"בלי תמונה — הטקסט נשאר, אין רקע ואין תמונת סדנה (זה המצב החי עכשיו). להחליף — הדביקו קישור או שם קובץ בעמודת מילוי.",גל 11: תמונות לשלב מאוחר לפי 19.8. אפס PHP. הוקפא.,,
עמוד · עמוד קטלוג ראשי,R1-10,SHP-02,ליד תיקים וסטנדים המסמך מציע תמונות קטנות בלי קובץ. הדביקו קבצים או אמרו בלי תמונות.,,,,הוקפא,—,ברור,תמונות אביזרים,SECTION 07,"DEV NOTES: אפשר לשלב תמונות קטנות ליד כל פריט, בלי שם קובץ. לא רונדר רכיב תמונה (אין תוכן = אין רכיב).","קבצים/קישורים, או «בלי תמונות».",שיבוץ התמונות או השארת הרשימה כטקסט בלבד.,shop-defaults.php SECTION 07,http://eyalamit-co-il-2026.s887.upress.link/shop/,בלי תמונות — נשארים שמות הפריטים והקישורים כמו במסמך. יש תמונות — הדביקו קישורים או שמות קבצים בעמודת מילוי.,גל 11: תמונות אביזרים לשלב מאוחר. אפס PHP. הוקפא.,,
עמוד · עמוד קטלוג ראשי,R1-10,SHP-03,—,,,,בוצע,—,ברור,סדר 01–10 + הירו בלי em + הסרת גריד/מחירים שהומצאו,SECTION 01–10,"החי הוא קטלוג bookcard: תג «חנות», H1 «כלים ואביזרים לדיג'רידו», תת שהומצא, 5 כרטיסים עם מחיר לפי התאמה כולל סטנד רצפתי. אפס מ-10 הסקשנים.","SECTION 01–07 ו-10 ככתבם. H1: כלי דיג'רידו למכירה - כלים בעבודת יד. בלי em, בלי מחירים, בלי כרטיס סטנד רצפתי. ארבעה CTA ל-/contact. קישורים ככתבם כולל /instruments.",הדבקה מילה-במילה בסדר המסמך במקום הגריד. לא להעתיק מ-didgeridoos-defaults.php.,shop-defaults.php,,,בוצע 18.8.26 ב-shop-defaults.php בלבד. SHP-01/02 מדיה לאייל.,,
עמוד · עמוד קטלוג ראשי,R1-10,SHP-04,—,,,,בוצע,—,ברור,שאלות נפוצות — 5 מהמסמך,SECTION 08,אין FAQ ב-/shop/. ב-/didgeridoos/ (מחוץ לסקואופ) יש faqblock CPT — לא להעתיק.,חמש השאלות מ-SECTION 08 שורות 330–364.,"faq-inline, בלי לגעת ב-block-faq-list.php.",shop-defaults.php SECTION 08,,,בוצע 18.8.26 ב-shop-defaults.php בלבד. SHP-01/02 מדיה לאייל.,,
עמוד · עמוד קטלוג ראשי,R1-10,SHP-05,—,,,,בוצע,—,ברור,קישורי פייסבוק על שלושה ממליצים,SECTION 09,אין המלצות ב-/shop/ החי.,שירי אלקבץ · רותי שליט · אלון גרזון רז + שלוש הכתובות מ-SECTION 09 + פסקת /treatment.,הדבקה מילה-במילה. href על כל שם/קישור ככתבו.,shop-defaults.php SECTION 09,,,בוצע 18.8.26 ב-shop-defaults.php בלבד. SHP-01/02 מדיה לאייל.,,
עמוד · ספרים,R1-16,BK-01,—,,,,בוצע,—,ברור,הסרת כותרות ו-chap שהומצאו,SECTION 03 · 03.5 · 04 · 08 · 09 · 11 · 12,H2 «מוזה הוצאה לאור» על הפתיח; H2 «על אייל עמית»; H2 «סגירת עמוד»; chap-ים «פתיחה» / «מכירה ישירה» / «חבילה» / «שלושה עולמות» / «הערת משלוח / רכישה» / «סיום» — אין להם ### כותרת במסמך (חוץ מ-04/08/09).,"גופי 03/03.5/04/08/09/11/12 ככתבם. H2 רק מ-### כותרת: «למה את הספרים של מוזה תמצאו כאן» · «חבילת 3 הספרים של אייל עמית» · «שלושה ספרים, שלושה עולמות». H1 נשאר «מוזה הוצאה לאור».",לרוקן title/chap בבלוקים בלי ### כותרת. לא לשכתב גופים — כבר תואמים.,muzza-defaults.php phero + prose 03/03.5/04/08/09/11/12,http://eyalamit-co-il-2026.s887.upress.link/books/,,בוצע 18.8.26 ב-muzza-defaults.php בלבד. מדיה BK-04/05/06 לא נגעו.,,
עמוד · ספרים,R1-16,BK-02,—,,,,בוצע,—,ברור,"כרטיסי שלושת הספרים — בלי תג שהומצא, CTA ככתבו",SECTION 05 · 06 · 07,H2 «הספרים של מוזה»; meta «2001 · מסעות» / «2004 · פנטזיה» / «2017 · סיפורים אישיים»; CTA «לעמוד הספר ←».,בלי כותרת-גריד. בלי meta. כותרת+בלארב ככתבם. CTA: «לעמוד הספר צבע בכחול וזרוק לים» · «לעמוד הספר כושי בלאנטיס» · «לעמוד הספר וכתבת». href קנוני /books/<slug>/ (md /muzeh/… עושה 301).,הדבקת תוויות הקישור; מחיקת meta ו-title/chap של הגריד.,muzza-defaults.php bookcard items,http://eyalamit-co-il-2026.s887.upress.link/books/,,בוצע 18.8.26 ב-muzza-defaults.php בלבד. מדיה BK-04/05/06 לא נגעו.,,
עמוד · ספרים,R1-16,BK-03,—,,,,בוצע,—,ברור,"CTA חבילה אחד מ-SECTION 10, בלי קופסת GI",SECTION 10,H2+גוף כפולים על הכפתור; temp_note; pending-note «ממתין לאישור»; קישור פרוזה כפול. אף אחד לא במסמך.,[לרכישת חבילת 3 הספרים](https://mrng.to/MTUiO3vkIg) פעם אחת. 150 / ~~207~~ נשארים ב-SECTION 08.,cta בלי title/body/temp_note. מחיקת prose הכפול ו-pending-note. תקדים MTH-02.,muzza-defaults.php SECTION 10 cta + pending-note,http://eyalamit-co-il-2026.s887.upress.link/books/,,בוצע 18.8.26 ב-muzza-defaults.php בלבד. מדיה BK-04/05/06 לא נגעו.,,
עמוד · ספרים,R1-16,BK-04,בתמונת ההירו יש תמונת דלת דיג'רידו שלא במסמך. בחרי מה לעשות.,,,,בוצע,—,ברור,תמונת הירו,SECTION 02,Hero בגובה מסך בלי קובץ במסמך. כרגע logo-didgs-door.jpg (לא הוצאה לאור).,להשאיר / להחליף (קישור או שם קובץ במילוי) / בלי תמונה.,לפי הבחירה. הטקסט וה-CTA ל-#books-bundle נשארים.,muzza-defaults.php phero.media,http://eyalamit-co-il-2026.s887.upress.link/books/,להשאיר את התמונה הקיימת. להחליף — הדביקו קישור או שם קובץ בעמודת מילוי. בלי תמונה — נשארים H1 והכפתור.,טרקר←מציאות 21.8.26. אייל 19.8: להשאיר הירו. אפס PHP.,,
עמוד · ספרים,R1-16,BK-05,בשלושת כרטיסי הספרים יש עטיפות מהאתר בלי קובץ במסמך. בחרי מה לעשות.,,,,בוצע,—,ברור,עטיפות שלושת הספרים,SECTION 05 · 06 · 07,DEV NOTES מבקשים תמונת עטיפה בלי שם קובץ. כרגע tsva-bechol-cover.jpg / kushi-blantis-cover.jpg / vekatavt-cover.jpg.,להשאיר / להחליף (שמות קבצים או קישורים במילוי) / בלי עטיפות.,לפי הבחירה. כותרת+בלארב+קישור נשארים.,muzza-defaults.php bookcard items[].cover,http://eyalamit-co-il-2026.s887.upress.link/books/,להשאיר את שלוש העטיפות הקיימות. להחליף — הדביקו קבצים או קישורים בעמודת מילוי. בלי עטיפות — הכרטיס נשאר טקסט לחיץ.,טרקר←מציאות 21.8.26. אייל 19.8: להשאיר עטיפות. אפס PHP.,,
עמוד · ספרים,R1-16,BK-06,בבלוק החבילה המסמך מבקש תמונה של שלושת הספרים בלי קובץ. הדביקו קובץ או אמרו שאין תמונה.,,,,הוקפא,—,ברור,תמונת חבילת שלושת הספרים,SECTION 08,"DEV NOTES: לשלב תמונה של שלושת הספרים, בלי שם קובץ. לא רונדר רכיב תמונה (אין תוכן = אין רכיב).","קובץ או קישור, או «אין תמונה».",שיבוץ התמונה או השארת טקסט+מחיר כמו שהם.,muzza-defaults.php SECTION 08,http://eyalamit-co-il-2026.s887.upress.link/books/#books-bundle,"יש תמונה — הדביקו קישור או שם קובץ בעמודת מילוי. אין תמונה — נשארים הכותרת, 150 במקום 207, והפסקה.",גל 11: תמונת חבילה יישלח בהמשך. אפס PHP. הוקפא.,,
עמוד · בלוג,R1-20,BLG-01,—,,,,הוקפא,—,לא ברור,כרום ארכיון /blog/ — כותרת ופתיח,—,"אין תיקיית בלוג ב-content 13.8.26/, אין סקירה בלוג, אין md שמכסה את כותרת/פתיח הארכיון. הפתיח החי («מאמרים, תובנות וסיפורים…») hardcoded ב-tpl-chapters-blog-archive.php — לא מאייל. אין blog-defaults.php.",אין. בלי בייטים מאייל אין מה להדביק.,לא לבנות. לא ליצור blog-defaults.php. לא לערוך את התבנית.,"tpl-chapters-blog-archive.php (חי) · tpl-blog-archive.php (Wave2, לא מעטפת חיה)",http://eyalamit-co-il-2026.s887.upress.link/blog/,,הוקפא 2026-08-18. charter §2: חסר חומר → לא ממציאים. מנדט R1-20: ברירת גל הקפאה מנומקת אלא אם נמצא md לכותרת/פתיח — לא נמצא. סריקת Drive כולל «דפים שלא אונדקסו» ריקה מחומר בלוג. לא נפתח from-eyal/.,,
עמוד · בלוג,R1-20,BLG-02,—,,,,הוקפא,—,לא ברור,54 פוסטים בודדים,—,"ארכיון חי מציג 54 פוסטים (REST X-WP-Total=54, 12 לעמוד, 5 עמודי עימוד). אין חבילת אייל לפוסטים בסבב 1.","אין בסבב 1. פוסטים = סבב 2 (WP-S6-02), מחוץ לגל.",לא לערוך פוסטים. לא לפתוח singles בגל הזה.,post (WP) · tpl-chapters-blog-single.php / tpl-blog-single.php — לא לגעת,http://eyalamit-co-il-2026.s887.upress.link/blog/,,"הוקפא 2026-08-18. אמנה §4: סבב 2 נפתח רק בסגירת סבב 1. מנדט: «פוסטים בודדים = סבב 2, מחוץ לגל». 54 שורות פוסט כבר בטאב סבב-2 של הטרקר (R2-*). LSN-09 (404 הריון) נשאר ב-R1-04 ולא נפתח כאן.",,
עמוד · אייל עמית,R1-21,ABT-01,יש שלושה קבצי אודות חלוקים. בחר איזה מהם הוא המאסטר לעמוד.,,,,בוצע,—,ברור,קובץ מאסטר — שתי גרסאות באותו עמוד,כל העמוד · md FINAL · docx מאסטר · docx חדש מלא,"md, docx «סופי גרסת מאסטר» ו-docx «חדש מלא לאתר» חלוקים בניסוח, במבנה ובעובדות ביוגרפיות. בלי מאסטר אין בייטים להדבקה. אפס סעיפים ברור.",בחירת קובץ אחד (או הוראה אחרת בכתב). לא לבחור לפי שם הקובץ או לפי תאריך.,"שתי גרסאות באותו עמוד, אחת מתחת לשנייה: עליונה = md FINAL מילה-במילה; תחתונה = docx «חדש מלא לאתר» מילה-במילה (הצעת SEO של אייל, לא ניסוח שלנו). אייל בוחר ב-ABT-08.",about-defaults.php,http://eyalamit-co-il-2026.s887.upress.link/eyal-amit/,—,"נימרוד 18.8.26: להציג שתי אופציות באותו עמוד אחד מתחת לשני — אחד בדיוק לפי המידע מאייל, אחד הצעה משופרת SEO. ננעל: גרסה א׳ = אודות - אייל עמית.md · גרסה ב׳ = אייל_עמית_אודות_חדש_מלא_לאתר.docx. ה-docx מאסטר לא נבחר כמאסטר יחיד.",,
עמוד · אייל עמית,R1-21,ABT-02,בתמונות העמוד אין קובץ באף מסמך. בחרי מה לעשות.,,,,בוצע,—,ברור,תמונות העמוד,md DEV NOTES 04 · 05 · 07 · 09 · הירו החי,החי מציג 6 קבצי תמונה שכבר היו באתר. אף קובץ חומר לא נוקב בשם קובץ. md מציע «תמונת מוקש / הודו / גלריה / ספרים» בלי נכס.,להשאיר / להחליף (קישור או שם קובץ במילוי) / בלי תמונה.,לפי הבחירה — אחרי ABT-01.,about-defaults.php phero + split + reveals,http://eyalamit-co-il-2026.s887.upress.link/eyal-amit/,"להשאיר את התמונות הקיימות. להחליף — הדביקו קישור או שם קובץ בעמודת מילוי. בלי תמונה — הטקסט נשאר, התמונות יורדות.",גל 2 21.8.26. מקור: אייל עמית.xlsx D4 «להשאיר». תמונות קיימות נשארו. מדיה לשלב הבא. Composer PASS.,,
עמוד · אייל עמית,R1-21,ABT-03,—,,,,בוצע,—,ברור,שנת 2000 שהומצאה,אין · החי «כמה תחנות בדרך»,תג שנה 2000 הוצמד לפסקת מוקש. 1999 ו-2003 כן ב-md/מאסטר; 2000 לא באף אחד משלושת הקבצים. עובדה ביוגרפית בלי מקור מצוטט.,הורדה / השארה / שנה אחרת בכתב.,ציר הזמן עם תג 2000 אינו באף אחד משני המסמכים שננעלו — לא נכנס לגרסה החדשה (שתי הדבקות). לא מוחקים בשקט לפני ההחלפה.,about-defaults.php timeline items year=2000,http://eyalamit-co-il-2026.s887.upress.link/eyal-amit/,להוריד את תג 2000 (ואת ציר הזמן — ראו ABT-04). להשאיר. לתת שנה אחרת בהערות.,נבלע ב-ABT-01/ABT-09. תג 2000 לא נכנס לשתי ההדבקות.,,
עמוד · אייל עמית,R1-21,ABT-04,—,,,,בוצע,—,ברור,בלוקים שהוספנו,אין כמבנה · md 01–13 / מאסטר כותרות רצף,"H1 עם em; כותרת-משנה «אודות»; ציר זמן «כמה תחנות בדרך»; גלריה עם כותרות שהומצאו (בניין הפסיפס, הגינה, הדיג׳רידו בסטודיו, פנים הסטודיו); המרכז פעמיים; מוקש בשלושה מקומות; כפתור «לעמוד הספרים — מוזה הוצאה לאור».",רשימת הורדות/השארות. תוספת שלנו שאינה במסמך = לא ברור (אמנה §2 אין-סקירה).,"נימרוד ביקש שתי גרסאות מסמך באותו עמוד — כרום צוות (em, ציר, גלריה ממציאה) לא נכנס. מוחלף ב-ABT-09.",about-defaults.php phero + split המרכז + timeline + split מוקש + reveals + כפתור ספרים,http://eyalamit-co-il-2026.s887.upress.link/eyal-amit/,להוריד את כל התוספות ולהתאים למאסטר שייבחר. להשאיר חלק — פרטו בהערות. שתי גרסאות חיות רק אם נימרוד מבקש במפורש.,לא ברור גם כשהפער ברור. אין למחוק בלוק שיש לו גוף בלי הכרעה.,,
עמוד · אייל עמית,R1-21,ABT-05,מוזכר ערך ויקיפדיה בלי קישור. הדביקו כתובת או אמרו להשאיר בלי קישור.,,,,בוצע,—,ברור,קישור ויקיפדיה,"md SECTION 09 · מאסטר «ספרים, במה ותקשורת» · docx מלא «כתיבה, ספרים, במה וויקיפדיה»",שלושת הקבצים מזכירים ערך ותיק בוויקיפדיה. אף אחד לא נותן URL. בחי אין href.,"URL חי, או «בלי קישור».",לפי המילוי או הבחירה — אחרי ABT-01 (המשפט עשוי לרדת אם המאסטר אינו כולל אותו).,about-defaults.php בלוק ספרים,http://eyalamit-co-il-2026.s887.upress.link/eyal-amit/,יש כתובת — הדביקו בעמודת מילוי. בלי קישור — נשאר אזכור הטקסט בלבד.,גל 2 21.8.26. מקור: אייל עמית.xlsx D5 URL ויקיפדיה עברית חי בגוף. Composer PASS.,,
עמוד · אייל עמית,R1-21,ABT-06,—,,,,בוצע,—,ברור,יעדי קישורים,md קישורים מפורשים · מאסטר רשימת «→ דף …» · docx מלא טבלת יעדים,"md: /muzeh · /learning · /tools-and-accessories · /mokesh-dahiman · /treatment (מחקר). החי: /books · /method (הכשרה) · /books (כלים — שגוי גם מול md) · /eyal-amit/mokesh-dahiman/ · /snoring-sleep-apnea/. מאסטר: בלי נתיב, רק «דף הספרים / דף ההכשרות / דף הדיג'רידו».",טבלת יעד לכל קישור אחרי ABT-01. לא להמציא slug.,מיפוי ניתוב בלבד (כמו R1-04): /muzeh→/books/ · /mokesh-dahiman→/eyal-amit/mokesh-dahiman/ · /tools-and-accessories→/shop/ · /learning→/learning/ · /treatment→/treatment/. לא ניסוח חדש.,about-defaults.php קישורים בגוף,http://eyalamit-co-il-2026.s887.upress.link/eyal-amit/,לפי נתיבי ה-md. לפי הנתיבים החיים הקנוניים (/books/ /learning/ /eyal-amit/mokesh-dahiman/ /didgeridoos/ או /shop/). טבלה בהערות.,ננעל עם ABT-01: גרסה א׳ לפי קישורי ה-md עם ניתוב קנוני. גרסה ב׳ לפי טבלת היעדים ב-docx המלא אם יש נתיב קנוני; אחרת טקסט בלי href מומצא.,,
עמוד · אייל עמית,R1-21,ABT-07,—,,,,הוקפא,—,לא ברור,קישורים רק במאסטר,docx מאסטר · רשימת קישורים פנימיים,המאסטר מבקש «מופע הסיפורים → דף מופע הסיפורים» ו«דיג'רידו בעבודת יד → דף הדיג'רידו». אין ב-md כקישור נפרד (יש /tools-and-accessories בגוף 07). אין בdocx המלא את מופע הסיפורים כפריט. אין עמוד מופע בסבב 1.,להכניס / לא להכניס / URL בכתב. רלוונטי רק אם ABT-01 = docx מאסטר.,לפי הבחירה. אין תוכן = אין רכיב — לא לבנות כרטיס מופע ריק.,about-defaults.php,http://eyalamit-co-il-2026.s887.upress.link/eyal-amit/,לא להכניס. להכניס אחרי URL בעמודת מילוי. רלוונטי רק אם המאסטר הוא ה-docx «סופי גרסת מאסטר».,הוקפא 18.8.26: ABT-01 לא בחר ב-docx מאסטר. מופע הסיפורים לא נכנס.,,
עמוד · אייל עמית,R1-21,ABT-08,בעמוד יש שתי גרסאות אחת מתחת לשנייה. בחרי איזו נשארת.,,,,בוצע,—,ברור,בחירת גרסה,כל העמוד · גרסה א׳ md · גרסה ב׳ docx SEO,שני מסמכים מאייל חלוקים. נימרוד ביקש להציג את שתיהן באותו עמוד לבחירה.,גרסה א׳ / גרסה ב׳ / שתיהן נשארות.,לפי הבחירה. אחרי הבחירה הגרסה שנבחרה נשארת בנתיב הקנוני.,about-defaults.php,http://eyalamit-co-il-2026.s887.upress.link/eyal-amit/,גרסה א׳ (המסמך — הסיפור עם גבעתיים והשריפה). גרסה ב׳ (הצעת SEO). שתיהן נשארות בינתיים.,"גל 2 21.8.26. מקור: אייל עמית.xlsx E7 + אודות אייל עמית - סופי מאוחד.md. עמוד אחד, שתי הגרסאות ירדו. Composer PASS.",,
עמוד · אייל עמית,R1-21,ABT-09,—,,,,בוצע,—,ברור,הדבקת שתי הגרסאות באותו עמוד,md FINAL 01–13 · docx חדש מלא,"החי הוא כרום צוות (em, ציר 2000, גלריה) לא אחד המסמכים.",גרסה א׳ למעלה מ-md מילה-במילה עם תווית «גרסה א׳ — המסמך». גרסה ב׳ מתחת מ-docx המלא מילה-במילה עם תווית «גרסה ב׳ — הצעת SEO». H1 בלי em. ניתוב ABT-06. בלי בלוקי Schema/AI מה-docx אם הם הערות למתכנת ולא גוף עמוד.,החלפת about-defaults.php בשתי הדבקות מוערות provenance.,about-defaults.php,http://eyalamit-co-il-2026.s887.upress.link/eyal-amit/,,"בוצע 18.8.26 ב-about-defaults.php בלבד. שתי גרסאות באותו עמוד, לא compare=eyal. מדיה ABT-02 לאייל.",,
עמוד · מוקש דהימן — לזכרו,R1-22,MK-01,—,,,,בוצע,—,ברור,הדבקת 10 כותרות המסמך + גוף; H1 בלי em; בלי תג 1950; jungle/jungel ככתבם; שני href,מי היה מוקש דהימן? · היכרותו הראשונה… · בית המלאכה ברישיקש · Dream Time · קוטלי · הגשמת החלום · תפנית חדה · פרידה · ומה היום · דברי הספד,"H1 עם em + תג 1950–2020 שלא במסמך; H2 שהומצאו (צינור האום, שפת הלב, האדמה בקוטלי, הביקור בקוטלי, The Art of Shanti Living ככותרת, מפעל חייו ימשיך להדהד, תם עידן…, הרוח של מוקש…); Jungle Vibes במקום jungle vibes / jungel vibes; נפלו קישורי Gofundme ודף הסרט.",72 פסקאות ה-docx בסדרן. H1 = «מי היה מוקש דהימן?» בלי em. בלי 1950. (jungle vibes) ו-jungel vibes ככתבם. פרוייקט גיוס המונים → https://www.gofundme.com/f/Roof-For-Mukesh. MUKESH - The Art of Shanti Living → https://www.facebook.com/mukesh.the.art.of.shanti.living.the.movie.,הדבקה מילה-במילה ב-mokesh-defaults.php אחרי GO BUILD. לא לגעת ב-tpl-chapters-mokesh.php. לא למחוק timeline/gallery/fbembeds/bleed כאן.,mokesh-defaults.php phero + sections prose,http://eyalamit-co-il-2026.s887.upress.link/eyal-amit/mokesh-dahiman/,,"בוצע 18.8.26 ב-mokesh-defaults.php בלבד. H1 בלי em, בלי 1950, jungle/jungel + שני href. MK-02…07 נשארו לאייל.",,
עמוד · מוקש דהימן — לזכרו,R1-22,MK-02,בתמונת ההירו ובתמונות ליד הטקסט אין קובץ במסמך. בחרי מה לעשות.,,,,הוקפא,—,ברור,תמונות הירו ו-split,מי היה מוקש דהימן? · היכרותו הראשונה… · בית המלאכה · קוטלי · הגשמת החלום · פרידה · ומה היום,התיקייה וה-docx בלי מדיה. באתר נשארו mokesh-eyal.jpg וה-split (01/03/07/10/14/17).,להשאיר / להחליף (קישור או שם קובץ במילוי) / בלי תמונה.,לפי הבחירה.,mokesh-defaults.php phero + split,http://eyalamit-co-il-2026.s887.upress.link/eyal-amit/mokesh-dahiman/,"להשאיר את התמונות הקיימות. להחליף — הדביקו קישור או שם קובץ בעמודת מילוי. בלי תמונה — הטקסט נשאר, התמונות ליד הסקשנים יורדות.",גל 11: תמונות split/הירו לשלב הבא. אפס PHP. הוקפא.,,
עמוד · מוקש דהימן — לזכרו,R1-22,MK-03,המסמך מבקש פרומו של הסרט בתחתית העמוד בלי קובץ. הדביקו קישור או אמרו שאין וידאו.,,,,בוצע,—,ברור,פרומו הסרט,הגשמת החלום · «כאן בתחתית העמוד תוכלו לצפות בקטע קצר… פרומו בלבד»,"אין URL/קובץ ב-docx. באתר רץ YouTube kf4NKSdYi9E בהירו, לא בתחתית.","קישור YouTube/Vimeo או קובץ, או «אין וידאו», או להשאיר את הקיים.","שיבוץ הפרומו בתחתית לפי הבחירה, או הסרת ה-yt_id מההירו.",mokesh-defaults.php phero.yt_id,http://eyalamit-co-il-2026.s887.upress.link/eyal-amit/mokesh-dahiman/,"להשאיר את הווידאו הקיים. יש פרומו — הדביקו קישור או שם קובץ בעמודת מילוי (ישובץ בתחתית כמו במסמך). אין וידאו — הטקסט נשאר, הווידאו יורד.","גל 8 21.8.26. YouTube kf4NKSdYi9E בהירו, start=15. Composer PASS VERDICT-S006-W8-MOKESH.",,
עמוד · מוקש דהימן — לזכרו,R1-22,MK-04,גלריית 19 התמונות אינה במסמך. בחרי מה לעשות.,,,,בוצע,—,ברור,גלריית 19 תמונות,— (תוספת צוות אחרי «הגשמת החלום»),"רכיב gallery «מוקש, רישיקש והדרך» עם mokesh-01…19. אין קובץ/רשימה ב-docx.",להשאיר / להחליף (שמות קבצים במילוי) / בלי גלריה.,לפי הבחירה. יש גוף — לא מוחקים בלי הבחירה.,mokesh-defaults.php gallery,http://eyalamit-co-il-2026.s887.upress.link/eyal-amit/mokesh-dahiman/,"להשאיר את 19 התמונות. להחליף — הדביקו קבצים או קישורים בעמודת מילוי. בלי גלריה — הגלריה יורדת, הטקסט נשאר.","גל 8 21.8.26. גלריה מדף ישן, 18 תמונות (אחת מ-19 החזירה 404), אחרונה לפני הפוטר. Composer PASS.",,
עמוד · מוקש דהימן — לזכרו,R1-22,MK-05,ארבע הטמעות הפייסבוק אינן במסמך. בחרי להשאיר או להוריד.,,,,בוצע,—,ברור,הטמעות פוסטים בפייסבוק,הגשמת החלום (דף הסרט בלבד — לא ארבעת הפוסטים),fbembeds: IsraelDidgCenter + eyal.amit.muzza×2 + gemma.calaf. המסמך נותן רק דף הסרט mukesh.the.art.of.shanti.living.the.movie (חוזר ב-MK-01).,להשאיר את הארבעה / בלי הטמעות.,לפי הבחירה.,mokesh-defaults.php fbembeds,http://eyalamit-co-il-2026.s887.upress.link/eyal-amit/mokesh-dahiman/,להשאיר את ארבע ההטמעות. בלי הטמעות — הפוסטים יורדים; קישור דף הסרט נשאר בטקסט.,גל 8 21.8.26. הטמעות נשארו והועברו אחרי דברי הספד. Composer PASS.,,
עמוד · מוקש דהימן — לזכרו,R1-22,MK-06,"הוספנו ציר זמן «תחנות בדרכו של מוקש» שלא במסמך. להשאיר ולדייק, או להסיר.",,,,בוצע,—,ברור,ציר זמן,— (תוספת צוות; התאריכים עצמם בפרוזה),רכיב timeline עם 7 תחנות מנוסחות מחדש (סוף שנות השישים… 11.10.2020). אין רכיב כזה ב-docx. יש גוף — אסור למחוק בלי הכרעה.,להשאיר / להוריד.,לפי הבחירה. הפרוזה עם אותם תאריכים נשארת מ-MK-01.,mokesh-defaults.php timeline,http://eyalamit-co-il-2026.s887.upress.link/eyal-amit/mokesh-dahiman/,להשאיר ולדייק את התוכן. להסיר — הרכיב יורד; התאריכים נשארים בגוף הסיפור.,גל 8 21.8.26. ציר נשאר + תחנת 24.3.2020. רקע בהיר (לא פוטר). Composer PASS.,,
עמוד · מוקש דהימן — לזכרו,R1-22,MK-07,"הוספנו רצועת ציטוט עם תמונה. המשפט כבר בגוף. להשאיר ולדייק, או להסיר.",,,,הוקפא,—,ברור,רצועת bleed + ציטוט shanti,בית המלאכה ברישיקש,bleed עם mokesh-05.jpeg + «shanti play mantra inside – shanti coming home». הציטוט כבר בפסקה 015. התמונה בלי קובץ במסמך. יש גוף — לא מוחקים בלי הכרעה.,להשאיר / להוריד.,לפי הבחירה. המשפט נשאר בפרוזה בכל מקרה (MK-01).,mokesh-defaults.php bleed,http://eyalamit-co-il-2026.s887.upress.link/eyal-amit/mokesh-dahiman/,להשאיר ולדייק את הרצועה. להסיר — הרצועה יורדת; הציטוט נשאר בגוף «בית המלאכה ברישיקש».,גל 11: bleed בהמשך. אפס PHP. הוקפא.,,
עמוד · צור קשר,R1-23,CNT-01,"אין מסמך מאייל לעמוד צור קשר. לבחור: להקפיא, או להגיש את מה שחי עכשיו בלי שינוי טקסט.",,,,בוצע,—,ברור,דין העמוד — הקפאה מול הגשה כקיים,אין — אין חבילת צור קשר ואין סקירה,"אמנה §2 אין סקירה. אין md/xlsx אייל לעמוד. חי: H1 «צור קשר» עם em; שני טפסים (CF7 392 + גיבוי); וואטסאפ 052-4822842; כתובת רח' עמל 8 ב', פרדס חנה-כרכור. קיים באתר ≠ מאושר.","הכרעה אחת: להקפיא, או להגיש כקיים בלי שינוי טקסט.",לפי הבחירה. בלי בניית עותק. בלי שינוי טלפון/כתובת/טופס.,contact-defaults.php · template-parts/chapters/parts/contact.php,http://eyalamit-co-il-2026.s887.upress.link/contact/,"להקפיא — העמוד נשאר חי כמו שהוא, לא מוגש לאייל בסבב הזה, אפס שינוי טקסט. להגיש כקיים בלי שינוי טקסט — מסמנים שהעותק החי הוגש כ-«קיים באתר», בלי סקירה ובלי המצאת עותק. טלפון וכתובת לא נפתחים מחדש (קנון NAP 16.7.26).",נימרוד 18.8.26: «זה פשוט הפרטים המדויקים. אין מה לשנות.» הגשה כקיים בלי שינוי טקסט. טלפון/כתובת לא נפתחים (NAP 16.7.26). אפס PHP.,,
עמוד · English,R1-24,EN-01,—,,,,הוקפא,—,לא ברור,גוף /en/ — אין מקור אייל לאנגלית,—,אין תיקייה/md/docx/xlsx של אייל ל-/en/ בדרייב (content 13.8.26 + אין סקירה EN). en-defaults.php stub ריק. החי הוא טיוטת צוות ב-tpl-chapters-en.php עם באנר WP-EI-06. חבילת WP-EI-06 ON_HOLD.,"מקור אייל לאנגלית, או אישור מפורש של הטיוטה — לא בגל הזה.",אין. הקפאה. לא לכתוב אנגלית ולא להמציא תרגום.,tpl-chapters-en.php (inline; לא נערך בפאזה א׳) · en-defaults.php (stub; לא נערך),http://eyalamit-co-il-2026.s887.upress.link/en/,,פאזה א׳ 18.8.26. חיפוש Drive: 20 תיקיות ב-content 13.8.26 בלי EN; סקירה יחידה = סקירה דף הבית.xlsx; דפים שלא אונדקסו = Search Console בלי /en/; מוקש docx מזכיר «השפה האנגלית» כסיפור על מוקש בלבד. tracker_schema ROUND1_SEED מקור חומר ריק. Hub OPEN-EN-BODY: אין מקור אנגלית. לא נכתב מ-from-eyal/. RECOMMEND FREEZE.,,
עמוד · תיקון וחידוש דיג'רידו,R1-11,REP-01,בתמונת הרקע של ההירו אין קובץ במסמך. בחרי מה לעשות.,,,,הוקפא,—,ברור,תמונות העמוד,SECTION 01 · SECTION 07 · SECTION 09,"DEV NOTES מבקשים צילום אמיתי של כלי / תהליך עבודה / בית מלאכה, בלי שם קובץ. כרגע eyal-workshop.jpg בהירו; עוד חמש תמונות אתר ב-.reveals ועוד אחת ב-mag — בלי נכס מאייל.",להשאיר / להחליף (קישור או שם קובץ במילוי) / בלי תמונה.,לפי הבחירה. הטקסט מ-SECTION 01–04 ו-07–08 מודבק בנפרד (REP-03). תמונות ה-.reveals/mag יורדות עם ההדבקה (אינן במסמך).,repair-defaults.php phero.media,http://eyalamit-co-il-2026.s887.upress.link/repair/,"להשאיר את תמונת ההירו הקיימת. להחליף — הדביקו קישור או שם קובץ בעמודת מילוי. בלי תמונה — הטקסט והכפתור נשארים, אין רקע.",גל 11: תמונות לשלב הבא. אפס PHP. הוקפא.,,
עמוד · תיקון וחידוש דיג'רידו,R1-11,REP-02,"בבלוק «מה אומרים על העבודה עם אייל» אין המלצות במסמך. הדביקו המלצות על תיקון, או אמרו בלי המלצות.",,,,בוצע,—,ברור,המלצות תיקון,SECTION 06,"DEV NOTES: בלוק לא פעיל עד המלצות אמיתיות על תיקון דיג'רידו בלבד. ב«התוכן» רק TODO — בלי שמות, ציטוטים או קישורי פייסבוק. החי לא מציג את הבלוק (אין תוכן = אין רכיב).","המלצות תיקון (טקסט + קישור פייסבוק במילוי), או «בלי המלצות».","שיבוץ ההמלצות, או השארת העמוד בלי בלוק המלצות.",repair-defaults.php SECTION 06,http://eyalamit-co-il-2026.s887.upress.link/repair/,יש המלצות — הדביקו טקסט וקישור פייסבוק בעמודת מילוי. בלי המלצות — הבלוק לא יוצג.,גל 6 21.8. אייל: למחוק בלוק המלצות. הבלוק לא היה חי. פסקת פתיחה הוחלפה מ-19.8.,,
עמוד · תיקון וחידוש דיג'רידו,R1-11,REP-03,—,,,,בוצע,—,ברור,סדר 01–04+07–08 + הירו בלי em + הסרת כרום צוות,SECTION 01–04 · 07–08,em ב-H1; תג-פרק; H2 כפול; פסקת מהנדס שהומצאה; .reveals+תמונות; 08 לפני FAQ כ-mag עם כיתוב שהומצא; גלריה ממתינה; product-cta עם מחיר וקישור Morning לספרים. חסרים CTA אחרי הסקשנים ו«כך נראה התהליך:».,"SECTION 01–04 ו-07–08 ככתבם, בסדר המסמך. H1: תיקון וחידוש דיג'רידו. בלי em, בלי פסקת מהנדס, בלי גלריה/מחיר/רכישה. CTA ל-/contact אחרי כל סקשן שמציין אותו. 08 אחרי 07.",הדבקה מילה-במילה בסדר המסמך במקום הכרום. לא להעתיק מ-didgeridoos-defaults.php.,repair-defaults.php,http://eyalamit-co-il-2026.s887.upress.link/repair/,,פאזה א׳ 18.8.26. אין סקירה — md הוא הרצוי. WP-EI-01/02 לא נפתחו. קישור /tools-and-accessories שייך ל-REP-04.,,
עמוד · תיקון וחידוש דיג'רידו,R1-11,REP-04,—,,,,בוצע,—,ברור,שאלות נפוצות — 6 מהמסמך,SECTION 05,"faqblock CPT cats:repair בסדר אחר מהמסמך (שדרוג ראשון, זמן חמישי). ששת הנוסחים כן מהמסמך.",שש השאלות מ-SECTION 05 שורות 205–240 בסדר המסמך + [כלים ואביזרים לדיג'רידו](/tools-and-accessories) + CTA ל-/contact.,"faq-inline, בלי לגעת ב-block-faq-list.php וב-inc/data/*.json.",repair-defaults.php SECTION 05,http://eyalamit-co-il-2026.s887.upress.link/repair/,,פאזה א׳ 18.8.26. /tools-and-accessories חי 200 — לא הומר ל-/shop/. ממתין ל-GO BUILD.,,
עמוד · כלי דיג'רידו למכירה,R1-12,DG-01,ב־/shop/ כבר הודבק אותו מסמך. מה לעשות עם /didgeridoos/?,,,,בוצע,—,ברור,כפילות מול החנות,כל העמוד · אותו buy didgeridoo.md,תיקיית «כלים למכירה» מכילה קובץ md יחיד. R1-10 הדביק אותו ב-/shop/ (הוגש). המנדט נועל את אותו md גם ל-/didgeridoos/. המסמך לא קובע נתיב. להמציא עמוד-מוצר שונה = אסור.,בחירה אחת. אין ניסוח חדש.,"לפי הבחירה. להדביק גם כאן → GO BUILD על DG-04/05 ב-didgeridoos-defaults.php בלבד (מקור=md, לא shop-defaults.php). להפנות לחנות → בלי הדבקה; הפניה מחוץ לערוץ התוכן (CODE-BLOCKED אחרי ההכרעה). להקפיא → אפס שינוי עד מסמך ילד.",didgeridoos-defaults.php,http://eyalamit-co-il-2026.s887.upress.link/didgeridoos/,להדביק גם כאן — שני עמודים עם אותו טקסט (החנות נשארת; כאן מורידים כרום צוות). להפנות את /didgeridoos/ אל /shop/ — החנות לא נגעת. להקפיא — לחכות למסמך נפרד לכלי; לא לגעת עכשיו. חי: http://eyalamit-co-il-2026.s887.upress.link/didgeridoos/ מול http://eyalamit-co-il-2026.s887.upress.link/shop/,"אורקסטרטור 18.8.26: נעילת גל 2 כוללת את R1-12 כבנאי → להדביק גם כאן (אותו md, בלי כרום). GO BUILD על DG-04/05.",,
עמוד · כלי דיג'רידו למכירה,R1-12,DG-02,בתמונת ההירו (ובתמונה ליד «מי בונה את הכלים») אין קובץ במסמך. בחרי מה לעשות.,,,,הוקפא,—,ברור,תמונות העמוד,SECTION 01 · SECTION 02,"DEV NOTES מבקשים תמונת רקע של כלי בעבודת יד, ואפשרות לתמונה של אייל בסדנה, בלי שם קובץ. החי ב-/didgeridoos/ מציג didg-bells.jpg ו-eyal-workshop.jpg שנבחרו בצוות.",להשאיר / להחליף (קישור או שם קובץ במילוי) / בלי תמונה.,לפי הבחירה — אחרי DG-01 אם העמוד נשאר. הטקסט מודבק בנפרד (DG-04). לא דורסים את SHP-01 בחנות.,didgeridoos-defaults.php phero + split,http://eyalamit-co-il-2026.s887.upress.link/didgeridoos/,"להשאיר את התמונות הקיימות. להחליף — הדביקו קישור או שם קובץ בעמודת מילוי. בלי תמונה — הטקסט נשאר, התמונות יורדות.",טרקר←מציאות 21.8.26. אין אקסל נפרד. בקטלוג: להשאיר /didgeridoos/; תמונות לשלב מאוחר כמו SHP.,,
עמוד · כלי דיג'רידו למכירה,R1-12,DG-03,ליד תיקים וסטנדים המסמך מציע תמונות קטנות בלי קובץ. הדביקו קבצים או אמרו בלי תמונות.,,,,הוקפא,—,ברור,תמונות אביזרים,SECTION 07,"DEV NOTES: אפשר לשלב תמונות קטנות ליד כל פריט, בלי שם קובץ. לא רונדר רכיב תמונה (אין תוכן = אין רכיב).","קבצים/קישורים, או «בלי תמונות».",שיבוץ התמונות או השארת הרשימה כטקסט בלבד. אחרי DG-01 אם העמוד נשאר. לא דורסים את SHP-02 בחנות.,didgeridoos-defaults.php SECTION 07,http://eyalamit-co-il-2026.s887.upress.link/didgeridoos/,בלי תמונות — נשארים שמות הפריטים והקישורים כמו במסמך (כולל /instruments). יש תמונות — הדביקו קישורים או שמות קבצים בעמודת מילוי.,טרקר←מציאות 21.8.26. אין אקסל נפרד. תמונות אביזרים לשלב מאוחר כמו SHP-02.,,
עמוד · כלי דיג'רידו למכירה,R1-12,DG-04,—,,,,בוצע,—,ברור,סדר 01–10 + הירו בלי em + הסרת כרום צוות,SECTION 01–07 · 09–10,H1 עם em; תגי chap ותתי-H2 שהומצאו; bleed+ייחוס; SECTION 06 בכפילות steps+prose; חסרים CTA של 05/07/10; גלריית pending ריקה; product-cta עם «מחיר לפי התאמה» וקישור Morning של ספרי מוזה.,"SECTION 01–07 ו-09–10 ככתבם. H1: כלי דיג'רידו למכירה - כלים בעבודת יד. בלי em, בלי מחיר, בלי GI/Morning. ארבעה CTA ל-/contact. קישורים ככתבם כולל /instruments.",הדבקה מילה-במילה מה-md. לא להעתיק מ-shop-defaults.php. אין תוכן = אין רכיב (גלריה ממתינה יורדת).,didgeridoos-defaults.php,,,פאזה א׳ 18.8.26. לבצע רק אחרי DG-01=להדביק גם כאן ו-GO BUILD R1-12. /instruments 301 ל-R2-025; לא הומר ל-/bags/. WP-EI-01/02 לא נפתחו.,,
עמוד · כלי דיג'רידו למכירה,R1-12,DG-05,—,,,,בוצע,—,ברור,שאלות נפוצות — 5 מהמסמך בסדר המסמך,SECTION 08,"faqblock CPT (cats:didgeridoos) במקום faq-inline. חמש השאלות קיימות אך בסדר CPT, לא בסדר SECTION 08.","חמש השאלות מ-SECTION 08 שורות 330–364, בסדר המסמך.","faq-inline, בלי לגעת ב-block-faq-list.php.",didgeridoos-defaults.php SECTION 08,,,פאזה א׳ 18.8.26. לבצע רק אחרי DG-01=להדביק גם כאן ו-GO BUILD R1-12.,,
עמוד · תיקים לדיג'רידו,R1-13,BAG-01,—,,,,בוצע,—,ברור,סדר 01–07+09–10 + הירו בלי em + הסרת H2/chap/mag שהומצאו,SECTION 01–07 · 09–10,H1 עם em; chap-ים; phero.sub קטוע; H2 כפול אחרי ההירו עם «צרו קשר»; mag של 03 לפני הפתיחה עם H3 וכיתוב «עבודת יד.»; H2 «בנויים מתוך הבנה של הכלי»; H2 «שווה לשמור עליו כמו שצריך» על 10.,SECTION 01–07 ו-09–10 ככתבם. H1: תיקים לדיג'רידו בלי em. 03: פתיחה + 7 נקודות כרשימה. כפתור הירו «לתיאום והתאמה של תיק לדיג'רידו» → /contact. «מתפרות מילגה» נשאר (שורה 112).,הדבקה מילה-במילה ב-bags-defaults.php אחרי GO BUILD. לא למחוק bleed/gallery/product-cta כאן (BAG-04/05/06).,bags-defaults.php phero + sections 01–07 · 09–10,http://eyalamit-co-il-2026.s887.upress.link/bags/,,פאזה א׳ 18.8.26. אין סקירה — md הוא הרצוי. תמונות 01–03 = BAG-03. FAQ = BAG-02.,,
עמוד · תיקים לדיג'רידו,R1-13,BAG-02,—,,,,בוצע,—,ברור,שאלות נפוצות — 7 מהמסמך,SECTION 08,faqblock CPT cats:bags בסדר אלפביתי; תווית «צרו קשר» במקום הבייטים; /didgeridoo-lessons במקום הנתיב הקנוני.,"שבע השאלות מ-SECTION 08 שורות 220–254 בסדר המסמך. לתיאום – מעבר ל־/contact · לפרטים צרו קשר → /contact · שיעורי נגינה → /lessons/ (md: /didgeridoo-lessons, 301×2 ל-/lessons/).","faq-inline, בלי לגעת ב-block-faq-list.php.",bags-defaults.php SECTION 08,http://eyalamit-co-il-2026.s887.upress.link/bags/,,פאזה א׳ 18.8.26. שבע השאלות קיימות ב-CPT אבל לא בסדר ולא עם הבייטים של הקישור. ממתין ל-GO BUILD.,,
עמוד · תיקים לדיג'רידו,R1-13,BAG-03,בתמונת ההירו ובתמונות ליד «למה צריך תיק» ו«איך בנויים» אין קובץ במסמך. בחרי מה לעשות.,,,,הוקפא,—,ברור,תמונות הירו + split + mag,SECTION 01 · SECTION 02 · SECTION 03,"DEV NOTES מבקשים רקע של דיג' בתיק, תמונה בצד, ותקריב — בלי שם קובץ. כרגע didgs-window.jpg (×2) ו-studio-didgs.jpg.",להשאיר / להחליף (קישור או שם קובץ במילוי) / בלי תמונה.,לפי הבחירה. הטקסט מודבק ב-BAG-01.,bags-defaults.php phero.media + split 02 + mag 03,http://eyalamit-co-il-2026.s887.upress.link/bags/,"להשאיר את התמונות הקיימות. להחליף — הדביקו קישור או שם קובץ בעמודת מילוי. בלי תמונה — הטקסט נשאר, התמונות יורדות.",גל 11: תמונות לשלב הבא. אפס PHP. הוקפא.,,
עמוד · תיקים לדיג'רידו,R1-13,BAG-04,ב«תמונות מהשטח» המסמך מבקש 6–10 תמונות בלי קובץ. הדביקו קבצים או אמרו בלי גלריה.,,,,בוצע,—,ברור,גלריית תמונות מהשטח,SECTION 09,"DEV NOTES: גלריה 6–10 תמונות אמיתיות, בלי שם קובץ. החי: «גלריית מוצר» / «תמונות המוצר» + שני מצייני ממתין (אין תוכן = אין רכיב). הכותרות האלה אינן במסמך.","קבצים/קישורים, או «בלי גלריה». פסקאות SECTION 09 נשארות.",שיבוץ התמונות או הסרת המציינים. לא משאירים כרטיס ריק.,bags-defaults.php gallery pending,http://eyalamit-co-il-2026.s887.upress.link/bags/,"יש תמונות — הדביקו קישורים או שמות קבצים בעמודת מילוי. בלי גלריה — שלוש הפסקאות נשארות, המציינים יורדים.",גל 6 21.8. שש תמונות מהדף הישן. bleed לא נדרס.,,
עמוד · תיקים לדיג'רידו,R1-13,BAG-05,"הוספנו רצועת ציטוט עם תמונת סדנה. המשפט כבר בגוף. להשאיר ולדייק, או להסיר.",,,,בוצע,—,ברור,רצועת bleed + ציטוט,SECTION 04 (המשפט בגוף; הרצועה אינה במסמך),"bleed עם eyal-workshop.jpg + «התאמה מדויקת לכלי, לא ייצור המוני.» + ייחוס «אייל עמית». אין רכיב כזה ב-md. הציטוט פרפרזה של SECTION 04. יש גוף — אסור למחוק בלי הכרעה.",להשאיר / להוריד.,לפי הבחירה. פסקאות SECTION 04 נשארות מ-BAG-01.,bags-defaults.php bleed,http://eyalamit-co-il-2026.s887.upress.link/bags/,להשאיר ולדייק את הרצועה. להסיר — הרצועה יורדת; המשפט נשאר בגוף «עבודת יד והתאמה לכלי».,טרקר←מציאות 21.8.26. אייל 19.8: להשאיר bleed. אפס PHP.,,
עמוד · תיקים לדיג'רידו,R1-13,BAG-06,—,,,,בוצע,—,ברור,product-cta GI + מחיר,SECTION 10 (במסמך: כפתור /contact בלבד),«מחיר לפי התאמה»; «לרכישה מאובטחת» → https://mrng.to/MTUiO3vkIg (URL חבילת הספרים מ-MUZZA.md); «קישור רכישה זמני — ממתין לקישור הסופי מאייל». אין מחיר/GI/Morning ב-bags md. WP-EI-01 hold נדחה. יש גוף — לא מוחקים בלי הכרעה.,להסיר / להשאיר (ואז אייל ממלא קישור רכישה).,לפי הבחירה. כפתור /contact של SECTION 10 מודבק ב-BAG-01 בנפרד.,bags-defaults.php product-cta gi_temp,http://eyalamit-co-il-2026.s887.upress.link/bags/,"להסיר — יורדים המחיר, כפתור הרכישה והערת ה-GI; נשאר כפתור צור קשר מהמסמך. להשאיר — הרכישה נשארת עד שאייל ימלא קישור בעמודת מילוי (לא משאירים את קישור הספרים).",אורקסטרטור 18.8.26: כמו STN-05/FLR-05 — URL הספרים אינו במסמך התיקים. להסיר product-cta ב-GO BUILD; כפתור /contact מ-SECTION 10 נשאר.,,
עמוד · סטנדים לאחסון דיג'רידו,R1-14,STN-01,בתמונת הרקע של ההירו יש תמונת סטודיו בלי קובץ במסמך. בחרי מה לעשות.,,,,הוקפא,—,ברור,תמונת הירו,SECTION 01,"DEV NOTES מבקשים תמונת רקע של סטנדים לאחסון בבית/סטודיו, בלי שם קובץ. החי: studio-didgs.jpg (סטודיו, לא סטנד אחסון).",להשאיר / להחליף (קישור או שם קובץ במילוי) / בלי תמונה.,לפי הבחירה. הטקסט מ-SECTION 01 מודבק בנפרד (STN-03).,stands-storage-defaults.php phero.media,http://eyalamit-co-il-2026.s887.upress.link/stands-storage/,"להשאיר את התמונה הקיימת. להחליף — הדביקו קישור או שם קובץ בעמודת מילוי. בלי תמונה — נשארים H1, התת והכפתור.",טרקר←מציאות 21.8.26. באקסל סטנדים-לאחסון נכתב FLR-01 בטעות. תשובה: תמונות לשלב הבא.,,
עמוד · סטנדים לאחסון דיג'רידו,R1-14,STN-02,לאורך הסברים על הסטנדים המסמך מבקש תמונות בלי קובץ. בחרי מה לעשות.,,,,בוצע,—,ברור,תמונות לאורך העמוד,SECTION 02 · 03 · 04 · 05 · 06 · 07 · 10,"DEV NOTES מבקשים תמונות תלייה/עמידה, תמונה לכל סוג, close-up, 2–3 עיצובים, אווירה, ורקע עדין ל-CTA — בלי שם קובץ. החי: didgs-window.jpg ב-split; חמש תמונות ב-.reveals; bleed didg-bells.jpg; גלריית pending (תוספת צוות, יורדת ב-STN-03).",להשאיר את תמונת «מה זה» / להחליף (קבצים או קישורים במילוי) / בלי תמונות.,לפי הבחירה. הטקסט מודבק ב-STN-03. בלי קובץ = אין רכיב.,stands-storage-defaults.php SECTION 02 split + 03–07 + 10,http://eyalamit-co-il-2026.s887.upress.link/stands-storage/,"להשאיר את תמונת «מה זה» הקיימת (didgs-window.jpg), בלי השאר. להחליף — הדביקו קישורים או שמות קבצים בעמודת מילוי. בלי תמונות — נשאר הטקסט בלבד.",גל 6 21.8. גלריה מהדף הישן + תיקוני עותק מהאקסל (מזהי FLR שם = טעות תווית).,,
עמוד · סטנדים לאחסון דיג'רידו,R1-14,STN-03,—,,,,בוצע,—,ברור,סדר 01–07+09 + הירו בלי em + הסרת כרום שהומצא,SECTION 01–07 · SECTION 09,H1 עם em; תג-פרק; הירו מפוצל לסקשן H2 «לתלייה או בעמידה»; .reveals עם כותרות שהומצאו; כפילות 03 תחת H2 «חלק מהמרחב»; תגי dd; H2 «איך בוחרים»; bleed+ייחוס; H3 שקוצרו ב-steps + H2 «זמן הכנה» כפול; גלריית pending. FAQ ו-CTA ב-STN-04/05.,"SECTION 01–07 ו-09 ככתבם. H1: סטנדים לאחסון דיג'רידו. תת: לתלייה או בעמידה. בלי em, בלי reveals, בלי bleed, בלי גלריה. 03 כרשימה כתובה. 04 שני ### בלי תגים. 09 ארבעה שלבים + פסקת זמן הכנה, בלי H2 שהומצא. סטנד לעמידה כאן = אחסון, לא /stand-floor/.",הדבקה מילה-במילה בסדר המסמך. לא להעתיק מ-stand-floor-defaults.php.,stands-storage-defaults.php,http://eyalamit-co-il-2026.s887.upress.link/stands-storage/,,פאזה א׳ 18.8.26. אין סקירה — md הוא הרצוי. ממתין ל-GO BUILD. אחים מחוץ לסקואופ.,,
עמוד · סטנדים לאחסון דיג'רידו,R1-14,STN-04,—,,,,בוצע,—,ברור,שאלות נפוצות — 5 מהמסמך,SECTION 08,"faqblock CPT (cats:stands-storage) בסדר אחר, אחרי SECTION 09 במקום לפניו.","חמש השאלות מ-SECTION 08 שורות 237–262, בסדר המסמך, אחרי 07 ולפני 09.","faq-inline, בלי לגעת ב-block-faq-list.php.",stands-storage-defaults.php SECTION 08,http://eyalamit-co-il-2026.s887.upress.link/stands-storage/,,פאזה א׳ 18.8.26. הבייטים קרובים ל-CPT; הסדר והרכיב לא. ממתין ל-GO BUILD.,,
עמוד · סטנדים לאחסון דיג'רידו,R1-14,STN-05,—,,,,בוצע,—,ברור,"CTA תחתון ל-/contact, בלי GI/מחיר",SECTION 10,product-cta: «מחיר לפי התאמה»; כפתור «לרכישה מאובטחת» אל https://mrng.to/MTUiO3vkIg (קישור חבילת הספרים); הערת «קישור רכישה זמני». אין במסמך. CTA המסמך הוא לתיאום והזמנה → /contact.,כותרת «רוצים סטנד שמתאים בדיוק לדיג'רידו שלכם?» + הגוף מ-SECTION 10 + כפתור לתיאום והזמנה → /contact.,cta אחד. מחיקת gi_temp / מחיר / mrng.to / pending-note. WP-EI-01 לא נפתח.,stands-storage-defaults.php SECTION 10,http://eyalamit-co-il-2026.s887.upress.link/stands-storage/,,פאזה א׳ 18.8.26. לא הומצא קישור רכישה. תקדים BK-03. ממתין ל-GO BUILD.,,
עמוד · סטנד רצפתי לנגינה בישיבה,R1-15,FLR-01,בתמונת ההירו (ובתמונה ליד «למה בכלל צריך סטנד») אין קובץ במסמך. בחרי מה לעשות.,,,,בוצע,—,ברור,תמונות הירו וסקשן 02,SECTION 01 · SECTION 02,"DEV NOTES מבקשים תמונת רקע של הסטנד בשימוש אמיתי, ואפשרות לתמונה תומכת בסקשן 02, בלי שם קובץ. כרגע eyal-playing.jpg פעמיים.",להשאיר / להחליף (קישור או שם קובץ במילוי) / בלי תמונה.,לפי הבחירה. הטקסט מ-SECTION 01–02 מודבק בנפרד (FLR-03).,stand-floor-defaults.php phero + split,http://eyalamit-co-il-2026.s887.upress.link/stand-floor/,"להשאיר את התמונות הקיימות. להחליף — הדביקו קישור או שם קובץ בעמודת מילוי. בלי תמונה — הטקסט נשאר, התמונות יורדות.",גל 6 21.8. תא ריק = אין הערות (נימרוד). אפס PHP.,,
עמוד · סטנד רצפתי לנגינה בישיבה,R1-15,FLR-02,"בסקשנים 03, 04 ו-06 (ובגלריה) המסמך מבקש תמונות בלי קובץ. הדביקו קבצים או אמרו בלי תמונות.",,,,בוצע,—,ברור,תמונות 03 / 04 / 06 וגלריה אופציונלית,SECTION 03 · 04 · 06 · 10,"DEV NOTES: close-up השחלה, שימושים שונים, תמונת תרגול, וגלריה 4–6 «לא חובה» — בלי שם קובץ. החי מציג שני כרטיסי pending «תמונות המוצר» (אין תוכן = אין רכיב).","קבצים/קישורים, או «בלי תמונות».",שיבוץ התמונות או השארת הטקסט בלבד. כרטיסי pending יורדים ב-FLR-03.,stand-floor-defaults.php SECTION 03 · 04 · 06 · gallery,http://eyalamit-co-il-2026.s887.upress.link/stand-floor/,"בלי תמונות — נשאר הטקסט כמו במסמך, בלי גלריה ובלי תמונות ב-03/04/06. יש תמונות — הדביקו קישורים או שמות קבצים בעמודת מילוי.",גל 6 21.8. תא ריק = אין הערות (נימרוד). אפס PHP.,,
עמוד · סטנד רצפתי לנגינה בישיבה,R1-15,FLR-03,—,,,,בוצע,—,ברור,סדר 01–07 + הירו בלי em + הסרת כרום שהומצא,SECTION 01–07,תג «סטנד רצפתי לדיג'רידו»; H1 עם em על «נמוכה»; סקשן «פתיחה» שכופל את ההירו; 4 צעדים עם H3 שהומצאו + פרוזה כפולה; גלריית pending «תמונות המוצר».,"SECTION 01–07 ככתבם. H1: סטנד רצפתי לדיג'רידו לנגינה בישיבה נמוכה. בלי em, בלי תג, בלי צעדים ממציאים, בלי גלריה ריקה. קישור 06: טיפול בדיג'רידו → /treatment/.",הדבקה מילה-במילה בסדר המסמך. לא להעתיק מ-stands-storage-defaults.php ולא מכרטיס החנות שהוסר.,stand-floor-defaults.php,http://eyalamit-co-il-2026.s887.upress.link/stand-floor/,,פאזה א׳ 18.8.26. אין סקירה — md הוא הרצוי. /didgeridoo-treatment 301 פעמיים ל-/treatment/ (200); ניתוב קנוני כמו LSN-07. SECTION 10 לא רונדר.,,
עמוד · סטנד רצפתי לנגינה בישיבה,R1-15,FLR-04,—,,,,בוצע,—,ברור,שאלות נפוצות — 4 מהמסמך,SECTION 08,faqblock CPT (cats:stand-floor). ארבע השאלות קיימות אבל בסדר הפוך למסמך.,"ארבע השאלות מ-SECTION 08 שורות 211–221, בסדר המסמך.","faq-inline, בלי לגעת ב-block-faq-list.php.",stand-floor-defaults.php SECTION 08,http://eyalamit-co-il-2026.s887.upress.link/stand-floor/,,פאזה א׳ 18.8.26. ממתין ל-GO BUILD.,,
עמוד · סטנד רצפתי לנגינה בישיבה,R1-15,FLR-05,—,,,,בוצע,—,ברור,"CTA מגע מ-SECTION 09, בלי רכישה/מחיר",SECTION 09,"product-cta מזריק «מחיר לפי התאמה», כפתור «לרכישה מאובטחת» ל-mrng.to של חבילת הספרים, ו«קישור רכישה זמני». חסר כפתור המגע של המסמך.",H2 רוצה לבדוק אם זה מתאים לך? + שתי הפסקאות + [ליצירת קשר](/contact).,cta בלי מחיר/GI. לא לגעת ב-product-cta.php. WP-EI-01/02 נדחים.,stand-floor-defaults.php SECTION 09,http://eyalamit-co-il-2026.s887.upress.link/stand-floor/,,פאזה א׳ 18.8.26. תקדים BK-03: כרום GI שאינו במסמך יורד. ממתין ל-GO BUILD.,,
עמוד · הכשרות למטפלים,R1-07,TT-01,—,,,,הוקפא,—,לא ברור,אין חומר מאייל לעמוד הכשרות למטפלים,—,"אין תיקייה ב-content 13.8.26, אין סקירה הכשרה, החי הוא טיוטת צוות ב-therapist-training-defaults.php. FAQ/אודות אינם מקור. בלי סקירה אין אין-הערה=מאושר.",אין. לא ממציאים עותק הכשרות.,אין בנייה. העמוד מוקפא עד שיהיה מקור מצוטט מאייל.,therapist-training-defaults.php,http://eyalamit-co-il-2026.s887.upress.link/learning/therapist-training/,—,"פאזה א׳ 18.8.26. HTTP 200. חי=defaults (team draft). אזכורי הכשרה באודות/שיטה/FAQ שייכים ל-R1-21/R1-03/R1-25, לא בייטים לעמוד הזה. אב R1-06 ואחים R1-08/R1-09 מחוץ לסקואופ.",,
עמוד · הרצאות,R1-08,LEC-01,—,,,,בוצע,—,ברור,אין חומר מאייל לעמוד הרצאות,—,"אין תיקייה ב-content 13.8.26, אין סקירה הרצאות, החי הוא טיוטת צוות ב-lectures-defaults.php. בלי סקירה אין אין-הערה=מאושר. FAQ/אודות אינם מקור.",אין. לא ממציאים עותק הרצאות.,אין בנייה. העמוד מוקפא עד שיהיה מקור מצוטט מאייל.,lectures-defaults.php,http://eyalamit-co-il-2026.s887.upress.link/learning/lectures/,—,גל 10 21.8.26. הופשר. מקור: הרצאות-נשימה-ודיגרידו.md. Composer PASS VERDICT-S006-W10-LECTURES-WORKSHOPS.,,
עמוד · סדנאות,R1-09,WKS-01,—,,,,בוצע,—,ברור,אין חומר מאייל לעמוד הסדנאות,—,"אין תיקייה ב-content 13.8.26, אין סקירה סדנאות, החי הוא טיוטת צוות ב-workshops-defaults.php. FAQ אסור כמקור. בלי סקירה אין אין-הערה=מאושר.",אין. לא ממציאים עותק סדנאות.,אין בנייה. העמוד מוקפא עד שיהיה מקור מצוטט מאייל.,workshops-defaults.php,http://eyalamit-co-il-2026.s887.upress.link/learning/workshops/,—,גל 10 21.8.26. הופשר. מקור: סדנאות-דיגרידו-ונשימה.md. Composer PASS VERDICT-S006-W10-LECTURES-WORKSHOPS.,,
עמוד · גלריות — קטלוג מרכזי,R1-27,GAL-01,—,,,,הוקפא,—,לא ברור,אין חומר מאייל לעמוד ה-hub,—,"אין תיקייה ב-content 13.8.26, אין סקירה גלריות, החי הוא PLACEHOLDER ב-galleries-defaults.php. ea-media-gallery-2026-07-02.zip אינו md ואינו מקור §3א (לא נפתח). בלי סקירה אין אין-הערה=מאושר.",אין. לא ממציאים עותק hub.,אין בנייה. העמוד מוקפא עד שיהיה מקור מצוטט מאייל.,galleries-defaults.php,http://eyalamit-co-il-2026.s887.upress.link/galleries/,—,"פאזה א׳ 18.8.26. HTTP 200. חי=defaults (PLACEHOLDER). אפס /galleries/ ב-md. אזכורי גלריה באודות/בית/ספרים הם עמודים אחרים. GSC /Gallery/ = URL ייצור ישן, לא עותק hub. zip מדיה לא נפרס. ROUND1_SEED מקור חומר ריק.",,
עמוד · כושי בלאנטיס,R1-17,KSH-01,בתמונת הרקע של ההירו אין קובץ במסמך. בחרי מה לעשות.,,,,בוצע,—,ברור,תמונת הירו,SECTION 01,"SECTION 01 הוא H1 + משפט בלבד, בלי קובץ. כרגע kushi-blantis-cover.jpg בהירו.",להשאיר / להחליף (קישור או שם קובץ במילוי) / בלי תמונה.,לפי הבחירה. הטקסט מ-SECTION 01 מודבק בנפרד (KSH-06). כפתור 69 ₪ יורד ב-KSH-08.,kushi-blantis-defaults.php phero.media,http://eyalamit-co-il-2026.s887.upress.link/books/kushi-blantis/,להשאיר את תמונת ההירו הקיימת. להחליף — הדביקו קישור או שם קובץ בעמודת מילוי. בלי תמונה — נשארים H1 והמשפט.,טרקר←מציאות 21.8.26. אייל 19.8: להשאיר הירו. אפס PHP.,,
עמוד · כושי בלאנטיס,R1-17,KSH-02,בגלריה המסמך מבקש תמונות מהדף הקיים בלי שם קובץ. בחרי מה לעשות.,,,,בוצע,—,ברור,גלריה,SECTION 05,"DEV NOTES: למשוך כריכה / פנים / אווירה מהדף הקיים, לא להמציא קבצים — בלי שם קובץ. כרגע חמש תמונות אתר + כיתובים שהומצאו + קופסת «בחירת ביניים».",להשאיר / להחליף (קבצים או קישורים במילוי) / בלי גלריה.,לפי הבחירה. כיתובים וקופסת «ממתין» אינם במסמך — יורדים ב-KSH-06.,kushi-blantis-defaults.php gallery,http://eyalamit-co-il-2026.s887.upress.link/books/kushi-blantis/,להשאיר את חמש התמונות הקיימות. להחליף — הדביקו קבצים או קישורים בעמודת מילוי. בלי גלריה — הסקשן לא יוצג.,"גל 7 21.8.26. מקור: כושי בלאנטיס.xlsx. גלריה מהדף הישן (22 תמונות, בלי fav). Composer PASS VERDICT-S006-W7-BOOKS.",,
עמוד · כושי בלאנטיס,R1-17,KSH-03,בסקשן הכתבות אין קבצים במסמך. הדביקו כתבות או אמרו בלי כתבות.,,,,הוקפא,—,ברור,כתבות מהעיתונות,SECTION 11,"DEV NOTES: להוסיף תמונות כתבות אם קיימות, בלי שם קובץ. החי מציג קופסת «ממתין לאישור» עם קישור /press/ שהומצא.","כתבות/תמונות (קישור או קובץ במילוי), או «בלי כתבות».","שיבוץ החומר, או השארת העמוד בלי הסקשן. הקופסה והקישור ל-/press/ יורדים (אין תוכן = אין רכיב).",kushi-blantis-defaults.php SECTION 11,http://eyalamit-co-il-2026.s887.upress.link/books/kushi-blantis/,יש כתבות — הדביקו קבצים או קישורים בעמודת מילוי. בלי כתבות — הסקשן לא יוצג.,גל 11: כתבות בהמשך. אפס PHP. הוקפא.,,
עמוד · כושי בלאנטיס,R1-17,KSH-04,ב«עוד רגעים מהדרך» המסמך מבקש תמונות נוספות בלי קובץ. הדביקו קבצים או אמרו שאין.,,,,בוצע,—,ברור,עוד רגעים מהדרך,SECTION 14,"DEV NOTES: תמונות נוספות אם קיימות, לא לשכפל את גלריה 05, בלי שם קובץ. החי מציג קופסת «ממתין לאישור».","קבצים או קישורים, או «אין תמונות».",שיבוץ התמונות או השארת העמוד בלי הסקשן.,kushi-blantis-defaults.php SECTION 14,http://eyalamit-co-il-2026.s887.upress.link/books/kushi-blantis/,יש תמונות — הדביקו קבצים או קישורים בעמודת מילוי. אין תמונות — הסקשן לא יוצג.,גל 7 21.8.26. אותן תמונות כמו KSH-02 — אין גלריה שנייה. Composer PASS.,,
עמוד · כושי בלאנטיס,R1-17,KSH-05,בקישור «לעמוד אייל עמית» הכתובת שבמסמך מובילה ל-404. הדביקו כתובת חיה או אמרו להוריד את הקישור.,,,,בוצע,—,ברור,קישור אודות,SECTION 08,https://www.eyalamit.co.il/about/ הוא 404 בייצור. בסטייג'ינג יש גם /about/ וגם /eyal-amit/ (שני עמודים שונים) — לא נבחר במקומך.,"URL חי, או «להוריד את הקישור». שאר פסקאות 08 כבר במסמך.",לפי המילוי או הבחירה.,kushi-blantis-defaults.php SECTION 08,http://eyalamit-co-il-2026.s887.upress.link/books/kushi-blantis/,יש כתובת — הדביקו בעמודת מילוי. להוריד את הקישור — נשאר «לעמוד אייל עמית» בלי href.,גל 7 21.8.26. קישור אודות → /eyal-amit/. Composer PASS.,,
עמוד · כושי בלאנטיס,R1-17,KSH-06,—,,,,בוצע,—,ברור,סדר 01–04+07–08 + הירו בלי em + הסרת כרום צוות,SECTION 01–04 · 07–08,em ב-H1; תג «הספר»; «לחצו לקריאת הקטע המלא»; חסר קו ההפרדה בקטע; ספליט+תמונה; .reveals+H3+תשע תמונות; גלריה אחרי FAQ; 14 לפני 12; כיתובים/lead/pending שהומצאו; /press/ שהומצא.,"SECTION 01–04 ו-07–08 ככתבם, בסדר המסמך. H1: כושי בלאנטיס. בלי em, בלי תג, בלי reveals, בלי תמונת 04. אקורדיון 03 עם כפתור המסמך + הקו. 08 בלי href עד KSH-05.",הדבקה מילה-במילה בסדר המסמך במקום הכרום. לא להעתיק מ-muzza-defaults.php.,kushi-blantis-defaults.php,http://eyalamit-co-il-2026.s887.upress.link/books/kushi-blantis/,,פאזה א׳ 18.8.26. אין סקירה — md הוא הרצוי. WP-EI-01/02 לא נפתחו. מדיה KSH-01/02/03/04 לא יורדת מההירו/גלריה עד בחירת אייל; תמונות ה-reveals והספליט כן יורדות (אינן במסמך).,,
עמוד · כושי בלאנטיס,R1-17,KSH-07,—,,,,בוצע,—,ברור,שאלות נפוצות — 6 מהמסמך,SECTION 10,"faqblock CPT cats:kushi-blantis בסדר אחר מהמסמך (כבד/קל ראשון, סיפור אמיתי שלישי). ששת הנוסחים כן מהמסמך.",שש השאלות מ-SECTION 10 שורות 205–221 בסדר המסמך.,"faq-inline, בלי לגעת ב-block-faq-list.php וב-inc/data/*.json.",kushi-blantis-defaults.php SECTION 10,http://eyalamit-co-il-2026.s887.upress.link/books/kushi-blantis/,,"פאזה א׳ 18.8.26. «236 עמודים» בשורה 215 — במסמך, מותר. ממתין ל-GO BUILD.",,
עמוד · כושי בלאנטיס,R1-17,KSH-08,—,,,,בוצע,—,ברור,"CTA רכישה מנדלי, בלי קופסת GI",SECTION 06 · 09 · 12,כל כפתורי הרכישה → mrng.to של חבילת שלושת הספרים; 69 ₪ בהירו; תוויות מורנינג/חשבונית; כפתור מודפס+אלקטרוני ב-09; temp_note GI. אף אחד לא במסמך.,06: מודפס «קישור יתווסף בהמשך» + מנדלי. 09: כפתור אחד «לרכישת הספר הדיגיטלי» → מנדלי. 12: «לרכישת הספר» → מנדלי. הירו בלי כפתור מחיר.,הדבקת בייטי המסמך. מחיקת temp_note / cta2 / 69 / mrng.to. תקדים BK-03. WP-EI-01 לא נפתח.,kushi-blantis-defaults.php phero.cta + SECTION 06/09/12,http://eyalamit-co-il-2026.s887.upress.link/books/kushi-blantis/,,ה-URL מ-kushi_full.md SECTION 06/09/12 (mendele.co.il/product/kushibelantis/ — 200). לא הומצא כפתור/מחיר מודפס. DEV NOTE שורה 135 אוסר להמציא קישור מודפס.,,
עמוד · צבע בכחול וזרוק לים,R1-18,TSV-01,בתמונת הרקע של ההירו אין קובץ במסמך. בחרי מה לעשות.,,,,בוצע,—,ברור,תמונת הירו,SECTION 01,"DEV NOTES מבקשים רקע מדרום אמריקה / טיול, בלי שם קובץ. כרגע tsva-bechol-cover.jpg (עטיפה) בהירו.",להשאיר / להחליף (קישור או שם קובץ במילוי) / בלי תמונה.,לפי הבחירה. הטקסט מ-SECTION 01 מודבק בנפרד (TSV-04). כפתור 59 ₪ יורד עם TSV-06.,tsva-bekahol-defaults.php phero.media,http://eyalamit-co-il-2026.s887.upress.link/books/tsva-bekahol/,להשאיר את תמונת ההירו הקיימת. להחליף — הדביקו קישור או שם קובץ בעמודת מילוי. בלי תמונה — נשארים H1 והתת.,טרקר←מציאות 21.8.26. אייל 19.8: להשאיר הירו. אפס PHP.,,
עמוד · צבע בכחול וזרוק לים,R1-18,TSV-02,בגלריות המסמך מבקש תמונות בלי קבצים בתיקייה. הדביקו קבצים או אמרו בלי תמונות.,,,,בוצע,—,ברור,גלריות הספר והטיול,SECTION 05 · SECTION 14,שמות לדוגמה (book-cover / inside / trip / trip-final) בלי קובץ. החי: עטיפה אחת + חמישה כרטיסי pending. אין תוכן = אין רכיב — הפנדings יורדים ב-TSV-04.,"קבצים/קישורים, או «בלי תמונות».",שיבוץ התמונות או השארת העמוד בלי גלריות.,tsva-bekahol-defaults.php SECTION 05 · 14 gallery,http://eyalamit-co-il-2026.s887.upress.link/books/tsva-bekahol/,"בלי תמונות — נשאר הטקסט כמו במסמך, בלי גלריה. יש תמונות — הדביקו קישורים או שמות קבצים בעמודת מילוי.",גל 7 21.8.26. גלריה מהדף הישן (45 תמונות). Composer PASS VERDICT-S006-W7-BOOKS.,,
עמוד · צבע בכחול וזרוק לים,R1-18,TSV-03,בבלוק «כתבות מהעיתונות» אין קובץ במסמך. הדביקו כתבה או אמרו בלי כתבה.,,,,הוקפא,—,ברור,כתבות מהעיתונות,SECTION 11,"המסמך: אקורדיון + press-article-01.jpg לדוגמה, בלי קובץ. החי: קופסת «ממתין לאישור» + קישור /press/ שהומצא.","קובץ או קישור, או «בלי כתבה».","שיבוץ הכתבה באקורדיון, או השארת העמוד בלי הבלוק.",tsva-bekahol-defaults.php SECTION 11,http://eyalamit-co-il-2026.s887.upress.link/books/tsva-bekahol/,יש כתבה — הדביקו קישור או שם קובץ בעמודת מילוי. בלי כתבה — הבלוק לא יוצג.,גל 11: כתבות בהמשך. אפס PHP. הוקפא.,,
עמוד · צבע בכחול וזרוק לים,R1-18,TSV-04,—,,,,בוצע,—,ברור,סדר 01–04+07–08 + הירו בלי em + הסרת כרום צוות,SECTION 01–04 · 07–08,em ב-H1; תג «הספר»; תת מקוצר; H2 כפול על הירו; garden.jpg; סדר 07/08/FAQ לפני 05; גלריות pending; עיתונות pending+/press/; כותרת 14 שהומצאה.,"SECTION 01–04 ו-07–08 ככתבם, בסדר המסמך. H1: צבע בכחול וזרוק לים. בלי em, בלי כפילות הירו, בלי garden, בלי pending. כפתור 03: קטע מתוך הספר – לקריאה. 08 → /about/.",הדבקה מילה-במילה בסדר המסמך במקום הכרום. לא להעתיק מ-kushi/muzza. לא לרנדר 05/11/14 עד TSV-02/03.,tsva-bekahol-defaults.php,http://eyalamit-co-il-2026.s887.upress.link/books/tsva-bekahol/,,פאזה א׳ 18.8.26. אין סקירה — md הוא הרצוי. WP-EI-01/02 לא נפתחו. הקטע המלא ב-03 כבר ככתבו. 2001/מהדורה עשירית במסמך — נשארות.,,
עמוד · צבע בכחול וזרוק לים,R1-18,TSV-05,—,,,,בוצע,—,ברור,שאלות ותשובות — 5 מהמסמך,SECTION 10,"faqblock CPT cats:tsva-bekahol בסדר אחר מהמסמך (סגנון ראשון, מוצ'ילרים שלישי). חמשת הנוסחים כן מהמסמך.",חמש השאלות מ-SECTION 10 שורות 316–329 בסדר המסמך.,"faq-inline, בלי לגעת ב-block-faq-list.php וב-inc/data/*.json.",tsva-bekahol-defaults.php SECTION 10,http://eyalamit-co-il-2026.s887.upress.link/books/tsva-bekahol/,,פאזה א׳ 18.8.26. «להינות» / «ימכר» ככתבם. ממתין ל-GO BUILD.,,
עמוד · צבע בכחול וזרוק לים,R1-18,TSV-06,—,,,,בוצע,—,ברור,רכישה מודפסת מ-06 + CTA 12 בלי GI/מחיר,SECTION 06 · SECTION 12,מחיר 59 ₪; כפתורי «לרכישה מאובטחת (חשבונית ירוקה)» ו-CTA-band כפולים ל-mrng.to של חבילת שלושת הספרים; temp_note GI. במסמך: מודפס → צור קשר; דיגיטלי → מנדלי (TSV-07).,"06: ניתן לרכוש… + עותק מודפס + [לרכישת עותק מודפס – צרו קשר](/contact/). 12: שלוש השורות ככתבן, בלי כפתור רכישה עד TSV-07. בלי 59, בלי mrng.to, בלי temp_note.",הדבקה; הקופסאות יורדות. תקדים BK-03. לא לגעת ב-product-cta.php / chapters-commerce.php. WP-EI-01/02 נדחים.,tsva-bekahol-defaults.php SECTION 06 · 09 · 12 + phero.cta,http://eyalamit-co-il-2026.s887.upress.link/books/tsva-bekahol/,,"פאזה א׳ 18.8.26. ה-mrng.to החי הוא קישור חבילת מוזה, לא הספר הזה. כפתור דיגיטלי = TSV-07. ממתין ל-GO BUILD.",,
עמוד · צבע בכחול וזרוק לים,R1-18,TSV-07,בקישור מנדלי במסמך מגיעים ל-404. הדביקו כתובת חיה או אמרו להוריד את הקישור הדיגיטלי.,,,,בוצע,—,לא ברור,רכישה דיגיטלית,SECTION 06 · 09 · 12,המסמך מצביע ל-mendele.co.il/product/tsvabacholvezorekleyam/ — 404. החי מחליף ב-mrng.to של חבילת הספרים (יורד ב-TSV-06). אין בייטים חיים להדבקה.,"URL חי בעמודת מילוי, או «להוריד את הקישור». טקסט 06/09/12 מודבק בנפרד.",לפי המילוי או הבחירה. בלי קישור — אין כפתור דיגיטלי (אין תוכן = אין רכיב).,tsva-bekahol-defaults.php SECTION 06 digital · 09 · 12 button,http://eyalamit-co-il-2026.s887.upress.link/books/tsva-bekahol/,"יש כתובת — הדביקו בעמודת מילוי. להוריד את הקישור — נשארים טקסט המודפס ופרוזת 12, בלי כפתור דיגיטלי.",נימרוד 22.8: להשאיר tzvabekahol. נבדק עכשיו: https://www.mendele.co.il/product/tzvabekahol/ = HTTP 200 · tsvabacholvezorekleyam = HTTP 404. החי כבר על ה-URL החי. אפס PHP.,,
עמוד · וכתבת,R1-19,VKT-01,בתמונת הרקע של ההירו (כריכת הספר) אין קובץ במסמך. בחרי מה לעשות.,,,,בוצע,—,ברור,תמונת הירו,SECTION 01,"DEV NOTES מבקשים תמונת כריכת הספר במסך מלא, בלי שם קובץ. כרגע vekatavt-cover.jpg בהירו. תיקיית החומר ריקה ממדיה.",להשאיר / להחליף (קישור או שם קובץ במילוי) / בלי תמונה.,לפי הבחירה. H1 והכפתור מודבקים ב-VKT-03/04.,vekatavta-defaults.php phero.media,http://eyalamit-co-il-2026.s887.upress.link/books/vekatavta/,"להשאיר את תמונת ההירו הקיימת. להחליף — הדביקו קישור או שם קובץ בעמודת מילוי. בלי תמונה — הטקסט והכפתור נשארים, אין רקע.",טרקר←מציאות 21.8.26. אייל 19.8: להשאיר הירו. אפס PHP.,,
עמוד · וכתבת,R1-19,VKT-02,בגלריה המסמך מבקש תמונות בלי קובץ. הדביקו קבצים או אמרו בלי גלריה.,,,,בוצע,—,ברור,גלריית תמונות מתוך הספר,SECTION 05,שלוש שורות טקסט בלי שם קובץ. החי: עטיפה + שני מצייני «ממתין לאישור» (April/Drive). המציינים אינם במסמך. אין תוכן = אין רכיב לסלוט ריק.,"קבצים/קישורים, או «בלי גלריה». שלוש הפסקאות נשארות.",שיבוץ התמונות או הסרת המציינים והעטיפה. לא משאירים כרטיס ריק.,vekatavta-defaults.php gallery,http://eyalamit-co-il-2026.s887.upress.link/books/vekatavta/,"יש תמונות — הדביקו קישורים או שמות קבצים בעמודת מילוי. בלי גלריה — שלוש הפסקאות נשארות, המציינים והעטיפה יורדים.",גל 7 21.8.26. גלריה מהדף הישן (95 תמונות). Composer PASS VERDICT-S006-W7-BOOKS.,,
עמוד · וכתבת,R1-19,VKT-03,—,,,,בוצע,—,ברור,סדר 01–14 + הירו בלי em + הסרת כרום צוות,SECTION 01–04 · 07–08 · 11 · 14,em ב-H1; תג «ספר»; תת מחובר בנקודה; H2 ממשפט ראשון; קטע מתקפל; היקיקומורי במקום היקוקומורי/היקוקמורי; לוכתבת ב-strong כולל למ״ד; split+פורטרט; .reveals+H3+תמונות אתר; H2 «בין השורות»; קופסאות ממתין ב-11 וב-14 + /press/. סדר 07 לפני 06/05; 14 לפני 12.,"SECTION 01–04 ו-07–08 ו-11 ו-14 ככתבם, בסדר המסמך. H1: וכתבת בלי em. H2 מהשם אחרי ## (לא משפט ראשון, לא «תוכן»). 03 עם שבירת שורות המסמך. 11 = המשפט שורה 306 בלבד.",הדבקה מילה-במילה בסדר המסמך במקום הכרום. לא להעתיק מ-kushi-blantis-defaults.php. גלריה/CTA/FAQ = VKT-02/04/05.,vekatavta-defaults.php,http://eyalamit-co-il-2026.s887.upress.link/books/vekatavta/,,פאזה א׳ 18.8.26. אין סקירה — md הוא הרצוי. WP-EI-01/02 לא נפתחו. 1998 / 46 / 252 / כ־8 שנים / למעלה משני עשורים כן במסמך — נשארים.,,
עמוד · וכתבת,R1-19,VKT-04,—,,,,בוצע,—,ברור,"CTA רכישה מנדלה, בלי קופסת GI / Morning / 79",SECTION 01 · 06 · 09 · 12,הירו «לרכישת הספר · 79 ₪» → mrng.to; 06 שתי הגרסאות ל-GI; 09 שני כפתורי GI + temp_note; 12 mrng.to + temp_note. אפס מנדלה בחי. ה-URL החי הוא חבילת שלושת הספרים.,"[לרכישת הספר](https://www.mendele.co.il/product/vekatavta/) בהירו, ב-09 וב-12. ב-06: מודפסת «(לפרטים והזמנה - צרו קשר)» בלי href; דיגיטלית «לרכישת הספר בגרסה דיגיטלית» → אותו מנדלה. בלי 79, בלי חשבונית ירוקה, בלי ספר אלקטרוני ככפתור שני.",cta בלי temp_note. החלפת mrng.to במנדלה ככתבו. תקדים BK-03. לא לפתוח WP-EI-01.,vekatavta-defaults.php phero.cta + SECTION 06/09/12,http://eyalamit-co-il-2026.s887.upress.link/books/vekatavta/,,ה-URL מ-vekatavta.md 13.8.26 (חי 200). לא הומצא מחיר. מודפסת בלי קישור — «צרו קשר» כטקסט. ממתין ל-GO BUILD.,,
עמוד · וכתבת,R1-19,VKT-05,—,,,,בוצע,—,ברור,שאלות נפוצות — 7 מהמסמך,SECTION 10,"faqblock CPT cats:vekatavta בסדר אחר מהמסמך (קריאה קצרה ראשונה, ברצף שלישית). שבעת הנוסחים כן מהמסמך.","שבע השאלות מ-SECTION 10 שורות 281–300 בסדר המסמך: ברצף, אמיתיים, 46, 252, קריאה קצרה, ספוקן סטוריז, תוכן נוסף/QR.","faq-inline, בלי לגעת ב-block-faq-list.php וב-inc/data/*.json.",vekatavta-defaults.php SECTION 10,http://eyalamit-co-il-2026.s887.upress.link/books/vekatavta/,,פאזה א׳ 18.8.26. ממתין ל-GO BUILD.,,
עמוד · שאלות נפוצות (FAQ),R1-25,FAQ-01,בתמונת הרקע של ההירו אין קובץ במסמך. בחרי מה לעשות.,,,,בוצע,—,ברור,תמונת הירו,SECTION 01,"DEV NOTES מבקשים overlay על תמונה, בלי שם קובץ. כרגע studio-mosaic.jpg. תיקיית דף FAQ ריקה ממדיה.",להשאיר / להחליף (קישור או שם קובץ במילוי) / בלי תמונה.,לפי הבחירה. הטקסט מ-SECTION 01–02 מודבק בנפרד (FAQ-02).,faq-defaults.php phero.media,http://eyalamit-co-il-2026.s887.upress.link/faq/,"להשאיר את תמונת ההירו הקיימת. להחליף — הדביקו קישור או שם קובץ בעמודת מילוי. בלי תמונה — הטקסט והכפתור נשארים, אין רקע.",טרקר←מציאות 21.8.26. אייל 19.8: להשאיר הירו. אפס PHP.,,
עמוד · שאלות נפוצות (FAQ),R1-25,FAQ-02,—,,,,בוצע,—,ברור,"הירו + Intro — בלי em, בלי תג שהומצא, בייטי 01–02",SECTION 01 · SECTION 02,em ב-H1; תג «שאלות נפוצות»; תג «לפני שמתחילים» + H2 שהומצא ככותרת; Intro עם /treatment/ במקום /didgeridoo-treatment של המסמך.,SECTION 01 שורות 18–22 + SECTION 02 שורות 43–51 ככתבם. H1 בלי em. CTA [שיחת היכרות](/contact). ארבעת קישורי 02 כולל /didgeridoo-treatment ככתבו — לא המרה ל-/treatment/.,הדבקה מילה-במילה ב-faq-defaults.php אחרי GO BUILD. לא לגעת ב-faqblock / block-faq-list.php / inc/data/*.json.,faq-defaults.php phero + sections[0] prose,http://eyalamit-co-il-2026.s887.upress.link/faq/,,פאזה א׳ 18.8.26. אין סקירה — md הוא הרצוי. /didgeridoo-treatment חי 301 אל /services/didgeridoo-treatment-breath/ לא אל /treatment/; הבייטים נשארים כבמסמך. ממתין ל-GO BUILD ול-FAQ-03 (אם נימרוד מקפיא עמוד — לא להדביק).,,
עמוד · שאלות נפוצות (FAQ),R1-25,FAQ-03,—,,,,בוצע,—,ברור,מיזוג אקורדיון לפי הכרעת נימרוד,SECTION 03–10,"חי 108 מול md 52. נימרוד 18.8.26: באתר כל השאלות הקיימות, בלי כפילויות, עם הירו; במחלוקת/חסר — נוסח אייל האחרון (FAQ FINAL.md); פירוט ירידות/כפילויות באקסל לאישור אייל.",איחוד: 108 החיים נשארים; 7 החסרות מה-md מתווספות; 30 אותה-Q תשובה-שונה ← בייטי המסמך; כפילויות מפתח מתמזגות לנוסח אייל.,חריג team_00: עדכון ea-faq-seed.json + mu-plugin חד-פעמי (דפוס ea-s507). לא לגעת ב-block-faq-list.php. טבלת החלטות = FAQ-04 לאייל.,inc/data/ea-faq-seed.json · mu-plugins/ea-s006-faq-merge-once.php · faq-defaults.php (Hero ב-FAQ-02),http://eyalamit-co-il-2026.s887.upress.link/faq/,—,"נימרוד 18.8.26 בכתב: כל השאלות הקיימות, ללא כפילויות, עם הירו; חסר/כפול עם תשובה שונה = אופציית אייל האחרונה או המועדפת; פירוט באקסל לאישור אייל. PLACEHOLDER JSON-LD יימחקו אם אין גוף (אין תוכן=אין רכיב).",,
עמוד · שאלות נפוצות (FAQ),R1-25,FAQ-04,"אשר את טבלת מיזוג האקורדיון (מה נשאר, מה התמזג לנוסח שלך, מה נוסף, מה ירד ככפילות).",,,,בוצע,—,ברור,אישור החלטות מיזוג FAQ,SECTION 03–10,מיזגנו קורפוס חי 108 עם FAQ FINAL.md 52 לפי הכרעת נימרוד. צריך אישור על כל ירידה/מיזוג/הוספה.,אישור / תיקון שורות בטבלה.,לפי הבחירה. הטבלה ב-_COMMUNICATION/team_100/S006/RESEARCH-R1-25-FAQ-MERGE-TABLE-2026-08-18.md,ea-faq-seed.json,http://eyalamit-co-il-2026.s887.upress.link/faq/,לאשר את המיזוג. לתקן שורות — פרטו בהערות/מילוי.,גל 9 21.8.26. תא ריק באקסל 19.8 = אין הערות. לא הומצא מיזוג. Composer PASS VERDICT-S006-W9-FAQ-SNORING.,,
עמוד · שאלות נפוצות (FAQ),R1-25,FAQ-05,"קישור מאמר ההריון בבלוג לא קיים. לתת כתובת, או להשאיר בלי קישור?",,,,בוצע,—,ברור,קישור מאמר הריון ב-FAQ,FAQ FINAL.md,"/blog/pregnancy-didgeridoo הוא 404. הבייטים מ-FAQ FINAL.md, לא המצאת צוות. אותו href כמו LSN-09 ב-/lessons/.","URL חי, או «להוריד את הקישור». הטקסט עצמו נשאר כבמסמך.",לפי המילוי או הבחירה. לא ממירים בשקט. לא מתקנים פעמיים באתר — אותו href כמו LSN-09.,ea-faq-seed.json (לא נפתח בגל הזה),http://eyalamit-co-il-2026.s887.upress.link/faq/,יש כתובת — הדביקו בעמודת מילוי. להוריד את הקישור — נשאר הטקסט בלי href.,גל 9 21.8.26. URL הריון FAQ/נשים כפי שבאקסל (לא איחוד עם שיעורים). Composer PASS VERDICT-S006-W9-FAQ-SNORING.,,
עמוד · שאלות נפוצות (FAQ),R1-25,FAQ-06,"במסמך כתוב /muse וזה 404. הקנון החי הוא /books/. לאשר המרה, או לתת כתובת אחרת?",,,,בוצע,—,ברור,קישור /muse ב-FAQ,FAQ FINAL.md,/muse הוא 404. במסמך «מוזה הוצאה לאור». הקנון החי הוא /books/.,"לאשר המרה ל-/books/, או URL אחר במילוי, או להוריד את הקישור.",לפי הבחירה. לא ממירים בשקט (תקדים KSH-05 /about/).,ea-faq-seed.json (לא נפתח בגל הזה),http://eyalamit-co-il-2026.s887.upress.link/faq/,להמיר ל-/books/. כתובת אחרת — הדביקו במילוי. להוריד את הקישור.,גל 9 21.8.26. /muse → /books/ לפי עמודה E באקסל. תשובת רכישה הוחלפה. Composer PASS VERDICT-S006-W9-FAQ-SNORING.,,
עמוד · שאלות נפוצות (FAQ),R1-25,FAQ-07,"בשאלות נפוצות קישור ההכשרות מוביל לכתובת ישנה שאינה קיימת. ליצור עמוד בסיסי ולחבר אליו, או להסתיר זמנית את השאלה עד שיהיה תוכן?",,,,ממתין לאייל,אייל,לא ברור,קישור הכשרת מטפלים ב-FAQ,FAQ FINAL.md,"/cbDidg-therapy-training הוא 404. /learning/therapist-training/ קיים אבל הוקפא (PLACEHOLDER, R1-07) — לא מצביעים לשם בשקט.","URL חי, או «בלי קישור עד שיהיה עמוד».",לפי הבחירה. לא ממפים לעמוד המוקפא.,ea-faq-seed.json (לא נפתח בגל הזה),http://eyalamit-co-il-2026.s887.upress.link/faq/,ליצור עמוד בסיסי ולחבר · להסתיר זמנית את השאלה,"נימרוד 22.8: אם העמוד בסבב 2/3 — לבנות עכשיו; אם לא — להעלות לאייל. בדיקה: הכשרות = R1-07 מוקפא בלי חומר, לא בסבב 2 ולא בסבב 3. לכן הועבר לאייל.",,
"עמוד · דיג׳רידו, נחירות ודום נש",R1-28,SNR-01,בצילום המסך מאתר מכבי אין קובץ. בחרי מה לעשות.,,,,בוצע,—,ברור,צילום מסך מכבי,SECTION 05 · IMAGE שורות 147–150,"המסמך קורא לקובץ שסופק מכבי.jpg (ALT שורה 149, CAPTION שורה 150). התיקייה ריקה. החי מציג כרטיס ממתינה + H2/lead שהומצאו. WP-EI-03 ON_HOLD לא נפתח.","קובץ או קישור במילוי, או «בלי תמונה».","שיבוץ הצילום עם ALT/CAPTION מהמסמך, או השארת הסקשן בלי תמונה (הטקסט של 05 נשאר). לא ממציאים קובץ.",snoring-sleep-apnea-defaults.php S05b gallery,http://eyalamit-co-il-2026.s887.upress.link/snoring-sleep-apnea/,"יש צילום — הדביקו קובץ או קישור בעמודת מילוי (יישבץ ליד הטקסט על מכבי). בלי תמונה — הטקסט והקישור למכבי נשארים, כרטיס ההמתנה יורד.",גל 9 21.8.26. JPG מכבי מתיקיית 19.8 ב-assets/images/chapters/snoring/maccabi.jpg. Composer PASS VERDICT-S006-W9-FAQ-SNORING.,,
"עמוד · דיג׳רידו, נחירות ודום נש",R1-28,SNR-02,בסיפור יוני חסרה תמונת ההתכתבות. בחרי מה לעשות.,,,,בוצע,—,ברור,תמונת יוני,SECTION 10 · IMAGE שורות 439–442,"המסמך קורא לקובץ שסופק יוני.jpg, עם חובת טשטוש פרט מזהה. התיקייה ריקה. החי מציג כרטיס ממתינה. הסיפור עצמו = SNR-03.","קובץ או קישור במילוי (עם טשטוש), או «בלי תמונה».","שיבוץ התמונה לפי ALT שורה 441, או בלי תמונה. לא ממציאים קובץ ולא מפרסמים פרט מזהה.",snoring-sleep-apnea-defaults.php S10b gallery,http://eyalamit-co-il-2026.s887.upress.link/snoring-sleep-apnea/,"יש תמונה — הדביקו קובץ או קישור בעמודת מילוי (חובה לטשטש פרטים מזהים). בלי תמונה — הסיפור נשאר לפי SNR-03, כרטיס ההמתנה יורד.",גל 9 21.8.26. JPG וואטסאפ יוני (שם כבר מטושטש בקובץ) ב-yoni-whatsapp.jpg. Composer PASS VERDICT-S006-W9-FAQ-SNORING.,,
"עמוד · דיג׳רידו, נחירות ודום נש",R1-28,SNR-03,סיפור יוני מוצג עם באנר ממתין לאישור. בחרי מה לעשות.,,,,בוצע,—,ברור,אישור פרסום סיפור יוני,SECTION 10 שורות 384–437,"גוף הסיפור במסמך ומוצג חי. באנר «ממתין לאישור» + אזכור WP-EI-03 הומצאו בצוות. מנדט: אישור ניסוח רפואי = המתנה לאייל, לא מחיקה שקטה.",לאשר פרסום / לא לפרסם עדיין / להשאיר את הבאנר.,"לפי הבחירה. לאשר → באנר יורד, הסיפור נשאר ככתבו. לא לפרסם → הסיפור לא מוצג (אין תוכן מאושר = אין רכיב), הרשומה נשארת בטרקר. באנר → מצב חי נשאר.",snoring-sleep-apnea-defaults.php S10 prose,http://eyalamit-co-il-2026.s887.upress.link/snoring-sleep-apnea/,"לאשר פרסום — הסיפור נשאר, באנר ההמתנה יורד. לא לפרסם עדיין — הסיפור יורד מהעמוד עד אישור. להשאיר את באנר ההמתנה כמו עכשיו.",גל 9 21.8.26. באנר ממתין לאישור ירד. יוני=בדוי לפי אייל. Composer PASS VERDICT-S006-W9-FAQ-SNORING.,,
"עמוד · דיג׳רידו, נחירות ודום נש",R1-28,SNR-04,ברשימת המקורות יש שורה שמחכה להשלמה. הדביקו קישור או אמרו בלי מקור נוסף.,,,,בוצע,—,ברור,מקור רפואי שלישי,SECTION 17 שורה 671,"השורה «מקור רפואי מוסמך נוסף… להשלמה לפני פרסום» מוצגת חי. אין URL. שני המקורות הראשונים (BMJ, מכבי) כן במסמך.","קישור למקור, או «בלי מקור שלישי».","שיבוץ הקישור, או הורדת השורה (אין תוכן = אין רכיב). BMJ+מכבי נשארים.",snoring-sleep-apnea-defaults.php S17,http://eyalamit-co-il-2026.s887.upress.link/snoring-sleep-apnea/,יש מקור — הדביקו קישור בעמודת מילוי. בלי מקור נוסף — נשארים רק שני הקישורים שכבר במסמך (BMJ ומכבי).,גל 9 21.8.26. תא ריק באקסל 19.8 = אין הערות = אין מקור שלישי. BMJ+מכבי נשארים. Composer PASS VERDICT-S006-W9-FAQ-SNORING.,,
"עמוד · דיג׳רידו, נחירות ודום נש",R1-28,SNR-05,—,,,,בוצע,—,ברור,הסרת כרום צוות + H2 כפול + שורת TODO במקורות,SECTION 01–17 «התוכן» · S02 שורות 40–50 · S14 שורות 578–611 · S17 שורות 669–670,תגי chap בכל הסקשנים; H2 מומצא «מה יש בעמוד הזה»; H2+lead מומצאים על כרטיס מכבי; H2 כפול ב-CTA הסופי; שורת «להשלמה לפני פרסום» מוצגת כמקור.,גוף המסמך ככתבו (כבר בחי). בלי chap. TOC = רשימת העוגנים בלבד. CTA סופי = H2 אחד + גוף + כפתור ל-/contact. מקורות = שני הקישורים במסמך. SECTION 18 לא עולה.,"הסרת הכרום ב-snoring-sleep-apnea-defaults.php. לא למחוק סיפור יוני, באנר האישור, או שני כרטיסי ההמתנה (SNR-01/02/03). לא faqblock / block-faq-list.php. Provenance לנתיב הדרייב.",snoring-sleep-apnea-defaults.php,http://eyalamit-co-il-2026.s887.upress.link/snoring-sleep-apnea/,,פאזה א׳ 18.8.26. אין סקירה — md הוא הרצוי. גוף 01–17 כבר מילה-במילה. FAQ כבר 6 מהמסמך. WP-EI-03 לא נפתח. ממתין ל-GO BUILD.,,
עמוד · קורסים — סקולר - חיצוני,R1-29,CRS-01,—,,,,הוקפא,—,לא ברור,פריט תפריט «קורסים» בלי יעד ובלי חבילת אייל,—,"אין תיקיית קורסים ב-content 13.8.26 (אומת 18.8.26). החי בתפריט מצביע ל-#. לא ממציאים URL. /learning/courses-external/ הוא R2-007 בסבב 2, לא יעד שהומצא לסבב 1.",אין. לא ממציאים יעד תפריט ולא עותק קורסים.,אין בנייה. השורה מוקפאת עד שיהיה מקור מצוטט מאייל או החלטת ניווט כתובה.,פריט תפריט (href=#),—,—,WAIT-WAVE 18.8.26. סקואופ WAIT-WAVE-2026-08-18. אין חבילה בדרייב. תפריט נשאר #.,,
עמוד · מוקש דהימן — על השם,R2-002,RDR-01,—,,,,בוצע,—,ברור,301 חדש ליעד סבב 1,אין סקירה — הפניה תפעולית,המקור חי 200 (או 301 לשרשרת ישנה). נימרוד 24.8 נעל 301 אל /eyal-amit/mokesh-dahiman/. 301 אל מוקש לזכרו. לא לגעת בגוף היעד.,301 מ-/about/moksha/ אל /eyal-amit/mokesh-dahiman/. קובץ mu-plugin יחיד לגל.,שורה במפת ea-s006-r2-w1-legacy-301.php. לא למזג טקסט. לא לגעת ב-defaults של היעד.,ea-s006-r2-w1-legacy-301.php,http://eyalamit-co-il-2026.s887.upress.link/about/moksha/,,R2-002 · מוקש דהימן — על השם · יעד נעול /eyal-amit/mokesh-dahiman/ · מפה 25.8.2026,,
עמוד · קורסים — בקרוב,R2-004,RDR-01,—,,,,בוצע,—,ברור,אימות יעד 301,אין סקירה — הפניה תפעולית,שורת טרקר: אימות יעד 301 בלבד. ה-301 החי אל קורסים חיצוניים (placeholder). לא ממציאים URL.,HEAD+GET: 301 מ-/courses-soon/ אל /learning/courses-external/ ואז 200. אפס PHP.,תיעוד יעד בטרקר. לא לגעת בגוף היעד.,ea-m2-site-tree-lock-sync-once.php,http://eyalamit-co-il-2026.s887.upress.link/courses-soon/,,R2-004 · קורסים — בקרוב · יעד נעול /learning/courses-external/ · מפה 25.8.2026,,
עמוד · R2-005,R2-005,RDR-01,—,,,,בוצע,—,ברור,אימות יעד 301,אין סקירה — הפניה תפעולית,שורת טרקר: אימות יעד 301 בלבד. אימות 301 אל עמוד השיטה שהוגש בסבב 1.,HEAD+GET: 301 מ-/hashita/ אל /method/ ואז 200. אפס PHP.,תיעוד יעד בטרקר. לא לגעת בגוף היעד.,ea-m2-site-tree-lock-sync-once.php,http://eyalamit-co-il-2026.s887.upress.link/hashita/,,R2-005 · השיטה · יעד נעול /method/ · מפה 25.8.2026,,
עמוד · מוזה הוצאה לאור,R2-008,RDR-01,—,,,,בוצע,—,ברור,אימות יעד 301,אין סקירה — הפניה תפעולית,שורת טרקר: אימות יעד 301 בלבד. אימות 301 אל שער הספרים.,HEAD+GET: 301 מ-/muzeh/ אל /books/ ואז 200. אפס PHP.,תיעוד יעד בטרקר. לא לגעת בגוף היעד.,functions.php ea_eyalamit_muzza_to_books_redirect,http://eyalamit-co-il-2026.s887.upress.link/muzeh/,,R2-008 · מוזה הוצאה לאור · יעד נעול /books/ · מפה 25.8.2026,,
עמוד · R2-009,R2-009,RDR-01,—,,,,בוצע,—,ברור,אימות יעד 301,אין סקירה — הפניה תפעולית,שורת טרקר: אימות יעד 301 בלבד. אימות 301 אל כושי בלאנטיס.,HEAD+GET: 301 מ-/muzeh/kushi-blantis/ אל /books/kushi-blantis/ ואז 200. אפס PHP.,תיעוד יעד בטרקר. לא לגעת בגוף היעד.,functions.php ea_eyalamit_muzza_to_books_redirect,http://eyalamit-co-il-2026.s887.upress.link/muzeh/kushi-blantis/,,R2-009 · כושי בלאנטיס · יעד נעול /books/kushi-blantis/ · מפה 25.8.2026,,
עמוד · R2-010,R2-010,RDR-01,—,,,,בוצע,—,ברור,אימות יעד 301,אין סקירה — הפניה תפעולית,שורת טרקר: אימות יעד 301 בלבד. אימות 301 אל צבע בכחול.,HEAD+GET: 301 מ-/muzeh/tsva-bechol-ve-zorek-layam/ אל /books/tsva-bekahol/ ואז 200. אפס PHP.,תיעוד יעד בטרקר. לא לגעת בגוף היעד.,functions.php ea_eyalamit_muzza_to_books_redirect,http://eyalamit-co-il-2026.s887.upress.link/muzeh/tsva-bechol-ve-zorek-layam/,,R2-010 · צבע בכחול וזרוק לים · יעד נעול /books/tsva-bekahol/ · מפה 25.8.2026,,
עמוד · R2-011,R2-011,RDR-01,—,,,,בוצע,—,ברור,אימות יעד 301,אין סקירה — הפניה תפעולית,שורת טרקר: אימות יעד 301 בלבד. אימות 301 אל וכתבת.,HEAD+GET: 301 מ-/muzeh/vekatavt/ אל /books/vekatavta/ ואז 200. אפס PHP.,תיעוד יעד בטרקר. לא לגעת בגוף היעד.,functions.php ea_eyalamit_muzza_to_books_redirect,http://eyalamit-co-il-2026.s887.upress.link/muzeh/vekatavt/,,R2-011 · וכתבת · יעד נעול /books/vekatavta/ · מפה 25.8.2026,,
עמוד · R2-012,R2-012,RDR-01,—,,,,בוצע,—,ברור,אימות יעד 301,אין סקירה — הפניה תפעולית,שורת טרקר: אימות יעד 301 בלבד. אימות 301 אל שער הספרים (כתיב ישן).,HEAD+GET: 301 מ-/muzza/ אל /books/ ואז 200. אפס PHP.,תיעוד יעד בטרקר. לא לגעת בגוף היעד.,functions.php ea_eyalamit_muzza_to_books_redirect,http://eyalamit-co-il-2026.s887.upress.link/muzza/,,R2-012 · מוזה הוצאה לאור · יעד נעול /books/ · מפה 25.8.2026,,
עמוד · R2-013,R2-013,RDR-01,—,,,,בוצע,—,ברור,אימות יעד 301,אין סקירה — הפניה תפעולית,שורת טרקר: אימות יעד 301 בלבד. אימות 301 אל צבע בכחול (כתיב ישן).,HEAD+GET: 301 מ-/muzza/tsva-bechol-ve-zorek-layam/ אל /books/tsva-bekahol/ ואז 200. אפס PHP.,תיעוד יעד בטרקר. לא לגעת בגוף היעד.,functions.php ea_eyalamit_muzza_to_books_redirect,http://eyalamit-co-il-2026.s887.upress.link/muzza/tsva-bechol-ve-zorek-layam/,,R2-013 · צבע בכחול וזרוק לים · יעד נעול /books/tsva-bekahol/ · מפה 25.8.2026,,
עמוד · R2-014,R2-014,RDR-01,—,,,,בוצע,—,ברור,אימות יעד 301,אין סקירה — הפניה תפעולית,שורת טרקר: אימות יעד 301 בלבד. אימות 301 אל וכתבת (כתיב ישן).,HEAD+GET: 301 מ-/muzza/vekatavt/ אל /books/vekatavta/ ואז 200. אפס PHP.,תיעוד יעד בטרקר. לא לגעת בגוף היעד.,functions.php ea_eyalamit_muzza_to_books_redirect,http://eyalamit-co-il-2026.s887.upress.link/muzza/vekatavt/,,R2-014 · וכתבת · יעד נעול /books/vekatavta/ · מפה 25.8.2026,,
עמוד · שיעורי דיג'רידו - נגינה,R2-018,RDR-01,—,,,,בוצע,—,ברור,אימות יעד 301,אין סקירה — הפניה תפעולית,שורת טרקר: אימות יעד 301 בלבד. אימות 301 אל שיעורי דיג'רידו.,HEAD+GET: 301 מ-/services/didgeridoo-lessons/ אל /lessons/ ואז 200. אפס PHP.,תיעוד יעד בטרקר. לא לגעת בגוף היעד.,ea-m2-site-tree-lock-sync-once.php,http://eyalamit-co-il-2026.s887.upress.link/services/didgeridoo-lessons/,,R2-018 · שיעורי דיג'רידו / נגינה · יעד נעול /lessons/ · מפה 25.8.2026,,
עמוד · טיפול בדיג'רידו - נשימה,R2-019,RDR-01,—,,,,בוצע,—,ברור,אימות יעד 301,אין סקירה — הפניה תפעולית,שורת טרקר: אימות יעד 301 בלבד. אימות 301 אל טיפול בדיג'רידו.,HEAD+GET: 301 מ-/services/didgeridoo-treatment-breath/ אל /treatment/ ואז 200. אפס PHP.,תיעוד יעד בטרקר. לא לגעת בגוף היעד.,ea-m2-site-tree-lock-sync-once.php,http://eyalamit-co-il-2026.s887.upress.link/services/didgeridoo-treatment-breath/,,R2-019 · טיפול בדיג'רידו / נשימה · יעד נעול /treatment/ · מפה 25.8.2026,,
עמוד · כלים בעבודת יד ואביזרים,R2-020,RDR-01,—,,,,בוצע,—,ברור,301 חדש ליעד סבב 1,אין סקירה — הפניה תפעולית,המקור חי 200 (או 301 לשרשרת ישנה). נימרוד 24.8 נעל 301 אל /didgeridoos/. סגירת שרשרת: יעד ישיר לכלים למכירה במקום hop דרך עמוד הכלים הישן.,301 מ-/services/handmade-instruments/ אל /didgeridoos/. קובץ mu-plugin יחיד לגל.,שורה במפת ea-s006-r2-w1-legacy-301.php. לא למזג טקסט. לא לגעת ב-defaults של היעד.,ea-s006-r2-w1-legacy-301.php,http://eyalamit-co-il-2026.s887.upress.link/services/handmade-instruments/,,R2-020 · כלים בעבודת יד ואביזרים · יעד נעול /didgeridoos/ · מפה 25.8.2026,,
עמוד · כלים ואביזרים,R2-024,RDR-01,—,,,,בוצע,—,ברור,301 חדש ליעד סבב 1,אין סקירה — הפניה תפעולית,המקור חי 200 (או 301 לשרשרת ישנה). נימרוד 24.8 נעל 301 אל /shop/. 301 לשער החנות. לא לגעת בגוף /shop/.,301 מ-/tools-and-accessories/ אל /shop/. קובץ mu-plugin יחיד לגל.,שורה במפת ea-s006-r2-w1-legacy-301.php. לא למזג טקסט. לא לגעת ב-defaults של היעד.,ea-s006-r2-w1-legacy-301.php,http://eyalamit-co-il-2026.s887.upress.link/tools-and-accessories/,,R2-024 · כלים ואביזרים · יעד נעול /shop/ · מפה 25.8.2026,,
עמוד · R2-025,R2-025,RDR-01,—,,,,בוצע,—,ברור,301 חדש ליעד סבב 1,אין סקירה — הפניה תפעולית,המקור חי 200 (או 301 לשרשרת ישנה). נימרוד 24.8 נעל 301 אל /didgeridoos/. 301 לכלים למכירה. לא לגעת בגוף /didgeridoos/.,301 מ-/tools-and-accessories/instruments/ אל /didgeridoos/. קובץ mu-plugin יחיד לגל.,שורה במפת ea-s006-r2-w1-legacy-301.php. לא למזג טקסט. לא לגעת ב-defaults של היעד.,ea-s006-r2-w1-legacy-301.php,http://eyalamit-co-il-2026.s887.upress.link/tools-and-accessories/instruments/,,R2-025 · כלים בעבודת יד ואביזרים · יעד נעול /didgeridoos/ · מפה 25.8.2026,,
עמוד · תיקון וחידוש כלים,R2-026,RDR-01,—,,,,בוצע,—,ברור,301 חדש ליעד סבב 1,אין סקירה — הפניה תפעולית,המקור חי 200 (או 301 לשרשרת ישנה). נימרוד 24.8 נעל 301 אל /repair/. 301 לתיקון דיג'רידו. לא לגעת בגוף /repair/.,301 מ-/tools-and-accessories/repair/ אל /repair/. קובץ mu-plugin יחיד לגל.,שורה במפת ea-s006-r2-w1-legacy-301.php. לא למזג טקסט. לא לגעת ב-defaults של היעד.,ea-s006-r2-w1-legacy-301.php,http://eyalamit-co-il-2026.s887.upress.link/tools-and-accessories/repair/,,R2-026 · תיקון וחידוש כלים · יעד נעול /repair/ · מפה 25.8.2026,,
עמוד · QR,R2-081,QR-01,—,,,,בוצע,—,ברור,כתובת מודפסת נוחתת + העתקה מהישן בלי ניסוח,אין סקירה — QR ארכיון חי,סבב 2 גל 2: להעלות מה שיש בכתובת המודפסת. אסור 301 ששובר ספר.,אותו path /qr/ ב-200. בייטים מהאתר הישן אם חסר. בלי ניסוח.,אימות נחיתה. העתקה מילה-במילה רק אם הסטייג'ינג ריק והישן מלא. generated QR data — לא ביד.,ea-w2-07-qr-content-data.php (generated) · QR-URL-POLICY.md,http://eyalamit-co-il-2026.s887.upress.link/qr/,,R2-081 · QR · מודפס https://www.eyalamit.co.il/qr/,,
עמוד · והקדמת – qr1,R2-082,QR-01,—,,,,בוצע,—,ברור,כתובת מודפסת נוחתת + העתקה מהישן בלי ניסוח,אין סקירה — QR ארכיון חי,סבב 2 גל 2: להעלות מה שיש בכתובת המודפסת. אסור 301 ששובר ספר.,אותו path /qr/qr1/ ב-200. בייטים מהאתר הישן אם חסר. בלי ניסוח.,אימות נחיתה. העתקה מילה-במילה רק אם הסטייג'ינג ריק והישן מלא. generated QR data — לא ביד.,ea-w2-07-qr-content-data.php (generated) · QR-URL-POLICY.md,http://eyalamit-co-il-2026.s887.upress.link/qr/qr1/,,R2-082 · והקדמת – qr1 · מודפס https://www.eyalamit.co.il/qr/qr1/,,
עמוד · qr10 – וואט איז דאט-,R2-083,QR-01,—,,,,בוצע,—,ברור,כתובת מודפסת נוחתת + העתקה מהישן בלי ניסוח,אין סקירה — QR ארכיון חי,סבב 2 גל 2: להעלות מה שיש בכתובת המודפסת. אסור 301 ששובר ספר.,אותו path /qr/qr10/ ב-200. בייטים מהאתר הישן אם חסר. בלי ניסוח.,אימות נחיתה. העתקה מילה-במילה רק אם הסטייג'ינג ריק והישן מלא. generated QR data — לא ביד.,ea-w2-07-qr-content-data.php (generated) · QR-URL-POLICY.md,http://eyalamit-co-il-2026.s887.upress.link/qr/qr10/,,R2-083 · qr10 – וואט איז דאט? · מודפס https://www.eyalamit.co.il/qr/qr10/,,
עמוד · qr11 – חורשט זבזי,R2-084,QR-01,—,,,,בוצע,—,ברור,כתובת מודפסת נוחתת + העתקה מהישן בלי ניסוח,אין סקירה — QR ארכיון חי,סבב 2 גל 2: להעלות מה שיש בכתובת המודפסת. אסור 301 ששובר ספר.,אותו path /qr/qr11/ ב-200. בייטים מהאתר הישן אם חסר. בלי ניסוח.,אימות נחיתה. העתקה מילה-במילה רק אם הסטייג'ינג ריק והישן מלא. generated QR data — לא ביד.,ea-w2-07-qr-content-data.php (generated) · QR-URL-POLICY.md,http://eyalamit-co-il-2026.s887.upress.link/qr/qr11/,,R2-084 · qr11 – חורשט זבזי · מודפס https://www.eyalamit.co.il/qr/qr11/,,
עמוד · qr12 – אינדיאנה ג'ונס וה,R2-085,QR-01,—,,,,בוצע,—,ברור,כתובת מודפסת נוחתת + העתקה מהישן בלי ניסוח,אין סקירה — QR ארכיון חי,סבב 2 גל 2: להעלות מה שיש בכתובת המודפסת. אסור 301 ששובר ספר.,אותו path /qr/qr12/ ב-200. בייטים מהאתר הישן אם חסר. בלי ניסוח.,אימות נחיתה. העתקה מילה-במילה רק אם הסטייג'ינג ריק והישן מלא. generated QR data — לא ביד.,ea-w2-07-qr-content-data.php (generated) · QR-URL-POLICY.md,http://eyalamit-co-il-2026.s887.upress.link/qr/qr12/,,R2-085 · qr12 – אינדיאנה ג'ונס והמכרה הארור · מודפס https://www.eyalamit.co.il/qr/qr12/,,
עמוד · qr13 – ואהבתָ,R2-086,QR-01,—,,,,בוצע,—,ברור,כתובת מודפסת נוחתת + העתקה מהישן בלי ניסוח,אין סקירה — QR ארכיון חי,סבב 2 גל 2: להעלות מה שיש בכתובת המודפסת. אסור 301 ששובר ספר.,אותו path /qr/qr13/ ב-200. בייטים מהאתר הישן אם חסר. בלי ניסוח.,אימות נחיתה. העתקה מילה-במילה רק אם הסטייג'ינג ריק והישן מלא. generated QR data — לא ביד.,ea-w2-07-qr-content-data.php (generated) · QR-URL-POLICY.md,http://eyalamit-co-il-2026.s887.upress.link/qr/qr13/,,R2-086 · qr13 – ואהבתָ · מודפס https://www.eyalamit.co.il/qr/qr13/,,
עמוד · qr14 – גורילות בערפל האמ,R2-087,QR-01,—,,,,בוצע,—,ברור,כתובת מודפסת נוחתת + העתקה מהישן בלי ניסוח,אין סקירה — QR ארכיון חי,סבב 2 גל 2: להעלות מה שיש בכתובת המודפסת. אסור 301 ששובר ספר.,אותו path /qr/qr14/ ב-200. בייטים מהאתר הישן אם חסר. בלי ניסוח.,אימות נחיתה. העתקה מילה-במילה רק אם הסטייג'ינג ריק והישן מלא. generated QR data — לא ביד.,ea-w2-07-qr-content-data.php (generated) · QR-URL-POLICY.md,http://eyalamit-co-il-2026.s887.upress.link/qr/qr14/,,R2-087 · qr14 – גורילות בערפל האמזונס · מודפס https://www.eyalamit.co.il/qr/qr14/,,
עמוד · qr15 – היקיקומורי,R2-088,QR-01,—,,,,בוצע,—,ברור,כתובת מודפסת נוחתת + העתקה מהישן בלי ניסוח,אין סקירה — QR ארכיון חי,סבב 2 גל 2: להעלות מה שיש בכתובת המודפסת. אסור 301 ששובר ספר.,אותו path /qr/qr15/ ב-200. בייטים מהאתר הישן אם חסר. בלי ניסוח.,אימות נחיתה. העתקה מילה-במילה רק אם הסטייג'ינג ריק והישן מלא. generated QR data — לא ביד.,ea-w2-07-qr-content-data.php (generated) · QR-URL-POLICY.md,http://eyalamit-co-il-2026.s887.upress.link/qr/qr15/,,R2-088 · qr15 – היקיקומורי · מודפס https://www.eyalamit.co.il/qr/qr15/,,
עמוד · qr16 – דם על הידיים,R2-089,QR-01,—,,,,בוצע,—,ברור,כתובת מודפסת נוחתת + העתקה מהישן בלי ניסוח,אין סקירה — QR ארכיון חי,סבב 2 גל 2: להעלות מה שיש בכתובת המודפסת. אסור 301 ששובר ספר.,אותו path /qr/qr16/ ב-200. בייטים מהאתר הישן אם חסר. בלי ניסוח.,אימות נחיתה. העתקה מילה-במילה רק אם הסטייג'ינג ריק והישן מלא. generated QR data — לא ביד.,ea-w2-07-qr-content-data.php (generated) · QR-URL-POLICY.md,http://eyalamit-co-il-2026.s887.upress.link/qr/qr16/,,R2-089 · qr16 – דם על הידיים · מודפס https://www.eyalamit.co.il/qr/qr16/,,
עמוד · qr17 – יוגי לודג',R2-090,QR-01,—,,,,בוצע,—,ברור,כתובת מודפסת נוחתת + העתקה מהישן בלי ניסוח,אין סקירה — QR ארכיון חי,סבב 2 גל 2: להעלות מה שיש בכתובת המודפסת. אסור 301 ששובר ספר.,אותו path /qr/qr17/ ב-200. בייטים מהאתר הישן אם חסר. בלי ניסוח.,אימות נחיתה. העתקה מילה-במילה רק אם הסטייג'ינג ריק והישן מלא. generated QR data — לא ביד.,ea-w2-07-qr-content-data.php (generated) · QR-URL-POLICY.md,http://eyalamit-co-il-2026.s887.upress.link/qr/qr17/,,R2-090 · qr17 – יוגי לודג' · מודפס https://www.eyalamit.co.il/qr/qr17/,,
עמוד · qr18 – אחד לשלושה טריליו,R2-091,QR-01,—,,,,בוצע,—,ברור,כתובת מודפסת נוחתת + העתקה מהישן בלי ניסוח,אין סקירה — QR ארכיון חי,סבב 2 גל 2: להעלות מה שיש בכתובת המודפסת. אסור 301 ששובר ספר.,אותו path /qr/qr18/ ב-200. בייטים מהאתר הישן אם חסר. בלי ניסוח.,אימות נחיתה. העתקה מילה-במילה רק אם הסטייג'ינג ריק והישן מלא. generated QR data — לא ביד.,ea-w2-07-qr-content-data.php (generated) · QR-URL-POLICY.md,http://eyalamit-co-il-2026.s887.upress.link/qr/qr18/,,R2-091 · qr18 – אחד לשלושה טריליון · מודפס https://www.eyalamit.co.il/qr/qr18/,,
עמוד · qr19 – הפיצה הכי טעימה ש,R2-092,QR-01,—,,,,בוצע,—,ברור,כתובת מודפסת נוחתת + העתקה מהישן בלי ניסוח,אין סקירה — QR ארכיון חי,סבב 2 גל 2: להעלות מה שיש בכתובת המודפסת. אסור 301 ששובר ספר.,אותו path /qr/qr19/ ב-200. בייטים מהאתר הישן אם חסר. בלי ניסוח.,אימות נחיתה. העתקה מילה-במילה רק אם הסטייג'ינג ריק והישן מלא. generated QR data — לא ביד.,ea-w2-07-qr-content-data.php (generated) · QR-URL-POLICY.md,http://eyalamit-co-il-2026.s887.upress.link/qr/qr19/,,R2-092 · qr19 – הפיצה הכי טעימה שאכלתי בחיים · מודפס https://www.eyalamit.co.il/qr/qr19/,,
עמוד · qr2 – אקדח לתוך הראש,R2-093,QR-01,—,,,,בוצע,—,ברור,כתובת מודפסת נוחתת + העתקה מהישן בלי ניסוח,אין סקירה — QR ארכיון חי,סבב 2 גל 2: להעלות מה שיש בכתובת המודפסת. אסור 301 ששובר ספר.,אותו path /qr/qr2/ ב-200. בייטים מהאתר הישן אם חסר. בלי ניסוח.,אימות נחיתה. העתקה מילה-במילה רק אם הסטייג'ינג ריק והישן מלא. generated QR data — לא ביד.,ea-w2-07-qr-content-data.php (generated) · QR-URL-POLICY.md,http://eyalamit-co-il-2026.s887.upress.link/qr/qr2/,,R2-093 · qr2 – אקדח לתוך הראש · מודפס https://www.eyalamit.co.il/qr/qr2/,,
"עמוד · qr20 – אבא, אני רעב",R2-094,QR-01,—,,,,בוצע,—,ברור,כתובת מודפסת נוחתת + העתקה מהישן בלי ניסוח,אין סקירה — QR ארכיון חי,סבב 2 גל 2: להעלות מה שיש בכתובת המודפסת. אסור 301 ששובר ספר.,אותו path /qr/qr20/ ב-200. בייטים מהאתר הישן אם חסר. בלי ניסוח.,אימות נחיתה. העתקה מילה-במילה רק אם הסטייג'ינג ריק והישן מלא. generated QR data — לא ביד.,ea-w2-07-qr-content-data.php (generated) · QR-URL-POLICY.md,http://eyalamit-co-il-2026.s887.upress.link/qr/qr20/,,"R2-094 · qr20 – אבא, אני רעב · מודפס https://www.eyalamit.co.il/qr/qr20/",,
עמוד · qr21 – ג'סי ראם!,R2-095,QR-01,—,,,,בוצע,—,ברור,כתובת מודפסת נוחתת + העתקה מהישן בלי ניסוח,אין סקירה — QR ארכיון חי,סבב 2 גל 2: להעלות מה שיש בכתובת המודפסת. אסור 301 ששובר ספר.,אותו path /qr/qr21/ ב-200. בייטים מהאתר הישן אם חסר. בלי ניסוח.,אימות נחיתה. העתקה מילה-במילה רק אם הסטייג'ינג ריק והישן מלא. generated QR data — לא ביד.,ea-w2-07-qr-content-data.php (generated) · QR-URL-POLICY.md,http://eyalamit-co-il-2026.s887.upress.link/qr/qr21/,,R2-095 · qr21 – ג'סי ראם! · מודפס https://www.eyalamit.co.il/qr/qr21/,,
עמוד · qr22 – בולט אנט,R2-096,QR-01,—,,,,בוצע,—,ברור,כתובת מודפסת נוחתת + העתקה מהישן בלי ניסוח,אין סקירה — QR ארכיון חי,סבב 2 גל 2: להעלות מה שיש בכתובת המודפסת. אסור 301 ששובר ספר.,אותו path /qr/qr22/ ב-200. בייטים מהאתר הישן אם חסר. בלי ניסוח.,אימות נחיתה. העתקה מילה-במילה רק אם הסטייג'ינג ריק והישן מלא. generated QR data — לא ביד.,ea-w2-07-qr-content-data.php (generated) · QR-URL-POLICY.md,http://eyalamit-co-il-2026.s887.upress.link/qr/qr22/,,R2-096 · qr22 – בולט אנט · מודפס https://www.eyalamit.co.il/qr/qr22/,,
עמוד · qr23 – יום כן יום לא,R2-097,QR-01,—,,,,בוצע,—,ברור,כתובת מודפסת נוחתת + העתקה מהישן בלי ניסוח,אין סקירה — QR ארכיון חי,סבב 2 גל 2: להעלות מה שיש בכתובת המודפסת. אסור 301 ששובר ספר.,אותו path /qr/qr23/ ב-200. בייטים מהאתר הישן אם חסר. בלי ניסוח.,אימות נחיתה. העתקה מילה-במילה רק אם הסטייג'ינג ריק והישן מלא. generated QR data — לא ביד.,ea-w2-07-qr-content-data.php (generated) · QR-URL-POLICY.md,http://eyalamit-co-il-2026.s887.upress.link/qr/qr23/,,R2-097 · qr23 – יום כן יום לא · מודפס https://www.eyalamit.co.il/qr/qr23/,,
עמוד · qr24 – קוֹל פּוּט שוֹרט ,R2-098,QR-01,—,,,,בוצע,—,ברור,כתובת מודפסת נוחתת + העתקה מהישן בלי ניסוח,אין סקירה — QR ארכיון חי,סבב 2 גל 2: להעלות מה שיש בכתובת המודפסת. אסור 301 ששובר ספר.,אותו path /qr/qr24/ ב-200. בייטים מהאתר הישן אם חסר. בלי ניסוח.,אימות נחיתה. העתקה מילה-במילה רק אם הסטייג'ינג ריק והישן מלא. generated QR data — לא ביד.,ea-w2-07-qr-content-data.php (generated) · QR-URL-POLICY.md,http://eyalamit-co-il-2026.s887.upress.link/qr/qr24/,,R2-098 · qr24 – קוֹל פּוּט שוֹרט סטופ! · מודפס https://www.eyalamit.co.il/qr/qr24/,,
עמוד · qr25 – גרין ווש,R2-099,QR-01,—,,,,בוצע,—,ברור,כתובת מודפסת נוחתת + העתקה מהישן בלי ניסוח,אין סקירה — QR ארכיון חי,סבב 2 גל 2: להעלות מה שיש בכתובת המודפסת. אסור 301 ששובר ספר.,אותו path /qr/qr25/ ב-200. בייטים מהאתר הישן אם חסר. בלי ניסוח.,אימות נחיתה. העתקה מילה-במילה רק אם הסטייג'ינג ריק והישן מלא. generated QR data — לא ביד.,ea-w2-07-qr-content-data.php (generated) · QR-URL-POLICY.md,http://eyalamit-co-il-2026.s887.upress.link/qr/qr25/,,R2-099 · qr25 – גרין ווש · מודפס https://www.eyalamit.co.il/qr/qr25/,,
עמוד · qr26 – כורסת הציפורניים,R2-100,QR-01,—,,,,בוצע,—,ברור,כתובת מודפסת נוחתת + העתקה מהישן בלי ניסוח,אין סקירה — QR ארכיון חי,סבב 2 גל 2: להעלות מה שיש בכתובת המודפסת. אסור 301 ששובר ספר.,אותו path /qr/qr26/ ב-200. בייטים מהאתר הישן אם חסר. בלי ניסוח.,אימות נחיתה. העתקה מילה-במילה רק אם הסטייג'ינג ריק והישן מלא. generated QR data — לא ביד.,ea-w2-07-qr-content-data.php (generated) · QR-URL-POLICY.md,http://eyalamit-co-il-2026.s887.upress.link/qr/qr26/,,R2-100 · qr26 – כורסת הציפורניים · מודפס https://www.eyalamit.co.il/qr/qr26/,,
עמוד · qr27 – אמסטרדם,R2-101,QR-01,—,,,,בוצע,—,ברור,כתובת מודפסת נוחתת + העתקה מהישן בלי ניסוח,אין סקירה — QR ארכיון חי,סבב 2 גל 2: להעלות מה שיש בכתובת המודפסת. אסור 301 ששובר ספר.,אותו path /qr/qr27/ ב-200. בייטים מהאתר הישן אם חסר. בלי ניסוח.,אימות נחיתה. העתקה מילה-במילה רק אם הסטייג'ינג ריק והישן מלא. generated QR data — לא ביד.,ea-w2-07-qr-content-data.php (generated) · QR-URL-POLICY.md,http://eyalamit-co-il-2026.s887.upress.link/qr/qr27/,,R2-101 · qr27 – אמסטרדם · מודפס https://www.eyalamit.co.il/qr/qr27/,,
עמוד · qr28 – נזכור ולא נשכח,R2-102,QR-01,—,,,,בוצע,—,ברור,כתובת מודפסת נוחתת + העתקה מהישן בלי ניסוח,אין סקירה — QR ארכיון חי,סבב 2 גל 2: להעלות מה שיש בכתובת המודפסת. אסור 301 ששובר ספר.,אותו path /qr/qr28/ ב-200. בייטים מהאתר הישן אם חסר. בלי ניסוח.,אימות נחיתה. העתקה מילה-במילה רק אם הסטייג'ינג ריק והישן מלא. generated QR data — לא ביד.,ea-w2-07-qr-content-data.php (generated) · QR-URL-POLICY.md,http://eyalamit-co-il-2026.s887.upress.link/qr/qr28/,,R2-102 · qr28 – נזכור ולא נשכח · מודפס https://www.eyalamit.co.il/qr/qr28/,,
עמוד · qr29 – לעבור דירה,R2-103,QR-01,—,,,,בוצע,—,ברור,כתובת מודפסת נוחתת + העתקה מהישן בלי ניסוח,אין סקירה — QR ארכיון חי,סבב 2 גל 2: להעלות מה שיש בכתובת המודפסת. אסור 301 ששובר ספר.,אותו path /qr/qr29/ ב-200. בייטים מהאתר הישן אם חסר. בלי ניסוח.,אימות נחיתה. העתקה מילה-במילה רק אם הסטייג'ינג ריק והישן מלא. generated QR data — לא ביד.,ea-w2-07-qr-content-data.php (generated) · QR-URL-POLICY.md,http://eyalamit-co-il-2026.s887.upress.link/qr/qr29/,,R2-103 · qr29 – לעבור דירה · מודפס https://www.eyalamit.co.il/qr/qr29/,,
עמוד · qr3 – האלמנה השחורה,R2-104,QR-01,—,,,,בוצע,—,ברור,כתובת מודפסת נוחתת + העתקה מהישן בלי ניסוח,אין סקירה — QR ארכיון חי,סבב 2 גל 2: להעלות מה שיש בכתובת המודפסת. אסור 301 ששובר ספר.,אותו path /qr/qr3/ ב-200. בייטים מהאתר הישן אם חסר. בלי ניסוח.,אימות נחיתה. העתקה מילה-במילה רק אם הסטייג'ינג ריק והישן מלא. generated QR data — לא ביד.,ea-w2-07-qr-content-data.php (generated) · QR-URL-POLICY.md,http://eyalamit-co-il-2026.s887.upress.link/qr/qr3/,,R2-104 · qr3 – האלמנה השחורה · מודפס https://www.eyalamit.co.il/qr/qr3/,,
עמוד · qr30 – פרדס חפלה,R2-105,QR-01,—,,,,בוצע,—,ברור,כתובת מודפסת נוחתת + העתקה מהישן בלי ניסוח,אין סקירה — QR ארכיון חי,סבב 2 גל 2: להעלות מה שיש בכתובת המודפסת. אסור 301 ששובר ספר.,אותו path /qr/qr30/ ב-200. בייטים מהאתר הישן אם חסר. בלי ניסוח.,אימות נחיתה. העתקה מילה-במילה רק אם הסטייג'ינג ריק והישן מלא. generated QR data — לא ביד.,ea-w2-07-qr-content-data.php (generated) · QR-URL-POLICY.md,http://eyalamit-co-il-2026.s887.upress.link/qr/qr30/,,R2-105 · qr30 – פרדס חפלה · מודפס https://www.eyalamit.co.il/qr/qr30/,,
עמוד · qr31 – פיפי במעלית,R2-106,QR-01,—,,,,בוצע,—,ברור,כתובת מודפסת נוחתת + העתקה מהישן בלי ניסוח,אין סקירה — QR ארכיון חי,סבב 2 גל 2: להעלות מה שיש בכתובת המודפסת. אסור 301 ששובר ספר.,אותו path /qr/qr31/ ב-200. בייטים מהאתר הישן אם חסר. בלי ניסוח.,אימות נחיתה. העתקה מילה-במילה רק אם הסטייג'ינג ריק והישן מלא. generated QR data — לא ביד.,ea-w2-07-qr-content-data.php (generated) · QR-URL-POLICY.md,http://eyalamit-co-il-2026.s887.upress.link/qr/qr31/,,R2-106 · qr31 – פיפי במעלית · מודפס https://www.eyalamit.co.il/qr/qr31/,,
עמוד · qr32 – נשימה מעגלית,R2-107,QR-01,—,,,,בוצע,—,ברור,כתובת מודפסת נוחתת + העתקה מהישן בלי ניסוח,אין סקירה — QR ארכיון חי,סבב 2 גל 2: להעלות מה שיש בכתובת המודפסת. אסור 301 ששובר ספר.,אותו path /qr/qr32/ ב-200. בייטים מהאתר הישן אם חסר. בלי ניסוח.,אימות נחיתה. העתקה מילה-במילה רק אם הסטייג'ינג ריק והישן מלא. generated QR data — לא ביד.,ea-w2-07-qr-content-data.php (generated) · QR-URL-POLICY.md,http://eyalamit-co-il-2026.s887.upress.link/qr/qr32/,,R2-107 · qr32 – נשימה מעגלית · מודפס https://www.eyalamit.co.il/qr/qr32/,,
"עמוד · qr33 – תאכלו ביצים, תהיו",R2-108,QR-01,—,,,,בוצע,—,ברור,כתובת מודפסת נוחתת + העתקה מהישן בלי ניסוח,אין סקירה — QR ארכיון חי,סבב 2 גל 2: להעלות מה שיש בכתובת המודפסת. אסור 301 ששובר ספר.,אותו path /qr/qr33/ ב-200. בייטים מהאתר הישן אם חסר. בלי ניסוח.,אימות נחיתה. העתקה מילה-במילה רק אם הסטייג'ינג ריק והישן מלא. generated QR data — לא ביד.,ea-w2-07-qr-content-data.php (generated) · QR-URL-POLICY.md,http://eyalamit-co-il-2026.s887.upress.link/qr/qr33/,,"R2-108 · qr33 – תאכלו ביצים, תהיו טייסים · מודפס https://www.eyalamit.co.il/qr/qr33/",,
עמוד · qr34 – תקום,R2-109,QR-01,—,,,,בוצע,—,ברור,כתובת מודפסת נוחתת + העתקה מהישן בלי ניסוח,אין סקירה — QR ארכיון חי,סבב 2 גל 2: להעלות מה שיש בכתובת המודפסת. אסור 301 ששובר ספר.,אותו path /qr/qr34/ ב-200. בייטים מהאתר הישן אם חסר. בלי ניסוח.,אימות נחיתה. העתקה מילה-במילה רק אם הסטייג'ינג ריק והישן מלא. generated QR data — לא ביד.,ea-w2-07-qr-content-data.php (generated) · QR-URL-POLICY.md,http://eyalamit-co-il-2026.s887.upress.link/qr/qr34/,,R2-109 · qr34 – תקום · מודפס https://www.eyalamit.co.il/qr/qr34/,,
עמוד · qr35 – הגבר החדש,R2-110,QR-01,—,,,,בוצע,—,ברור,כתובת מודפסת נוחתת + העתקה מהישן בלי ניסוח,אין סקירה — QR ארכיון חי,סבב 2 גל 2: להעלות מה שיש בכתובת המודפסת. אסור 301 ששובר ספר.,אותו path /qr/qr35/ ב-200. בייטים מהאתר הישן אם חסר. בלי ניסוח.,אימות נחיתה. העתקה מילה-במילה רק אם הסטייג'ינג ריק והישן מלא. generated QR data — לא ביד.,ea-w2-07-qr-content-data.php (generated) · QR-URL-POLICY.md,http://eyalamit-co-il-2026.s887.upress.link/qr/qr35/,,R2-110 · qr35 – הגבר החדש · מודפס https://www.eyalamit.co.il/qr/qr35/,,
עמוד · qr36 – חוני המעגל,R2-111,QR-01,—,,,,בוצע,—,ברור,כתובת מודפסת נוחתת + העתקה מהישן בלי ניסוח,אין סקירה — QR ארכיון חי,סבב 2 גל 2: להעלות מה שיש בכתובת המודפסת. אסור 301 ששובר ספר.,אותו path /qr/qr36/ ב-200. בייטים מהאתר הישן אם חסר. בלי ניסוח.,אימות נחיתה. העתקה מילה-במילה רק אם הסטייג'ינג ריק והישן מלא. generated QR data — לא ביד.,ea-w2-07-qr-content-data.php (generated) · QR-URL-POLICY.md,http://eyalamit-co-il-2026.s887.upress.link/qr/qr36/,,R2-111 · qr36 – חוני המעגל · מודפס https://www.eyalamit.co.il/qr/qr36/,,
עמוד · qr37 – דרך השלום,R2-112,QR-01,—,,,,בוצע,—,ברור,כתובת מודפסת נוחתת + העתקה מהישן בלי ניסוח,אין סקירה — QR ארכיון חי,סבב 2 גל 2: להעלות מה שיש בכתובת המודפסת. אסור 301 ששובר ספר.,אותו path /qr/qr37/ ב-200. בייטים מהאתר הישן אם חסר. בלי ניסוח.,אימות נחיתה. העתקה מילה-במילה רק אם הסטייג'ינג ריק והישן מלא. generated QR data — לא ביד.,ea-w2-07-qr-content-data.php (generated) · QR-URL-POLICY.md,http://eyalamit-co-il-2026.s887.upress.link/qr/qr37/,,R2-112 · qr37 – דרך השלום · מודפס https://www.eyalamit.co.il/qr/qr37/,,
עמוד · qr38 – הבטחות או לא להיו,R2-113,QR-01,—,,,,בוצע,—,ברור,כתובת מודפסת נוחתת + העתקה מהישן בלי ניסוח,אין סקירה — QR ארכיון חי,סבב 2 גל 2: להעלות מה שיש בכתובת המודפסת. אסור 301 ששובר ספר.,אותו path /qr/qr38/ ב-200. בייטים מהאתר הישן אם חסר. בלי ניסוח.,אימות נחיתה. העתקה מילה-במילה רק אם הסטייג'ינג ריק והישן מלא. generated QR data — לא ביד.,ea-w2-07-qr-content-data.php (generated) · QR-URL-POLICY.md,http://eyalamit-co-il-2026.s887.upress.link/qr/qr38/,,R2-113 · qr38 – הבטחות או לא להיות · מודפס https://www.eyalamit.co.il/qr/qr38/,,
עמוד · qr39 – תחשוב חיובי,R2-114,QR-01,—,,,,בוצע,—,ברור,כתובת מודפסת נוחתת + העתקה מהישן בלי ניסוח,אין סקירה — QR ארכיון חי,סבב 2 גל 2: להעלות מה שיש בכתובת המודפסת. אסור 301 ששובר ספר.,אותו path /qr/qr39/ ב-200. בייטים מהאתר הישן אם חסר. בלי ניסוח.,אימות נחיתה. העתקה מילה-במילה רק אם הסטייג'ינג ריק והישן מלא. generated QR data — לא ביד.,ea-w2-07-qr-content-data.php (generated) · QR-URL-POLICY.md,http://eyalamit-co-il-2026.s887.upress.link/qr/qr39/,,R2-114 · qr39 – תחשוב חיובי · מודפס https://www.eyalamit.co.il/qr/qr39/,,
עמוד · qr4 – בום-בום-בום על דלת,R2-115,QR-01,—,,,,בוצע,—,ברור,כתובת מודפסת נוחתת + העתקה מהישן בלי ניסוח,אין סקירה — QR ארכיון חי,סבב 2 גל 2: להעלות מה שיש בכתובת המודפסת. אסור 301 ששובר ספר.,אותו path /qr/qr4/ ב-200. בייטים מהאתר הישן אם חסר. בלי ניסוח.,אימות נחיתה. העתקה מילה-במילה רק אם הסטייג'ינג ריק והישן מלא. generated QR data — לא ביד.,ea-w2-07-qr-content-data.php (generated) · QR-URL-POLICY.md,http://eyalamit-co-il-2026.s887.upress.link/qr/qr4/,,R2-115 · qr4 – בום-בום-בום על דלתי מרום · מודפס https://www.eyalamit.co.il/qr/qr4/,,
עמוד · qr40 – אבנים חמות,R2-116,QR-01,—,,,,בוצע,—,ברור,כתובת מודפסת נוחתת + העתקה מהישן בלי ניסוח,אין סקירה — QR ארכיון חי,סבב 2 גל 2: להעלות מה שיש בכתובת המודפסת. אסור 301 ששובר ספר.,אותו path /qr/qr40/ ב-200. בייטים מהאתר הישן אם חסר. בלי ניסוח.,אימות נחיתה. העתקה מילה-במילה רק אם הסטייג'ינג ריק והישן מלא. generated QR data — לא ביד.,ea-w2-07-qr-content-data.php (generated) · QR-URL-POLICY.md,http://eyalamit-co-il-2026.s887.upress.link/qr/qr40/,,R2-116 · qr40 – אבנים חמות · מודפס https://www.eyalamit.co.il/qr/qr40/,,
עמוד · qr41 – לופ בטעם תות לימו,R2-117,QR-01,—,,,,בוצע,—,ברור,כתובת מודפסת נוחתת + העתקה מהישן בלי ניסוח,אין סקירה — QR ארכיון חי,סבב 2 גל 2: להעלות מה שיש בכתובת המודפסת. אסור 301 ששובר ספר.,אותו path /qr/qr41/ ב-200. בייטים מהאתר הישן אם חסר. בלי ניסוח.,אימות נחיתה. העתקה מילה-במילה רק אם הסטייג'ינג ריק והישן מלא. generated QR data — לא ביד.,ea-w2-07-qr-content-data.php (generated) · QR-URL-POLICY.md,http://eyalamit-co-il-2026.s887.upress.link/qr/qr41/,,R2-117 · qr41 – לופ בטעם תות לימון · מודפס https://www.eyalamit.co.il/qr/qr41/,,
עמוד · qr42 – הבטחות אחים,R2-118,QR-01,—,,,,בוצע,—,ברור,כתובת מודפסת נוחתת + העתקה מהישן בלי ניסוח,אין סקירה — QR ארכיון חי,סבב 2 גל 2: להעלות מה שיש בכתובת המודפסת. אסור 301 ששובר ספר.,אותו path /qr/qr42/ ב-200. בייטים מהאתר הישן אם חסר. בלי ניסוח.,אימות נחיתה. העתקה מילה-במילה רק אם הסטייג'ינג ריק והישן מלא. generated QR data — לא ביד.,ea-w2-07-qr-content-data.php (generated) · QR-URL-POLICY.md,http://eyalamit-co-il-2026.s887.upress.link/qr/qr42/,,R2-118 · qr42 – הבטחות אחים · מודפס https://www.eyalamit.co.il/qr/qr42/,,
עמוד · qr43 – עכשיו!!!,R2-119,QR-01,—,,,,בוצע,—,ברור,כתובת מודפסת נוחתת + העתקה מהישן בלי ניסוח,אין סקירה — QR ארכיון חי,סבב 2 גל 2: להעלות מה שיש בכתובת המודפסת. אסור 301 ששובר ספר.,אותו path /qr/qr43/ ב-200. בייטים מהאתר הישן אם חסר. בלי ניסוח.,אימות נחיתה. העתקה מילה-במילה רק אם הסטייג'ינג ריק והישן מלא. generated QR data — לא ביד.,ea-w2-07-qr-content-data.php (generated) · QR-URL-POLICY.md,http://eyalamit-co-il-2026.s887.upress.link/qr/qr43/,,R2-119 · qr43 – עכשיו!!! · מודפס https://www.eyalamit.co.il/qr/qr43/,,
עמוד · qr44 – כולנו פרעושים,R2-120,QR-01,—,,,,בוצע,—,ברור,כתובת מודפסת נוחתת + העתקה מהישן בלי ניסוח,אין סקירה — QR ארכיון חי,סבב 2 גל 2: להעלות מה שיש בכתובת המודפסת. אסור 301 ששובר ספר.,אותו path /qr/qr44/ ב-200. בייטים מהאתר הישן אם חסר. בלי ניסוח.,אימות נחיתה. העתקה מילה-במילה רק אם הסטייג'ינג ריק והישן מלא. generated QR data — לא ביד.,ea-w2-07-qr-content-data.php (generated) · QR-URL-POLICY.md,http://eyalamit-co-il-2026.s887.upress.link/qr/qr44/,,R2-120 · qr44 – כולנו פרעושים · מודפס https://www.eyalamit.co.il/qr/qr44/,,
עמוד · qr45 – צום מיצים,R2-121,QR-01,—,,,,בוצע,—,ברור,כתובת מודפסת נוחתת + העתקה מהישן בלי ניסוח,אין סקירה — QR ארכיון חי,סבב 2 גל 2: להעלות מה שיש בכתובת המודפסת. אסור 301 ששובר ספר.,אותו path /qr/qr45/ ב-200. בייטים מהאתר הישן אם חסר. בלי ניסוח.,אימות נחיתה. העתקה מילה-במילה רק אם הסטייג'ינג ריק והישן מלא. generated QR data — לא ביד.,ea-w2-07-qr-content-data.php (generated) · QR-URL-POLICY.md,http://eyalamit-co-il-2026.s887.upress.link/qr/qr45/,,R2-121 · qr45 – צום מיצים · מודפס https://www.eyalamit.co.il/qr/qr45/,,
עמוד · qr46  – האומץ לאהוב את ה,R2-122,QR-01,—,,,,בוצע,—,ברור,כתובת מודפסת נוחתת + העתקה מהישן בלי ניסוח,אין סקירה — QR ארכיון חי,סבב 2 גל 2: להעלות מה שיש בכתובת המודפסת. אסור 301 ששובר ספר.,אותו path /qr/qr46/ ב-200. בייטים מהאתר הישן אם חסר. בלי ניסוח.,אימות נחיתה. העתקה מילה-במילה רק אם הסטייג'ינג ריק והישן מלא. generated QR data — לא ביד.,ea-w2-07-qr-content-data.php (generated) · QR-URL-POLICY.md,http://eyalamit-co-il-2026.s887.upress.link/qr/qr46/,,R2-122 · qr46  – האומץ לאהוב את הפחד · מודפס https://www.eyalamit.co.il/qr/qr46/,,
עמוד · qr47  – טיפול זוגי,R2-123,QR-01,—,,,,בוצע,—,ברור,כתובת מודפסת נוחתת + העתקה מהישן בלי ניסוח,אין סקירה — QR ארכיון חי,סבב 2 גל 2: להעלות מה שיש בכתובת המודפסת. אסור 301 ששובר ספר.,אותו path /qr/qr47/ ב-200. בייטים מהאתר הישן אם חסר. בלי ניסוח.,אימות נחיתה. העתקה מילה-במילה רק אם הסטייג'ינג ריק והישן מלא. generated QR data — לא ביד.,ea-w2-07-qr-content-data.php (generated) · QR-URL-POLICY.md,http://eyalamit-co-il-2026.s887.upress.link/qr/qr47/,,R2-123 · qr47  – טיפול זוגי · מודפס https://www.eyalamit.co.il/qr/qr47/,,
עמוד · qr48 -וסיימת,R2-124,QR-01,—,,,,בוצע,—,ברור,כתובת מודפסת נוחתת + העתקה מהישן בלי ניסוח,אין סקירה — QR ארכיון חי,סבב 2 גל 2: להעלות מה שיש בכתובת המודפסת. אסור 301 ששובר ספר.,אותו path /qr/qr48/ ב-200. בייטים מהאתר הישן אם חסר. בלי ניסוח.,אימות נחיתה. העתקה מילה-במילה רק אם הסטייג'ינג ריק והישן מלא. generated QR data — לא ביד.,ea-w2-07-qr-content-data.php (generated) · QR-URL-POLICY.md,http://eyalamit-co-il-2026.s887.upress.link/qr/qr48/,,R2-124 · qr48 -וסיימת · מודפס https://www.eyalamit.co.il/qr/qr48/,,
עמוד · qr5 – אלכסון הוא אסון,R2-125,QR-01,—,,,,בוצע,—,ברור,כתובת מודפסת נוחתת + העתקה מהישן בלי ניסוח,אין סקירה — QR ארכיון חי,סבב 2 גל 2: להעלות מה שיש בכתובת המודפסת. אסור 301 ששובר ספר.,אותו path /qr/qr5/ ב-200. בייטים מהאתר הישן אם חסר. בלי ניסוח.,אימות נחיתה. העתקה מילה-במילה רק אם הסטייג'ינג ריק והישן מלא. generated QR data — לא ביד.,ea-w2-07-qr-content-data.php (generated) · QR-URL-POLICY.md,http://eyalamit-co-il-2026.s887.upress.link/qr/qr5/,,R2-125 · qr5 – אלכסון הוא אסון · מודפס https://www.eyalamit.co.il/qr/qr5/,,
עמוד · qr6 – ספיבאק,R2-126,QR-01,—,,,,בוצע,—,ברור,כתובת מודפסת נוחתת + העתקה מהישן בלי ניסוח,אין סקירה — QR ארכיון חי,סבב 2 גל 2: להעלות מה שיש בכתובת המודפסת. אסור 301 ששובר ספר.,אותו path /qr/qr6/ ב-200. בייטים מהאתר הישן אם חסר. בלי ניסוח.,אימות נחיתה. העתקה מילה-במילה רק אם הסטייג'ינג ריק והישן מלא. generated QR data — לא ביד.,ea-w2-07-qr-content-data.php (generated) · QR-URL-POLICY.md,http://eyalamit-co-il-2026.s887.upress.link/qr/qr6/,,R2-126 · qr6 – ספיבאק · מודפס https://www.eyalamit.co.il/qr/qr6/,,
עמוד · qr7 – אחד לשלושה,R2-127,QR-01,—,,,,בוצע,—,ברור,כתובת מודפסת נוחתת + העתקה מהישן בלי ניסוח,אין סקירה — QR ארכיון חי,סבב 2 גל 2: להעלות מה שיש בכתובת המודפסת. אסור 301 ששובר ספר.,אותו path /qr/qr7/ ב-200. בייטים מהאתר הישן אם חסר. בלי ניסוח.,אימות נחיתה. העתקה מילה-במילה רק אם הסטייג'ינג ריק והישן מלא. generated QR data — לא ביד.,ea-w2-07-qr-content-data.php (generated) · QR-URL-POLICY.md,http://eyalamit-co-il-2026.s887.upress.link/qr/qr7/,,R2-127 · qr7 – אחד לשלושה · מודפס https://www.eyalamit.co.il/qr/qr7/,,
עמוד · qr8 – סופה במדבר,R2-128,QR-01,—,,,,בוצע,—,ברור,כתובת מודפסת נוחתת + העתקה מהישן בלי ניסוח,אין סקירה — QR ארכיון חי,סבב 2 גל 2: להעלות מה שיש בכתובת המודפסת. אסור 301 ששובר ספר.,אותו path /qr/qr8/ ב-200. בייטים מהאתר הישן אם חסר. בלי ניסוח.,אימות נחיתה. העתקה מילה-במילה רק אם הסטייג'ינג ריק והישן מלא. generated QR data — לא ביד.,ea-w2-07-qr-content-data.php (generated) · QR-URL-POLICY.md,http://eyalamit-co-il-2026.s887.upress.link/qr/qr8/,,R2-128 · qr8 – סופה במדבר · מודפס https://www.eyalamit.co.il/qr/qr8/,,
עמוד · qr9 – טיפול שורש,R2-129,QR-01,—,,,,בוצע,—,ברור,כתובת מודפסת נוחתת + העתקה מהישן בלי ניסוח,אין סקירה — QR ארכיון חי,סבב 2 גל 2: להעלות מה שיש בכתובת המודפסת. אסור 301 ששובר ספר.,אותו path /qr/qr9/ ב-200. בייטים מהאתר הישן אם חסר. בלי ניסוח.,אימות נחיתה. העתקה מילה-במילה רק אם הסטייג'ינג ריק והישן מלא. generated QR data — לא ביד.,ea-w2-07-qr-content-data.php (generated) · QR-URL-POLICY.md,http://eyalamit-co-il-2026.s887.upress.link/qr/qr9/,,R2-129 · qr9 – טיפול שורש · מודפס https://www.eyalamit.co.il/qr/qr9/,,
"עמוד · מופע ""ספיישל ברצלונה""! 2",R2-027,POST-01,—,,,,בוצע,—,ברור,"הצגה כמו שחי/ישן, בלי ניסוח",אין סקירה — פוסט ארכיון חי,"סבב 2 גל 3: להעלות מה שיש. בלי ניסוח, בלי קיצור.",אותו path ב-200. בייטים מהאתר הישן/חי אם חסר. בלי ניסוח.,אימות נחיתה. העתקה מילה-במילה רק אם הסטייג'ינג ריק והישן מלא.,פוסט WP קיים · אין defaults.php חדש בלי אסקלציה,http://eyalamit-co-il-2026.s887.upress.link/%d7%90%d7%99%d7%99%d7%9c-%d7%a2%d7%9e%d7%99%d7%aa-%d7%aa%d7%95%d7%a4%d7%a2%d7%aa-%d7%99%d7%97%d7%99%d7%93-%d7%9e%d7%95%d7%a4%d7%a2-%d7%a1%d7%99%d7%a4%d7%95%d7%a8%d7%99%d7%9d-spoken-stories-15/,,R2-027 · פוסט · https://www.eyalamit.co.il/%d7%90%d7%99%d7%99%d7%9c-%d7%a2%d7%9e%d7%99%d7%aa-%d7%aa%d7%95%d7%a4%d7%a2%d7%aa-%d7%99%d7%97%d7%99%d7%93-%d7%9e%d7%95%d7%a4%d7%a2-%d7%a1%d7%99%d7%a4%d7%95%d7%a8%d7%99%d7%9d-spoken-stories-15/,,
עמוד · את הספר החדש שלי לא תמצא,R2-028,POST-01,—,,,,בוצע,—,ברור,"הצגה כמו שחי/ישן, בלי ניסוח",אין סקירה — פוסט ארכיון חי,"סבב 2 גל 3: להעלות מה שיש. בלי ניסוח, בלי קיצור.",אותו path ב-200. בייטים מהאתר הישן/חי אם חסר. בלי ניסוח.,אימות נחיתה. העתקה מילה-במילה רק אם הסטייג'ינג ריק והישן מלא.,פוסט WP קיים · אין defaults.php חדש בלי אסקלציה,http://eyalamit-co-il-2026.s887.upress.link/%d7%90%d7%aa-%d7%94%d7%a1%d7%a4%d7%a8-%d7%94%d7%97%d7%93%d7%a9-%d7%a9%d7%9c%d7%99-%d7%9c%d7%90-%d7%aa%d7%9e%d7%a6%d7%90%d7%95-%d7%91%d7%a8%d7%a9%d7%aa%d7%95%d7%aa-%d7%94%d7%a1%d7%a4%d7%a8%d7%99%d7%9d/,,R2-028 · פוסט · https://www.eyalamit.co.il/%d7%90%d7%aa-%d7%94%d7%a1%d7%a4%d7%a8-%d7%94%d7%97%d7%93%d7%a9-%d7%a9%d7%9c%d7%99-%d7%9c%d7%90-%d7%aa%d7%9e%d7%a6%d7%90%d7%95-%d7%91%d7%a8%d7%a9%d7%aa%d7%95%d7%aa-%d7%94%d7%a1%d7%a4%d7%a8%d7%99%d7%9d/,,
עמוד · ביקורות גולשים אודות- עכ,R2-029,POST-01,—,,,,בוצע,—,ברור,"הצגה כמו שחי/ישן, בלי ניסוח",אין סקירה — פוסט ארכיון חי,"סבב 2 גל 3: להעלות מה שיש. בלי ניסוח, בלי קיצור.",אותו path ב-200. בייטים מהאתר הישן/חי אם חסר. בלי ניסוח.,אימות נחיתה. העתקה מילה-במילה רק אם הסטייג'ינג ריק והישן מלא.,פוסט WP קיים · אין defaults.php חדש בלי אסקלציה,http://eyalamit-co-il-2026.s887.upress.link/%d7%91%d7%99%d7%a7%d7%95%d7%a8%d7%95%d7%aa-%d7%92%d7%95%d7%9c%d7%a9%d7%99%d7%9d-%d7%90%d7%95%d7%93%d7%95%d7%aa-%d7%a2%d7%9b%d7%a9%d7%99%d7%95-%d7%9e%d7%95%d7%a4%d7%a2-%d7%94%d7%a1%d7%99%d7%a4/,,R2-029 · פוסט · https://www.eyalamit.co.il/%d7%91%d7%99%d7%a7%d7%95%d7%a8%d7%95%d7%aa-%d7%92%d7%95%d7%9c%d7%a9%d7%99%d7%9d-%d7%90%d7%95%d7%93%d7%95%d7%aa-%d7%a2%d7%9b%d7%a9%d7%99%d7%95-%d7%9e%d7%95%d7%a4%d7%a2-%d7%94%d7%a1%d7%99%d7%a4/,,
עמוד · נשימה מעגלית – סטודיו די,R2-030,POST-01,—,,,,בוצע,—,ברור,"הצגה כמו שחי/ישן, בלי ניסוח",אין סקירה — פוסט ארכיון חי,"סבב 2 גל 3: להעלות מה שיש. בלי ניסוח, בלי קיצור.",אותו path ב-200. בייטים מהאתר הישן/חי אם חסר. בלי ניסוח.,אימות נחיתה. העתקה מילה-במילה רק אם הסטייג'ינג ריק והישן מלא.,פוסט WP קיים · אין defaults.php חדש בלי אסקלציה,http://eyalamit-co-il-2026.s887.upress.link/%d7%93%d7%99%d7%92%d7%a8%d7%99%d7%93%d7%95-%d7%a4%d7%a8%d7%93%d7%a1-%d7%97%d7%a0%d7%94-%d7%a1%d7%98%d7%95%d7%93%d7%99%d7%95-%d7%9c%d7%91%d7%a0%d7%99%d7%99%d7%94-%d7%95%d7%a0%d7%92%d7%99%d7%a0/,,R2-030 · פוסט · https://www.eyalamit.co.il/%d7%93%d7%99%d7%92%d7%a8%d7%99%d7%93%d7%95-%d7%a4%d7%a8%d7%93%d7%a1-%d7%97%d7%a0%d7%94-%d7%a1%d7%98%d7%95%d7%93%d7%99%d7%95-%d7%9c%d7%91%d7%a0%d7%99%d7%99%d7%94-%d7%95%d7%a0%d7%92%d7%99%d7%a0/,,
עמוד · דף פייסבוק חדש למופע + ה,R2-031,POST-01,—,,,,בוצע,—,ברור,"הצגה כמו שחי/ישן, בלי ניסוח",אין סקירה — פוסט ארכיון חי,"סבב 2 גל 3: להעלות מה שיש. בלי ניסוח, בלי קיצור.",אותו path ב-200. בייטים מהאתר הישן/חי אם חסר. בלי ניסוח.,אימות נחיתה. העתקה מילה-במילה רק אם הסטייג'ינג ריק והישן מלא.,פוסט WP קיים · אין defaults.php חדש בלי אסקלציה,http://eyalamit-co-il-2026.s887.upress.link/%d7%93%d7%a3-%d7%a4%d7%99%d7%99%d7%a1%d7%91%d7%95%d7%a7-%d7%97%d7%93%d7%a9-%d7%9c%d7%9e%d7%95%d7%a4%d7%a2-%d7%94%d7%96%d7%9e%d7%a0%d7%94-%d7%9c%d7%a9%d7%a0%d7%99-%d7%94%d7%9e%d7%95%d7%a4%d7%a2%d7%99/,,R2-031 · פוסט · https://www.eyalamit.co.il/%d7%93%d7%a3-%d7%a4%d7%99%d7%99%d7%a1%d7%91%d7%95%d7%a7-%d7%97%d7%93%d7%a9-%d7%9c%d7%9e%d7%95%d7%a4%d7%a2-%d7%94%d7%96%d7%9e%d7%a0%d7%94-%d7%9c%d7%a9%d7%a0%d7%99-%d7%94%d7%9e%d7%95%d7%a4%d7%a2%d7%99/,,
עמוד · הזמנה להשקת הספר החדש – ,R2-032,POST-01,—,,,,בוצע,—,ברור,"הצגה כמו שחי/ישן, בלי ניסוח",אין סקירה — פוסט ארכיון חי,"סבב 2 גל 3: להעלות מה שיש. בלי ניסוח, בלי קיצור.",אותו path ב-200. בייטים מהאתר הישן/חי אם חסר. בלי ניסוח.,אימות נחיתה. העתקה מילה-במילה רק אם הסטייג'ינג ריק והישן מלא.,פוסט WP קיים · אין defaults.php חדש בלי אסקלציה,http://eyalamit-co-il-2026.s887.upress.link/%d7%94%d7%96%d7%9e%d7%a0%d7%94-%d7%9c%d7%94%d7%a9%d7%a7%d7%aa-%d7%94%d7%a1%d7%a4%d7%a8-%d7%94%d7%97%d7%93%d7%a9-%d7%95%d7%9b%d7%aa%d7%91%d7%aa%d6%b8-%d7%90%d7%99%d7%99%d7%9c-%d7%a2%d7%9e/,,R2-032 · פוסט · https://www.eyalamit.co.il/%d7%94%d7%96%d7%9e%d7%a0%d7%94-%d7%9c%d7%94%d7%a9%d7%a7%d7%aa-%d7%94%d7%a1%d7%a4%d7%a8-%d7%94%d7%97%d7%93%d7%a9-%d7%95%d7%9b%d7%aa%d7%91%d7%aa%d6%b8-%d7%90%d7%99%d7%99%d7%9c-%d7%a2%d7%9e/,,
עמוד · אקדח לתוך הראש,R2-033,POST-01,—,,,,בוצע,—,ברור,"הצגה כמו שחי/ישן, בלי ניסוח",אין סקירה — פוסט ארכיון חי,"סבב 2 גל 3: להעלות מה שיש. בלי ניסוח, בלי קיצור.",אותו path ב-200. בייטים מהאתר הישן/חי אם חסר. בלי ניסוח.,אימות נחיתה. העתקה מילה-במילה רק אם הסטייג'ינג ריק והישן מלא.,פוסט WP קיים · אין defaults.php חדש בלי אסקלציה,http://eyalamit-co-il-2026.s887.upress.link/%d7%94%d7%98%d7%95%d7%a8-%d7%a9%d7%9c-%d7%90%d7%99%d7%99%d7%9c-%d7%a2%d7%9e%d7%99%d7%aa-%d7%90%d7%99%d7%9a-%d7%94%d7%aa%d7%97%d7%9c%d7%aa%d7%99-%d7%9c%d7%9b%d7%aa%d7%95%d7%91-%d7%95%d7%9c%d7%a1%d7%a4/,,R2-033 · פוסט · https://www.eyalamit.co.il/%d7%94%d7%98%d7%95%d7%a8-%d7%a9%d7%9c-%d7%90%d7%99%d7%99%d7%9c-%d7%a2%d7%9e%d7%99%d7%aa-%d7%90%d7%99%d7%9a-%d7%94%d7%aa%d7%97%d7%9c%d7%aa%d7%99-%d7%9c%d7%9b%d7%aa%d7%95%d7%91-%d7%95%d7%9c%d7%a1%d7%a4/,,
עמוד · הספר החדש שלי יוצא לאור!,R2-034,POST-01,—,,,,בוצע,—,ברור,"הצגה כמו שחי/ישן, בלי ניסוח",אין סקירה — פוסט ארכיון חי,"סבב 2 גל 3: להעלות מה שיש. בלי ניסוח, בלי קיצור.",אותו path ב-200. בייטים מהאתר הישן/חי אם חסר. בלי ניסוח.,אימות נחיתה. העתקה מילה-במילה רק אם הסטייג'ינג ריק והישן מלא.,פוסט WP קיים · אין defaults.php חדש בלי אסקלציה,http://eyalamit-co-il-2026.s887.upress.link/%d7%94%d7%98%d7%95%d7%a8-%d7%a9%d7%9c-%d7%90%d7%99%d7%99%d7%9c-%d7%a2%d7%9e%d7%99%d7%aa-%d7%94%d7%a1%d7%a4%d7%a8-%d7%94%d7%97%d7%93%d7%a9-%d7%a9%d7%9c%d7%99-%d7%96%d7%a7%d7%95%d7%a7-%d7%9c/,,R2-034 · פוסט · https://www.eyalamit.co.il/%d7%94%d7%98%d7%95%d7%a8-%d7%a9%d7%9c-%d7%90%d7%99%d7%99%d7%9c-%d7%a2%d7%9e%d7%99%d7%aa-%d7%94%d7%a1%d7%a4%d7%a8-%d7%94%d7%97%d7%93%d7%a9-%d7%a9%d7%9c%d7%99-%d7%96%d7%a7%d7%95%d7%a7-%d7%9c/,,
עמוד · (24) הטור של אייל עמית- ,R2-035,POST-01,—,,,,בוצע,—,ברור,"הצגה כמו שחי/ישן, בלי ניסוח",אין סקירה — פוסט ארכיון חי,"סבב 2 גל 3: להעלות מה שיש. בלי ניסוח, בלי קיצור.",אותו path ב-200. בייטים מהאתר הישן/חי אם חסר. בלי ניסוח.,אימות נחיתה. העתקה מילה-במילה רק אם הסטייג'ינג ריק והישן מלא.,פוסט WP קיים · אין defaults.php חדש בלי אסקלציה,http://eyalamit-co-il-2026.s887.upress.link/%d7%94%d7%98%d7%95%d7%a8-%d7%a9%d7%9c-%d7%90%d7%99%d7%99%d7%9c-%d7%a2%d7%9e%d7%99%d7%aa-24-%d7%99%d7%9c%d7%93-%d7%90%d7%a1%d7%95%d7%a8-%d7%99%d7%9c%d7%93-%d7%9e%d7%95%d7%aa%d7%a8/,,R2-035 · פוסט · https://www.eyalamit.co.il/%d7%94%d7%98%d7%95%d7%a8-%d7%a9%d7%9c-%d7%90%d7%99%d7%99%d7%9c-%d7%a2%d7%9e%d7%99%d7%aa-24-%d7%99%d7%9c%d7%93-%d7%90%d7%a1%d7%95%d7%a8-%d7%99%d7%9c%d7%93-%d7%9e%d7%95%d7%aa%d7%a8/,,
עמוד · וסיפרתָּ – מופע פרידה!!!,R2-036,POST-01,—,,,,בוצע,—,ברור,"הצגה כמו שחי/ישן, בלי ניסוח",אין סקירה — פוסט ארכיון חי,"סבב 2 גל 3: להעלות מה שיש. בלי ניסוח, בלי קיצור.",אותו path ב-200. בייטים מהאתר הישן/חי אם חסר. בלי ניסוח.,אימות נחיתה. העתקה מילה-במילה רק אם הסטייג'ינג ריק והישן מלא.,פוסט WP קיים · אין defaults.php חדש בלי אסקלציה,http://eyalamit-co-il-2026.s887.upress.link/%d7%95%d7%a1%d7%99%d7%a4%d7%a8%d7%aa%d6%b8%d6%bc-%d7%9e%d7%95%d7%a4%d7%a2-%d7%94%d7%a1%d7%a4%d7%95%d7%a7%d7%9f-%d7%a1%d7%98%d7%95%d7%a8%d7%99%d7%96-%d7%a9%d7%9c-%d7%90%d7%99%d7%99%d7%9c-%d7%a2%d7%9e/,,R2-036 · פוסט · https://www.eyalamit.co.il/%d7%95%d7%a1%d7%99%d7%a4%d7%a8%d7%aa%d6%b8%d6%bc-%d7%9e%d7%95%d7%a4%d7%a2-%d7%94%d7%a1%d7%a4%d7%95%d7%a7%d7%9f-%d7%a1%d7%98%d7%95%d7%a8%d7%99%d7%96-%d7%a9%d7%9c-%d7%90%d7%99%d7%99%d7%9c-%d7%a2%d7%9e/,,
עמוד · טיפול בנשימה באמצעות דיג,R2-037,POST-01,—,,,,בוצע,—,ברור,"הצגה כמו שחי/ישן, בלי ניסוח",אין סקירה — פוסט ארכיון חי,"סבב 2 גל 3: להעלות מה שיש. בלי ניסוח, בלי קיצור.",אותו path ב-200. בייטים מהאתר הישן/חי אם חסר. בלי ניסוח.,אימות נחיתה. העתקה מילה-במילה רק אם הסטייג'ינג ריק והישן מלא.,פוסט WP קיים · אין defaults.php חדש בלי אסקלציה,http://eyalamit-co-il-2026.s887.upress.link/%d7%98%d7%99%d7%a4%d7%95%d7%9c-%d7%91%d7%a0%d7%a9%d7%99%d7%9e%d7%94-%d7%91%d7%90%d7%9e%d7%a6%d7%a2%d7%95%d7%aa-%d7%93%d7%99%d7%92%d7%a8%d7%99%d7%93%d7%95-%d7%9c%d7%9c%d7%9e%d7%95%d7%93-%d7%9c/,,R2-037 · פוסט · https://www.eyalamit.co.il/%d7%98%d7%99%d7%a4%d7%95%d7%9c-%d7%91%d7%a0%d7%a9%d7%99%d7%9e%d7%94-%d7%91%d7%90%d7%9e%d7%a6%d7%a2%d7%95%d7%aa-%d7%93%d7%99%d7%92%d7%a8%d7%99%d7%93%d7%95-%d7%9c%d7%9c%d7%9e%d7%95%d7%93-%d7%9c/,,
עמוד · טיפול בפוסט טראומה לחייל,R2-038,POST-01,—,,,,בוצע,—,ברור,"הצגה כמו שחי/ישן, בלי ניסוח",אין סקירה — פוסט ארכיון חי,"סבב 2 גל 3: להעלות מה שיש. בלי ניסוח, בלי קיצור.",אותו path ב-200. בייטים מהאתר הישן/חי אם חסר. בלי ניסוח.,אימות נחיתה. העתקה מילה-במילה רק אם הסטייג'ינג ריק והישן מלא.,פוסט WP קיים · אין defaults.php חדש בלי אסקלציה,http://eyalamit-co-il-2026.s887.upress.link/%d7%98%d7%99%d7%a4%d7%95%d7%9c-%d7%91%d7%a4%d7%95%d7%a1%d7%98-%d7%98%d7%a8%d7%90%d7%95%d7%9e%d7%94-%d7%9c%d7%97%d7%99%d7%99%d7%9c-%d7%9e%d7%a9%d7%95%d7%97%d7%a8%d7%a8-%d7%9e%d7%92%d7%95%d7%9c%d7%a0/,,R2-038 · פוסט · https://www.eyalamit.co.il/%d7%98%d7%99%d7%a4%d7%95%d7%9c-%d7%91%d7%a4%d7%95%d7%a1%d7%98-%d7%98%d7%a8%d7%90%d7%95%d7%9e%d7%94-%d7%9c%d7%97%d7%99%d7%99%d7%9c-%d7%9e%d7%a9%d7%95%d7%97%d7%a8%d7%a8-%d7%9e%d7%92%d7%95%d7%9c%d7%a0/,,
עמוד · שליחות חיי – כתבה אודות ,R2-039,POST-01,—,,,,בוצע,—,ברור,"הצגה כמו שחי/ישן, בלי ניסוח",אין סקירה — פוסט ארכיון חי,"סבב 2 גל 3: להעלות מה שיש. בלי ניסוח, בלי קיצור.",אותו path ב-200. בייטים מהאתר הישן/חי אם חסר. בלי ניסוח.,אימות נחיתה. העתקה מילה-במילה רק אם הסטייג'ינג ריק והישן מלא.,פוסט WP קיים · אין defaults.php חדש בלי אסקלציה,http://eyalamit-co-il-2026.s887.upress.link/%d7%9b%d7%aa%d7%91%d7%94-%d7%90%d7%95%d7%93%d7%95%d7%aa-%d7%90%d7%99%d7%99%d7%9c-%d7%a2%d7%9e%d7%99%d7%aa-%d7%9e%d7%95%d7%a8%d7%94-%d7%95%d7%9e%d7%98%d7%a4%d7%9c-%d7%91%d7%93%d7%99%d7%92%d7%a8%d7%99/,,R2-039 · פוסט · https://www.eyalamit.co.il/%d7%9b%d7%aa%d7%91%d7%94-%d7%90%d7%95%d7%93%d7%95%d7%aa-%d7%90%d7%99%d7%99%d7%9c-%d7%a2%d7%9e%d7%99%d7%aa-%d7%9e%d7%95%d7%a8%d7%94-%d7%95%d7%9e%d7%98%d7%a4%d7%9c-%d7%91%d7%93%d7%99%d7%92%d7%a8%d7%99/,,
"עמוד · כתבה על ""תופעת יחיד"" ב- ",R2-040,POST-01,—,,,,בוצע,—,ברור,"הצגה כמו שחי/ישן, בלי ניסוח",אין סקירה — פוסט ארכיון חי,"סבב 2 גל 3: להעלות מה שיש. בלי ניסוח, בלי קיצור.",אותו path ב-200. בייטים מהאתר הישן/חי אם חסר. בלי ניסוח.,אימות נחיתה. העתקה מילה-במילה רק אם הסטייג'ינג ריק והישן מלא.,פוסט WP קיים · אין defaults.php חדש בלי אסקלציה,http://eyalamit-co-il-2026.s887.upress.link/%d7%9b%d7%aa%d7%91%d7%94-%d7%a2%d7%9c-%d7%aa%d7%95%d7%a4%d7%a2%d7%aa-%d7%99%d7%97%d7%99%d7%93-%d7%91-%d7%94%d7%9e%d7%a7%d7%95%d7%9e%d7%95%d7%9f-%d7%92%d7%91%d7%a2%d7%aa%d7%99%d7%99%d7%9d-%d7%a8/,,R2-040 · פוסט · https://www.eyalamit.co.il/%d7%9b%d7%aa%d7%91%d7%94-%d7%a2%d7%9c-%d7%aa%d7%95%d7%a4%d7%a2%d7%aa-%d7%99%d7%97%d7%99%d7%93-%d7%91-%d7%94%d7%9e%d7%a7%d7%95%d7%9e%d7%95%d7%9f-%d7%92%d7%91%d7%a2%d7%aa%d7%99%d7%99%d7%9d-%d7%a8/,,
"עמוד · שם חדש למופע הסיפורים- """,R2-041,POST-01,—,,,,בוצע,—,ברור,"הצגה כמו שחי/ישן, בלי ניסוח",אין סקירה — פוסט ארכיון חי,"סבב 2 גל 3: להעלות מה שיש. בלי ניסוח, בלי קיצור.",אותו path ב-200. בייטים מהאתר הישן/חי אם חסר. בלי ניסוח.,אימות נחיתה. העתקה מילה-במילה רק אם הסטייג'ינג ריק והישן מלא.,פוסט WP קיים · אין defaults.php חדש בלי אסקלציה,http://eyalamit-co-il-2026.s887.upress.link/%d7%9c%d7%90-%d7%91%d7%a2%d7%95%d7%93-%d7%a8%d7%92%d7%a2-%d7%9c%d7%90-%d7%91%d7%a2%d7%95%d7%93-%d7%a9%d7%a0%d7%99%d7%99%d7%94-%d7%a2-%d7%9b-%d7%a9-%d7%99-%d7%95/,,R2-041 · פוסט · https://www.eyalamit.co.il/%d7%9c%d7%90-%d7%91%d7%a2%d7%95%d7%93-%d7%a8%d7%92%d7%a2-%d7%9c%d7%90-%d7%91%d7%a2%d7%95%d7%93-%d7%a9%d7%a0%d7%99%d7%99%d7%94-%d7%a2-%d7%9b-%d7%a9-%d7%99-%d7%95/,,
עמוד · מופע הסיפורים של אייל עמ,R2-042,POST-01,—,,,,בוצע,—,ברור,"הצגה כמו שחי/ישן, בלי ניסוח",אין סקירה — פוסט ארכיון חי,"סבב 2 גל 3: להעלות מה שיש. בלי ניסוח, בלי קיצור.",אותו path ב-200. בייטים מהאתר הישן/חי אם חסר. בלי ניסוח.,אימות נחיתה. העתקה מילה-במילה רק אם הסטייג'ינג ריק והישן מלא.,פוסט WP קיים · אין defaults.php חדש בלי אסקלציה,http://eyalamit-co-il-2026.s887.upress.link/%d7%9e%d7%95%d7%a4%d7%a2-%d7%94%d7%a1%d7%99%d7%a4%d7%95%d7%a8%d7%99%d7%9d-%d7%a9%d7%9c-%d7%90%d7%99%d7%99%d7%9c-%d7%a2%d7%9e%d7%99%d7%aa-%d7%9b%d7%aa%d7%91%d7%94-%d7%9e%d7%90%d7%aa-%d7%a8%d7%95/,,R2-042 · פוסט · https://www.eyalamit.co.il/%d7%9e%d7%95%d7%a4%d7%a2-%d7%94%d7%a1%d7%99%d7%a4%d7%95%d7%a8%d7%99%d7%9d-%d7%a9%d7%9c-%d7%90%d7%99%d7%99%d7%9c-%d7%a2%d7%9e%d7%99%d7%aa-%d7%9b%d7%aa%d7%91%d7%94-%d7%9e%d7%90%d7%aa-%d7%a8%d7%95/,,
עמוד · R2-043,R2-043,POST-01,—,,,,בוצע,—,ברור,"הצגה כמו שחי/ישן, בלי ניסוח",אין סקירה — פוסט ארכיון חי,"סבב 2 גל 3: להעלות מה שיש. בלי ניסוח, בלי קיצור.",אותו path ב-200. בייטים מהאתר הישן/חי אם חסר. בלי ניסוח.,אימות נחיתה. העתקה מילה-במילה רק אם הסטייג'ינג ריק והישן מלא.,פוסט WP קיים · אין defaults.php חדש בלי אסקלציה,http://eyalamit-co-il-2026.s887.upress.link/%d7%9e%d7%95%d7%a4%d7%a2-%d7%94%d7%a1%d7%99%d7%a4%d7%95%d7%a8%d7%99%d7%9d-%d7%a9%d7%9c-%d7%90%d7%99%d7%99%d7%9c-%d7%a2%d7%9e%d7%99%d7%aa-%d7%a9%d7%99%d7%a9%d7%99-23-10-15-%d7%91%d7%aa%d7%99%d7%90/,,R2-043 · פוסט · https://www.eyalamit.co.il/%d7%9e%d7%95%d7%a4%d7%a2-%d7%94%d7%a1%d7%99%d7%a4%d7%95%d7%a8%d7%99%d7%9d-%d7%a9%d7%9c-%d7%90%d7%99%d7%99%d7%9c-%d7%a2%d7%9e%d7%99%d7%aa-%d7%a9%d7%99%d7%a9%d7%99-23-10-15-%d7%91%d7%aa%d7%99%d7%90/,,
עמוד · מוקש דהימן – מאסטר דיג'ר,R2-044,POST-01,—,,,,בוצע,—,ברור,"הצגה כמו שחי/ישן, בלי ניסוח",אין סקירה — פוסט ארכיון חי,"סבב 2 גל 3: להעלות מה שיש. בלי ניסוח, בלי קיצור.",אותו path ב-200. בייטים מהאתר הישן/חי אם חסר. בלי ניסוח.,אימות נחיתה. העתקה מילה-במילה רק אם הסטייג'ינג ריק והישן מלא.,פוסט WP קיים · אין defaults.php חדש בלי אסקלציה,http://eyalamit-co-il-2026.s887.upress.link/%d7%9e%d7%95%d7%a7%d7%a9-%d7%93%d7%94%d7%99%d7%9e%d7%9f-%d7%9e%d7%90%d7%a1%d7%98%d7%a8-%d7%93%d7%99%d7%92%d7%a8%d7%99%d7%93%d7%95-%d7%a6%d7%99%d7%95%d7%a8-%d7%9e%d7%a7%d7%95%d7%a8%d7%99-%d7%97/,,R2-044 · פוסט · https://www.eyalamit.co.il/%d7%9e%d7%95%d7%a7%d7%a9-%d7%93%d7%94%d7%99%d7%9e%d7%9f-%d7%9e%d7%90%d7%a1%d7%98%d7%a8-%d7%93%d7%99%d7%92%d7%a8%d7%99%d7%93%d7%95-%d7%a6%d7%99%d7%95%d7%a8-%d7%9e%d7%a7%d7%95%d7%a8%d7%99-%d7%97/,,
"עמוד · פוסט תודה למורי, לתלמידי",R2-045,POST-01,—,,,,בוצע,—,ברור,"הצגה כמו שחי/ישן, בלי ניסוח",אין סקירה — פוסט ארכיון חי,"סבב 2 גל 3: להעלות מה שיש. בלי ניסוח, בלי קיצור.",אותו path ב-200. בייטים מהאתר הישן/חי אם חסר. בלי ניסוח.,אימות נחיתה. העתקה מילה-במילה רק אם הסטייג'ינג ריק והישן מלא.,פוסט WP קיים · אין defaults.php חדש בלי אסקלציה,http://eyalamit-co-il-2026.s887.upress.link/%d7%9e%d7%95%d7%a8%d7%94-%d7%9c%d7%93%d7%99%d7%92%d7%a8%d7%99%d7%93%d7%95-%d7%9e%d7%95%d7%93%d7%94-%d7%9c%d7%9e%d7%95%d7%a8%d7%99%d7%95-%d7%aa%d7%9c%d7%9e%d7%99%d7%93%d7%99%d7%95-%d7%95%d7%9e%d7%98/,,R2-045 · פוסט · https://www.eyalamit.co.il/%d7%9e%d7%95%d7%a8%d7%94-%d7%9c%d7%93%d7%99%d7%92%d7%a8%d7%99%d7%93%d7%95-%d7%9e%d7%95%d7%93%d7%94-%d7%9c%d7%9e%d7%95%d7%a8%d7%99%d7%95-%d7%aa%d7%9c%d7%9e%d7%99%d7%93%d7%99%d7%95-%d7%95%d7%9e%d7%98/,,
עמוד · האם לנשים מותר לנגן בדיג,R2-046,POST-01,—,,,,בוצע,—,ברור,"הצגה כמו שחי/ישן, בלי ניסוח",אין סקירה — פוסט ארכיון חי,"סבב 2 גל 3: להעלות מה שיש. בלי ניסוח, בלי קיצור.",אותו path ב-200. בייטים מהאתר הישן/חי אם חסר. בלי ניסוח.,אימות נחיתה. העתקה מילה-במילה רק אם הסטייג'ינג ריק והישן מלא.,פוסט WP קיים · אין defaults.php חדש בלי אסקלציה,http://eyalamit-co-il-2026.s887.upress.link/%d7%a0%d7%a9%d7%99%d7%9d-%d7%9e%d7%a0%d7%92%d7%a0%d7%95%d7%aa-%d7%91%d7%93%d7%99%d7%92%d7%a8%d7%99%d7%93%d7%95-%d7%90%d7%99%d7%a9%d7%94-%d7%9e%d7%a0%d7%92%d7%a0%d7%aa-%d7%91%d7%93%d7%99%d7%92/,,R2-046 · פוסט · https://www.eyalamit.co.il/%d7%a0%d7%a9%d7%99%d7%9d-%d7%9e%d7%a0%d7%92%d7%a0%d7%95%d7%aa-%d7%91%d7%93%d7%99%d7%92%d7%a8%d7%99%d7%93%d7%95-%d7%90%d7%99%d7%a9%d7%94-%d7%9e%d7%a0%d7%92%d7%a0%d7%aa-%d7%91%d7%93%d7%99%d7%92/,,
עמוד · נגינה ונשימה מעגלית בדיג,R2-047,POST-01,—,,,,בוצע,—,ברור,"הצגה כמו שחי/ישן, בלי ניסוח",אין סקירה — פוסט ארכיון חי,"סבב 2 גל 3: להעלות מה שיש. בלי ניסוח, בלי קיצור.",אותו path ב-200. בייטים מהאתר הישן/חי אם חסר. בלי ניסוח.,אימות נחיתה. העתקה מילה-במילה רק אם הסטייג'ינג ריק והישן מלא.,פוסט WP קיים · אין defaults.php חדש בלי אסקלציה,http://eyalamit-co-il-2026.s887.upress.link/%d7%a0%d7%a9%d7%99%d7%9e%d7%94-%d7%9e%d7%a2%d7%92%d7%9c%d7%99%d7%aa-%d7%91%d7%93%d7%99%d7%92%d7%a8%d7%99%d7%93%d7%95-%d7%98%d7%99%d7%a4%d7%95%d7%9c-%d7%a8%d7%99%d7%a4%d7%95%d7%99-%d7%a2%d7%a6/,,R2-047 · פוסט · https://www.eyalamit.co.il/%d7%a0%d7%a9%d7%99%d7%9e%d7%94-%d7%9e%d7%a2%d7%92%d7%9c%d7%99%d7%aa-%d7%91%d7%93%d7%99%d7%92%d7%a8%d7%99%d7%93%d7%95-%d7%98%d7%99%d7%a4%d7%95%d7%9c-%d7%a8%d7%99%d7%a4%d7%95%d7%99-%d7%a2%d7%a6/,,
עמוד · סדנת דיג'רידו קבוצתית מק,R2-048,POST-01,—,,,,בוצע,—,ברור,"הצגה כמו שחי/ישן, בלי ניסוח",אין סקירה — פוסט ארכיון חי,"סבב 2 גל 3: להעלות מה שיש. בלי ניסוח, בלי קיצור.",אותו path ב-200. בייטים מהאתר הישן/חי אם חסר. בלי ניסוח.,אימות נחיתה. העתקה מילה-במילה רק אם הסטייג'ינג ריק והישן מלא.,פוסט WP קיים · אין defaults.php חדש בלי אסקלציה,http://eyalamit-co-il-2026.s887.upress.link/%d7%a1%d7%93%d7%a0%d7%aa-%d7%93%d7%99%d7%92%d7%a8%d7%99%d7%93%d7%95-%d7%a7%d7%91%d7%95%d7%a6%d7%aa%d7%99%d7%aa-%d7%9e%d7%a7%d7%99%d7%a4%d7%94-%d7%95%d7%99%d7%99%d7%97%d7%95%d7%93%d7%99%d7%aa-%d7%9c/,,R2-048 · פוסט · https://www.eyalamit.co.il/%d7%a1%d7%93%d7%a0%d7%aa-%d7%93%d7%99%d7%92%d7%a8%d7%99%d7%93%d7%95-%d7%a7%d7%91%d7%95%d7%a6%d7%aa%d7%99%d7%aa-%d7%9e%d7%a7%d7%99%d7%a4%d7%94-%d7%95%d7%99%d7%99%d7%97%d7%95%d7%93%d7%99%d7%aa-%d7%9c/,,
עמוד · הזמנה לסדרת מפגשים אינטי,R2-049,POST-01,—,,,,בוצע,—,ברור,"הצגה כמו שחי/ישן, בלי ניסוח",אין סקירה — פוסט ארכיון חי,"סבב 2 גל 3: להעלות מה שיש. בלי ניסוח, בלי קיצור.",אותו path ב-200. בייטים מהאתר הישן/חי אם חסר. בלי ניסוח.,אימות נחיתה. העתקה מילה-במילה רק אם הסטייג'ינג ריק והישן מלא.,פוסט WP קיים · אין defaults.php חדש בלי אסקלציה,http://eyalamit-co-il-2026.s887.upress.link/%d7%a1%d7%99%d7%a4%d7%95%d7%a8%d7%99%d7%9d-%d7%9e%d7%94%d7%a0%d7%99%d7%99%d7%a8-%d7%a2%d7%9d-%d7%90%d7%99%d7%99%d7%9c-%d7%a2%d7%9e%d7%99%d7%aa/,,R2-049 · פוסט · https://www.eyalamit.co.il/%d7%a1%d7%99%d7%a4%d7%95%d7%a8%d7%99%d7%9d-%d7%9e%d7%94%d7%a0%d7%99%d7%99%d7%a8-%d7%a2%d7%9d-%d7%90%d7%99%d7%99%d7%9c-%d7%a2%d7%9e%d7%99%d7%aa/,,
עמוד · סרטים מהחיים – מופע הסיפ,R2-050,POST-01,—,,,,בוצע,—,ברור,"הצגה כמו שחי/ישן, בלי ניסוח",אין סקירה — פוסט ארכיון חי,"סבב 2 גל 3: להעלות מה שיש. בלי ניסוח, בלי קיצור.",אותו path ב-200. בייטים מהאתר הישן/חי אם חסר. בלי ניסוח.,אימות נחיתה. העתקה מילה-במילה רק אם הסטייג'ינג ריק והישן מלא.,פוסט WP קיים · אין defaults.php חדש בלי אסקלציה,http://eyalamit-co-il-2026.s887.upress.link/%d7%a1%d7%a8%d7%98%d7%99%d7%9d-%d7%9e%d7%94%d7%97%d7%99%d7%99%d7%9d-%d7%9e%d7%95%d7%a4%d7%a2-%d7%94%d7%a1%d7%99%d7%a4%d7%95%d7%a8%d7%99%d7%9d-%d7%a9%d7%9c-%d7%90%d7%99%d7%99%d7%9c-%d7%a2%d7%9e%d7%99/,,R2-050 · פוסט · https://www.eyalamit.co.il/%d7%a1%d7%a8%d7%98%d7%99%d7%9d-%d7%9e%d7%94%d7%97%d7%99%d7%99%d7%9d-%d7%9e%d7%95%d7%a4%d7%a2-%d7%94%d7%a1%d7%99%d7%a4%d7%95%d7%a8%d7%99%d7%9d-%d7%a9%d7%9c-%d7%90%d7%99%d7%99%d7%9c-%d7%a2%d7%9e%d7%99/,,
עמוד · עוד רגע מחייו של מורה לנ,R2-051,POST-01,—,,,,בוצע,—,ברור,"הצגה כמו שחי/ישן, בלי ניסוח",אין סקירה — פוסט ארכיון חי,"סבב 2 גל 3: להעלות מה שיש. בלי ניסוח, בלי קיצור.",אותו path ב-200. בייטים מהאתר הישן/חי אם חסר. בלי ניסוח.,אימות נחיתה. העתקה מילה-במילה רק אם הסטייג'ינג ריק והישן מלא.,פוסט WP קיים · אין defaults.php חדש בלי אסקלציה,http://eyalamit-co-il-2026.s887.upress.link/%d7%a2%d7%95%d7%93-%d7%a8%d7%92%d7%a2-%d7%9e%d7%97%d7%99%d7%99%d7%95-%d7%a9%d7%9c-%d7%9e%d7%95%d7%a8%d7%94-%d7%9c%d7%93%d7%99%d7%92%d7%a8%d7%99%d7%93%d7%95/,,R2-051 · פוסט · https://www.eyalamit.co.il/%d7%a2%d7%95%d7%93-%d7%a8%d7%92%d7%a2-%d7%9e%d7%97%d7%99%d7%99%d7%95-%d7%a9%d7%9c-%d7%9e%d7%95%d7%a8%d7%94-%d7%9c%d7%93%d7%99%d7%92%d7%a8%d7%99%d7%93%d7%95/,,
"עמוד · ""פרדס חפלה"" – הסיפור החד",R2-052,POST-01,—,,,,בוצע,—,ברור,"הצגה כמו שחי/ישן, בלי ניסוח",אין סקירה — פוסט ארכיון חי,"סבב 2 גל 3: להעלות מה שיש. בלי ניסוח, בלי קיצור.",אותו path ב-200. בייטים מהאתר הישן/חי אם חסר. בלי ניסוח.,אימות נחיתה. העתקה מילה-במילה רק אם הסטייג'ינג ריק והישן מלא.,פוסט WP קיים · אין defaults.php חדש בלי אסקלציה,http://eyalamit-co-il-2026.s887.upress.link/%d7%a2%d7%9b%d7%a9%d7%99%d7%95-%d7%94%d7%95%d7%a4%d7%a2%d7%94-%d7%91%d7%9e%d7%95%d7%a6%d7%a9-%d7%94%d7%a7%d7%a8%d7%95%d7%91-13-9-14-%d7%91%d7%a4%d7%a8%d7%93%d7%a1-%d7%97%d7%a0%d7%94/,,R2-052 · פוסט · https://www.eyalamit.co.il/%d7%a2%d7%9b%d7%a9%d7%99%d7%95-%d7%94%d7%95%d7%a4%d7%a2%d7%94-%d7%91%d7%9e%d7%95%d7%a6%d7%a9-%d7%94%d7%a7%d7%a8%d7%95%d7%91-13-9-14-%d7%91%d7%a4%d7%a8%d7%93%d7%a1-%d7%97%d7%a0%d7%94/,,
עמוד · שמרו התאריכים! תופעת יחי,R2-053,POST-01,—,,,,בוצע,—,ברור,"הצגה כמו שחי/ישן, בלי ניסוח",אין סקירה — פוסט ארכיון חי,"סבב 2 גל 3: להעלות מה שיש. בלי ניסוח, בלי קיצור.",אותו path ב-200. בייטים מהאתר הישן/חי אם חסר. בלי ניסוח.,אימות נחיתה. העתקה מילה-במילה רק אם הסטייג'ינג ריק והישן מלא.,פוסט WP קיים · אין defaults.php חדש בלי אסקלציה,http://eyalamit-co-il-2026.s887.upress.link/%d7%a2%d7%9b%d7%a9%d7%99%d7%95-%d7%9e%d7%95%d7%a4%d7%a2-%d7%94%d7%a1%d7%99%d7%a4%d7%95%d7%a8%d7%99%d7%9d-%d7%a9%d7%9c-%d7%90%d7%99%d7%99%d7%9c-%d7%a2%d7%9e%d7%99%d7%aa-%d7%aa%d7%95%d7%a4%d7%a2/,,R2-053 · פוסט · https://www.eyalamit.co.il/%d7%a2%d7%9b%d7%a9%d7%99%d7%95-%d7%9e%d7%95%d7%a4%d7%a2-%d7%94%d7%a1%d7%99%d7%a4%d7%95%d7%a8%d7%99%d7%9d-%d7%a9%d7%9c-%d7%90%d7%99%d7%99%d7%9c-%d7%a2%d7%9e%d7%99%d7%aa-%d7%aa%d7%95%d7%a4%d7%a2/,,
עמוד · עכשיו!!!! מופע הסיפורים ,R2-054,POST-01,—,,,,בוצע,—,ברור,"הצגה כמו שחי/ישן, בלי ניסוח",אין סקירה — פוסט ארכיון חי,"סבב 2 גל 3: להעלות מה שיש. בלי ניסוח, בלי קיצור.",אותו path ב-200. בייטים מהאתר הישן/חי אם חסר. בלי ניסוח.,אימות נחיתה. העתקה מילה-במילה רק אם הסטייג'ינג ריק והישן מלא.,פוסט WP קיים · אין defaults.php חדש בלי אסקלציה,http://eyalamit-co-il-2026.s887.upress.link/%d7%a2%d7%9b%d7%a9%d7%99%d7%95-%d7%9e%d7%95%d7%a4%d7%a2-%d7%94%d7%a1%d7%99%d7%a4%d7%95%d7%a8%d7%99%d7%9d-%d7%a9%d7%9c-%d7%90%d7%99%d7%99%d7%9c-%d7%a2%d7%9e%d7%99%d7%aa-15-11-14-%d7%91%d7%aa/,,R2-054 · פוסט · https://www.eyalamit.co.il/%d7%a2%d7%9b%d7%a9%d7%99%d7%95-%d7%9e%d7%95%d7%a4%d7%a2-%d7%94%d7%a1%d7%99%d7%a4%d7%95%d7%a8%d7%99%d7%9d-%d7%a9%d7%9c-%d7%90%d7%99%d7%99%d7%9c-%d7%a2%d7%9e%d7%99%d7%aa-15-11-14-%d7%91%d7%aa/,,
עמוד · הופעת בכורה בתל אביב!!! ,R2-055,POST-01,—,,,,בוצע,—,ברור,"הצגה כמו שחי/ישן, בלי ניסוח",אין סקירה — פוסט ארכיון חי,"סבב 2 גל 3: להעלות מה שיש. בלי ניסוח, בלי קיצור.",אותו path ב-200. בייטים מהאתר הישן/חי אם חסר. בלי ניסוח.,אימות נחיתה. העתקה מילה-במילה רק אם הסטייג'ינג ריק והישן מלא.,פוסט WP קיים · אין defaults.php חדש בלי אסקלציה,http://eyalamit-co-il-2026.s887.upress.link/%d7%a2%d7%9e%d7%99%d7%aa-%d7%91%d7%99%d6%b8%d7%93%d6%b4%d7%99%d7%aa-%d7%9e%d7%95%d7%a4%d7%a2-%d7%94%d7%a1%d7%99%d7%a4%d7%95%d7%a8%d7%99%d7%9d-%d7%a9%d7%9c-%d7%90%d7%99%d7%99%d7%9c-%d7%a2%d7%9e%d7%99/,,R2-055 · פוסט · https://www.eyalamit.co.il/%d7%a2%d7%9e%d7%99%d7%aa-%d7%91%d7%99%d6%b8%d7%93%d6%b4%d7%99%d7%aa-%d7%9e%d7%95%d7%a4%d7%a2-%d7%94%d7%a1%d7%99%d7%a4%d7%95%d7%a8%d7%99%d7%9d-%d7%a9%d7%9c-%d7%90%d7%99%d7%99%d7%9c-%d7%a2%d7%9e%d7%99/,,
"עמוד · צלילים מרפאים, תדרים מרפ",R2-056,POST-01,—,,,,בוצע,—,ברור,"הצגה כמו שחי/ישן, בלי ניסוח",אין סקירה — פוסט ארכיון חי,"סבב 2 גל 3: להעלות מה שיש. בלי ניסוח, בלי קיצור.",אותו path ב-200. בייטים מהאתר הישן/חי אם חסר. בלי ניסוח.,אימות נחיתה. העתקה מילה-במילה רק אם הסטייג'ינג ריק והישן מלא.,פוסט WP קיים · אין defaults.php חדש בלי אסקלציה,http://eyalamit-co-il-2026.s887.upress.link/%d7%a4%d7%95%d7%93%d7%a7%d7%90%d7%a1%d7%98-%d7%93%d7%99%d7%92%d7%a8%d7%99%d7%93%d7%95-%d7%95-%d7%a0%d7%a9%d7%99%d7%9e%d7%94-%d7%90%d7%99%d7%99%d7%9c-%d7%a2%d7%9e%d7%99%d7%aa-2/,,R2-056 · פוסט · https://www.eyalamit.co.il/%d7%a4%d7%95%d7%93%d7%a7%d7%90%d7%a1%d7%98-%d7%93%d7%99%d7%92%d7%a8%d7%99%d7%93%d7%95-%d7%95-%d7%a0%d7%a9%d7%99%d7%9e%d7%94-%d7%90%d7%99%d7%99%d7%9c-%d7%a2%d7%9e%d7%99%d7%aa-2/,,
עמוד · ראיון מלא (90 דקות) בפוד,R2-057,POST-01,—,,,,בוצע,—,ברור,"הצגה כמו שחי/ישן, בלי ניסוח",אין סקירה — פוסט ארכיון חי,"סבב 2 גל 3: להעלות מה שיש. בלי ניסוח, בלי קיצור.",אותו path ב-200. בייטים מהאתר הישן/חי אם חסר. בלי ניסוח.,אימות נחיתה. העתקה מילה-במילה רק אם הסטייג'ינג ריק והישן מלא.,פוסט WP קיים · אין defaults.php חדש בלי אסקלציה,http://eyalamit-co-il-2026.s887.upress.link/%d7%a4%d7%95%d7%93%d7%a7%d7%90%d7%a1%d7%98-%d7%93%d7%99%d7%92%d7%a8%d7%99%d7%93%d7%95-%d7%95-%d7%a0%d7%a9%d7%99%d7%9e%d7%94-%d7%90%d7%99%d7%99%d7%9c-%d7%a2%d7%9e%d7%99%d7%aa/,,R2-057 · פוסט · https://www.eyalamit.co.il/%d7%a4%d7%95%d7%93%d7%a7%d7%90%d7%a1%d7%98-%d7%93%d7%99%d7%92%d7%a8%d7%99%d7%93%d7%95-%d7%95-%d7%a0%d7%a9%d7%99%d7%9e%d7%94-%d7%90%d7%99%d7%99%d7%9c-%d7%a2%d7%9e%d7%99%d7%aa/,,
"עמוד · הכל אודות ריברסינג, נשימ",R2-058,POST-01,—,,,,בוצע,—,ברור,"הצגה כמו שחי/ישן, בלי ניסוח",אין סקירה — פוסט ארכיון חי,"סבב 2 גל 3: להעלות מה שיש. בלי ניסוח, בלי קיצור.",אותו path ב-200. בייטים מהאתר הישן/חי אם חסר. בלי ניסוח.,אימות נחיתה. העתקה מילה-במילה רק אם הסטייג'ינג ריק והישן מלא.,פוסט WP קיים · אין defaults.php חדש בלי אסקלציה,http://eyalamit-co-il-2026.s887.upress.link/%d7%a8%d7%99%d7%91%d7%a8%d7%a1%d7%99%d7%a0%d7%92-%d7%a0%d7%a9%d7%99%d7%9e%d7%94-%d7%9e%d7%a2%d7%92%d7%9c%d7%99%d7%aa-%d7%93%d7%99%d7%92%d7%a8%d7%99%d7%93%d7%95/,,R2-058 · פוסט · https://www.eyalamit.co.il/%d7%a8%d7%99%d7%91%d7%a8%d7%a1%d7%99%d7%a0%d7%92-%d7%a0%d7%a9%d7%99%d7%9e%d7%94-%d7%9e%d7%a2%d7%92%d7%9c%d7%99%d7%aa-%d7%93%d7%99%d7%92%d7%a8%d7%99%d7%93%d7%95/,,
"עמוד · ""שנה לחוק הספרים- צניחה ",R2-059,POST-01,—,,,,בוצע,—,ברור,"הצגה כמו שחי/ישן, בלי ניסוח",אין סקירה — פוסט ארכיון חי,"סבב 2 גל 3: להעלות מה שיש. בלי ניסוח, בלי קיצור.",אותו path ב-200. בייטים מהאתר הישן/חי אם חסר. בלי ניסוח.,אימות נחיתה. העתקה מילה-במילה רק אם הסטייג'ינג ריק והישן מלא.,פוסט WP קיים · אין defaults.php חדש בלי אסקלציה,http://eyalamit-co-il-2026.s887.upress.link/%d7%a9%d7%a0%d7%94-%d7%9c%d7%97%d7%95%d7%a7-%d7%94%d7%a1%d7%a4%d7%a8%d7%99%d7%9d-%d7%a6%d7%a0%d7%99%d7%97%d7%94-%d7%a9%d7%9c-35-%d7%91%d7%9e%d7%9b%d7%99%d7%a8%d7%95%d7%aa-%d7%a9%d7%9c-%d7%a1%d7%a4/,,R2-059 · פוסט · https://www.eyalamit.co.il/%d7%a9%d7%a0%d7%94-%d7%9c%d7%97%d7%95%d7%a7-%d7%94%d7%a1%d7%a4%d7%a8%d7%99%d7%9d-%d7%a6%d7%a0%d7%99%d7%97%d7%94-%d7%a9%d7%9c-35-%d7%91%d7%9e%d7%9b%d7%99%d7%a8%d7%95%d7%aa-%d7%a9%d7%9c-%d7%a1%d7%a4/,,
"עמוד · מה חושבים על המופע ""תופע",R2-060,POST-01,—,,,,בוצע,—,ברור,"הצגה כמו שחי/ישן, בלי ניסוח",אין סקירה — פוסט ארכיון חי,"סבב 2 גל 3: להעלות מה שיש. בלי ניסוח, בלי קיצור.",אותו path ב-200. בייטים מהאתר הישן/חי אם חסר. בלי ניסוח.,אימות נחיתה. העתקה מילה-במילה רק אם הסטייג'ינג ריק והישן מלא.,פוסט WP קיים · אין defaults.php חדש בלי אסקלציה,http://eyalamit-co-il-2026.s887.upress.link/%d7%a9%d7%a0%d7%99-%d7%aa%d7%90%d7%a8%d7%99%d7%9b%d7%99%d7%9d-%d7%a7%d7%a8%d7%95%d7%91%d7%99%d7%9d-%d7%9c%d7%9e%d7%95%d7%a4%d7%a2-%d7%94%d7%a1%d7%99%d7%a4%d7%95%d7%a8%d7%99%d7%9d-%d7%a9%d7%9c-%d7%90/,,R2-060 · פוסט · https://www.eyalamit.co.il/%d7%a9%d7%a0%d7%99-%d7%aa%d7%90%d7%a8%d7%99%d7%9b%d7%99%d7%9d-%d7%a7%d7%a8%d7%95%d7%91%d7%99%d7%9d-%d7%9c%d7%9e%d7%95%d7%a4%d7%a2-%d7%94%d7%a1%d7%99%d7%a4%d7%95%d7%a8%d7%99%d7%9d-%d7%a9%d7%9c-%d7%90/,,
עמוד · תלמידים ומטופלים ממליצים,R2-061,POST-01,—,,,,בוצע,—,ברור,"הצגה כמו שחי/ישן, בלי ניסוח",אין סקירה — פוסט ארכיון חי,"סבב 2 גל 3: להעלות מה שיש. בלי ניסוח, בלי קיצור.",אותו path ב-200. בייטים מהאתר הישן/חי אם חסר. בלי ניסוח.,אימות נחיתה. העתקה מילה-במילה רק אם הסטייג'ינג ריק והישן מלא.,פוסט WP קיים · אין defaults.php חדש בלי אסקלציה,http://eyalamit-co-il-2026.s887.upress.link/%d7%aa%d7%9c%d7%9e%d7%99%d7%93%d7%99%d7%9d-%d7%95%d7%9e%d7%98%d7%95%d7%a4%d7%9c%d7%99%d7%9d-%d7%9e%d7%9e%d7%9c%d7%99%d7%a6%d7%99%d7%9d-%d7%a2%d7%9c-%d7%94%d7%9e%d7%a8%d7%9b%d7%96-%d7%9c%d7%98%d7%99/,,R2-061 · פוסט · https://www.eyalamit.co.il/%d7%aa%d7%9c%d7%9e%d7%99%d7%93%d7%99%d7%9d-%d7%95%d7%9e%d7%98%d7%95%d7%a4%d7%9c%d7%99%d7%9d-%d7%9e%d7%9e%d7%9c%d7%99%d7%a6%d7%99%d7%9d-%d7%a2%d7%9c-%d7%94%d7%9e%d7%a8%d7%9b%d7%96-%d7%9c%d7%98%d7%99/,,
עמוד · 100% !!!!!!! 100%  !!!!!,R2-062,POST-01,—,,,,בוצע,—,ברור,"הצגה כמו שחי/ישן, בלי ניסוח",אין סקירה — פוסט ארכיון חי,"סבב 2 גל 3: להעלות מה שיש. בלי ניסוח, בלי קיצור.",אותו path ב-200. בייטים מהאתר הישן/חי אם חסר. בלי ניסוח.,אימות נחיתה. העתקה מילה-במילה רק אם הסטייג'ינג ריק והישן מלא.,פוסט WP קיים · אין defaults.php חדש בלי אסקלציה,http://eyalamit-co-il-2026.s887.upress.link/100-100-100-%d7%aa%d7%95%d7%93%d7%94/,,R2-062 · פוסט · https://www.eyalamit.co.il/100-100-100-%d7%aa%d7%95%d7%93%d7%94/,,
עמוד · (18) הטור של אייל עמית- ,R2-063,POST-01,—,,,,בוצע,—,ברור,"הצגה כמו שחי/ישן, בלי ניסוח",אין סקירה — פוסט ארכיון חי,"סבב 2 גל 3: להעלות מה שיש. בלי ניסוח, בלי קיצור.",אותו path ב-200. בייטים מהאתר הישן/חי אם חסר. בלי ניסוח.,אימות נחיתה. העתקה מילה-במילה רק אם הסטייג'ינג ריק והישן מלא.,פוסט WP קיים · אין defaults.php חדש בלי אסקלציה,http://eyalamit-co-il-2026.s887.upress.link/18-%d7%94%d7%98%d7%95%d7%a8-%d7%a9%d7%9c-%d7%90%d7%99%d7%99%d7%9c-%d7%a2%d7%9e%d7%99%d7%aa-%d7%9e%d7%a1%d7%9a-%d7%94%d7%91%d7%a8%d7%96%d7%9c/,,R2-063 · פוסט · https://www.eyalamit.co.il/18-%d7%94%d7%98%d7%95%d7%a8-%d7%a9%d7%9c-%d7%90%d7%99%d7%99%d7%9c-%d7%a2%d7%9e%d7%99%d7%aa-%d7%9e%d7%a1%d7%9a-%d7%94%d7%91%d7%a8%d7%96%d7%9c/,,
עמוד · 2.8 תופעת יחיד בצוותא – ,R2-064,POST-01,—,,,,בוצע,—,ברור,"הצגה כמו שחי/ישן, בלי ניסוח",אין סקירה — פוסט ארכיון חי,"סבב 2 גל 3: להעלות מה שיש. בלי ניסוח, בלי קיצור.",אותו path ב-200. בייטים מהאתר הישן/חי אם חסר. בלי ניסוח.,אימות נחיתה. העתקה מילה-במילה רק אם הסטייג'ינג ריק והישן מלא.,פוסט WP קיים · אין defaults.php חדש בלי אסקלציה,http://eyalamit-co-il-2026.s887.upress.link/2-8-%d7%9e%d7%95%d7%a4%d7%a2-%d7%91%d7%a6%d7%95%d7%95%d7%aa%d7%90-20-%d7%9e%d7%94%d7%9e%d7%a7%d7%95%d7%9e%d7%95%d7%aa-%d7%91%d7%90%d7%95%d7%9c%d7%9d-%d7%97%d7%99%d7%a0%d7%9d-%d7%9c%d7%aa%d7%95%d7%a9/,,R2-064 · פוסט · https://www.eyalamit.co.il/2-8-%d7%9e%d7%95%d7%a4%d7%a2-%d7%91%d7%a6%d7%95%d7%95%d7%aa%d7%90-20-%d7%9e%d7%94%d7%9e%d7%a7%d7%95%d7%9e%d7%95%d7%aa-%d7%91%d7%90%d7%95%d7%9c%d7%9d-%d7%97%d7%99%d7%a0%d7%9d-%d7%9c%d7%aa%d7%95%d7%a9/,,
עמוד · R2-065,R2-065,POST-01,—,,,,בוצע,—,ברור,"הצגה כמו שחי/ישן, בלי ניסוח",אין סקירה — פוסט ארכיון חי,"סבב 2 גל 3: להעלות מה שיש. בלי ניסוח, בלי קיצור.",אותו path ב-200. בייטים מהאתר הישן/חי אם חסר. בלי ניסוח.,אימות נחיתה. העתקה מילה-במילה רק אם הסטייג'ינג ריק והישן מלא.,פוסט WP קיים · אין defaults.php חדש בלי אסקלציה,http://eyalamit-co-il-2026.s887.upress.link/2228-2/,,R2-065 · פוסט · https://www.eyalamit.co.il/2228-2/,,
עמוד · (23) הטור של אייל עמית- ,R2-066,POST-01,—,,,,בוצע,—,ברור,"הצגה כמו שחי/ישן, בלי ניסוח",אין סקירה — פוסט ארכיון חי,"סבב 2 גל 3: להעלות מה שיש. בלי ניסוח, בלי קיצור.",אותו path ב-200. בייטים מהאתר הישן/חי אם חסר. בלי ניסוח.,אימות נחיתה. העתקה מילה-במילה רק אם הסטייג'ינג ריק והישן מלא.,פוסט WP קיים · אין defaults.php חדש בלי אסקלציה,http://eyalamit-co-il-2026.s887.upress.link/23-%d7%94%d7%98%d7%95%d7%a8-%d7%a9%d7%9c-%d7%90%d7%99%d7%99%d7%9c-%d7%a2%d7%9e%d7%99%d7%aa-%d7%9c%d7%a6%d7%99%d7%99%d7%aa-%d7%90%d7%95-%d7%9c%d7%97%d7%a9%d7%95%d7%91/,,R2-066 · פוסט · https://www.eyalamit.co.il/23-%d7%94%d7%98%d7%95%d7%a8-%d7%a9%d7%9c-%d7%90%d7%99%d7%99%d7%9c-%d7%a2%d7%9e%d7%99%d7%aa-%d7%9c%d7%a6%d7%99%d7%99%d7%aa-%d7%90%d7%95-%d7%9c%d7%97%d7%a9%d7%95%d7%91/,,
עמוד · (27) הטור של אייל עמית- ,R2-067,POST-01,—,,,,בוצע,—,ברור,"הצגה כמו שחי/ישן, בלי ניסוח",אין סקירה — פוסט ארכיון חי,"סבב 2 גל 3: להעלות מה שיש. בלי ניסוח, בלי קיצור.",אותו path ב-200. בייטים מהאתר הישן/חי אם חסר. בלי ניסוח.,אימות נחיתה. העתקה מילה-במילה רק אם הסטייג'ינג ריק והישן מלא.,פוסט WP קיים · אין defaults.php חדש בלי אסקלציה,http://eyalamit-co-il-2026.s887.upress.link/27-%d7%94%d7%98%d7%95%d7%a8-%d7%a9%d7%9c-%d7%90%d7%99%d7%99%d7%9c-%d7%a2%d7%9e%d7%99%d7%aa-%d7%97%d7%9b%d7%9e%d7%aa-%d7%94%d7%a4%d7%a8%d7%a6%d7%95%d7%a3/,,R2-067 · פוסט · https://www.eyalamit.co.il/27-%d7%94%d7%98%d7%95%d7%a8-%d7%a9%d7%9c-%d7%90%d7%99%d7%99%d7%9c-%d7%a2%d7%9e%d7%99%d7%aa-%d7%97%d7%9b%d7%9e%d7%aa-%d7%94%d7%a4%d7%a8%d7%a6%d7%95%d7%a3/,,
עמוד · (29) הטור של אייל עמית- ,R2-068,POST-01,—,,,,בוצע,—,ברור,"הצגה כמו שחי/ישן, בלי ניסוח",אין סקירה — פוסט ארכיון חי,"סבב 2 גל 3: להעלות מה שיש. בלי ניסוח, בלי קיצור.",אותו path ב-200. בייטים מהאתר הישן/חי אם חסר. בלי ניסוח.,אימות נחיתה. העתקה מילה-במילה רק אם הסטייג'ינג ריק והישן מלא.,פוסט WP קיים · אין defaults.php חדש בלי אסקלציה,http://eyalamit-co-il-2026.s887.upress.link/29-%d7%94%d7%98%d7%95%d7%a8-%d7%a9%d7%9c-%d7%90%d7%99%d7%99%d7%9c-%d7%a2%d7%9e%d7%99%d7%aa-%d7%a8%d7%99%d7%99%d7%91-%d7%a9%d7%91%d7%95%d7%a2-%d7%94%d7%a1%d7%a4%d7%a8/,,R2-068 · פוסט · https://www.eyalamit.co.il/29-%d7%94%d7%98%d7%95%d7%a8-%d7%a9%d7%9c-%d7%90%d7%99%d7%99%d7%9c-%d7%a2%d7%9e%d7%99%d7%aa-%d7%a8%d7%99%d7%99%d7%91-%d7%a9%d7%91%d7%95%d7%a2-%d7%94%d7%a1%d7%a4%d7%a8/,,
עמוד · (32) הטור של אייל עמית- ,R2-069,POST-01,—,,,,בוצע,—,ברור,"הצגה כמו שחי/ישן, בלי ניסוח",אין סקירה — פוסט ארכיון חי,"סבב 2 גל 3: להעלות מה שיש. בלי ניסוח, בלי קיצור.",אותו path ב-200. בייטים מהאתר הישן/חי אם חסר. בלי ניסוח.,אימות נחיתה. העתקה מילה-במילה רק אם הסטייג'ינג ריק והישן מלא.,פוסט WP קיים · אין defaults.php חדש בלי אסקלציה,http://eyalamit-co-il-2026.s887.upress.link/32-%d7%94%d7%98%d7%95%d7%a8-%d7%a9%d7%9c-%d7%90%d7%99%d7%99%d7%9c-%d7%a2%d7%9e%d7%99%d7%aa-%d7%90%d7%9d-%d7%90%d7%99%d7%9f-%d7%90%d7%a0%d7%99-%d7%9c%d7%99-%d7%9e%d7%99-%d7%9c%d7%99/,,R2-069 · פוסט · https://www.eyalamit.co.il/32-%d7%94%d7%98%d7%95%d7%a8-%d7%a9%d7%9c-%d7%90%d7%99%d7%99%d7%9c-%d7%a2%d7%9e%d7%99%d7%aa-%d7%90%d7%9d-%d7%90%d7%99%d7%9f-%d7%90%d7%a0%d7%99-%d7%9c%d7%99-%d7%9e%d7%99-%d7%9c%d7%99/,,
עמוד · (34) הטור של אייל עמית- ,R2-070,POST-01,—,,,,בוצע,—,ברור,"הצגה כמו שחי/ישן, בלי ניסוח",אין סקירה — פוסט ארכיון חי,"סבב 2 גל 3: להעלות מה שיש. בלי ניסוח, בלי קיצור.",אותו path ב-200. בייטים מהאתר הישן/חי אם חסר. בלי ניסוח.,אימות נחיתה. העתקה מילה-במילה רק אם הסטייג'ינג ריק והישן מלא.,פוסט WP קיים · אין defaults.php חדש בלי אסקלציה,http://eyalamit-co-il-2026.s887.upress.link/34-%d7%94%d7%98%d7%95%d7%a8-%d7%a9%d7%9c-%d7%90%d7%99%d7%99%d7%9c-%d7%a2%d7%9e%d7%99%d7%aa-%d7%94%d7%9c%d7%91/,,R2-070 · פוסט · https://www.eyalamit.co.il/34-%d7%94%d7%98%d7%95%d7%a8-%d7%a9%d7%9c-%d7%90%d7%99%d7%99%d7%9c-%d7%a2%d7%9e%d7%99%d7%aa-%d7%94%d7%9c%d7%91/,,
עמוד · (36) הטור של אייל עמית- ,R2-071,POST-01,—,,,,בוצע,—,ברור,"הצגה כמו שחי/ישן, בלי ניסוח",אין סקירה — פוסט ארכיון חי,"סבב 2 גל 3: להעלות מה שיש. בלי ניסוח, בלי קיצור.",אותו path ב-200. בייטים מהאתר הישן/חי אם חסר. בלי ניסוח.,אימות נחיתה. העתקה מילה-במילה רק אם הסטייג'ינג ריק והישן מלא.,פוסט WP קיים · אין defaults.php חדש בלי אסקלציה,http://eyalamit-co-il-2026.s887.upress.link/36-%d7%94%d7%98%d7%95%d7%a8-%d7%a9%d7%9c-%d7%90%d7%99%d7%99%d7%9c-%d7%a2%d7%9e%d7%99%d7%aa-%d7%a9%d7%99%d7%98%d7%aa-%d7%94%d7%a9%d7%a7%d7%a9%d7%95%d7%a7%d7%94/,,R2-071 · פוסט · https://www.eyalamit.co.il/36-%d7%94%d7%98%d7%95%d7%a8-%d7%a9%d7%9c-%d7%90%d7%99%d7%99%d7%9c-%d7%a2%d7%9e%d7%99%d7%aa-%d7%a9%d7%99%d7%98%d7%aa-%d7%94%d7%a9%d7%a7%d7%a9%d7%95%d7%a7%d7%94/,,
עמוד · (40) הטור של אייל עמית- ,R2-072,POST-01,—,,,,בוצע,—,ברור,"הצגה כמו שחי/ישן, בלי ניסוח",אין סקירה — פוסט ארכיון חי,"סבב 2 גל 3: להעלות מה שיש. בלי ניסוח, בלי קיצור.",אותו path ב-200. בייטים מהאתר הישן/חי אם חסר. בלי ניסוח.,אימות נחיתה. העתקה מילה-במילה רק אם הסטייג'ינג ריק והישן מלא.,פוסט WP קיים · אין defaults.php חדש בלי אסקלציה,http://eyalamit-co-il-2026.s887.upress.link/40-%d7%94%d7%98%d7%95%d7%a8-%d7%a9%d7%9c-%d7%90%d7%99%d7%99%d7%9c-%d7%a2%d7%9e%d7%99%d7%aa-%d7%a4%d7%a8%d7%a1%d7%95%d7%9e%d7%aa-%d7%90%d7%97%d7%aa-%d7%95%d7%97%d7%96%d7%a8%d7%a0%d7%95/,,R2-072 · פוסט · https://www.eyalamit.co.il/40-%d7%94%d7%98%d7%95%d7%a8-%d7%a9%d7%9c-%d7%90%d7%99%d7%99%d7%9c-%d7%a2%d7%9e%d7%99%d7%aa-%d7%a4%d7%a8%d7%a1%d7%95%d7%9e%d7%aa-%d7%90%d7%97%d7%aa-%d7%95%d7%97%d7%96%d7%a8%d7%a0%d7%95/,,
עמוד · (41) הטור של אייל עמית- ,R2-073,POST-01,—,,,,בוצע,—,ברור,"הצגה כמו שחי/ישן, בלי ניסוח",אין סקירה — פוסט ארכיון חי,"סבב 2 גל 3: להעלות מה שיש. בלי ניסוח, בלי קיצור.",אותו path ב-200. בייטים מהאתר הישן/חי אם חסר. בלי ניסוח.,אימות נחיתה. העתקה מילה-במילה רק אם הסטייג'ינג ריק והישן מלא.,פוסט WP קיים · אין defaults.php חדש בלי אסקלציה,http://eyalamit-co-il-2026.s887.upress.link/41-%d7%94%d7%98%d7%95%d7%a8-%d7%a9%d7%9c-%d7%90%d7%99%d7%99%d7%9c-%d7%a2%d7%9e%d7%99%d7%aa-%d7%97%d7%90%d7%a8%d7%98%d7%94-%d7%91%d7%90%d7%a8%d7%98%d7%94/,,R2-073 · פוסט · https://www.eyalamit.co.il/41-%d7%94%d7%98%d7%95%d7%a8-%d7%a9%d7%9c-%d7%90%d7%99%d7%99%d7%9c-%d7%a2%d7%9e%d7%99%d7%aa-%d7%97%d7%90%d7%a8%d7%98%d7%94-%d7%91%d7%90%d7%a8%d7%98%d7%94/,,
עמוד · (42) הטור של אייל עמית- ,R2-074,POST-01,—,,,,בוצע,—,ברור,"הצגה כמו שחי/ישן, בלי ניסוח",אין סקירה — פוסט ארכיון חי,"סבב 2 גל 3: להעלות מה שיש. בלי ניסוח, בלי קיצור.",אותו path ב-200. בייטים מהאתר הישן/חי אם חסר. בלי ניסוח.,אימות נחיתה. העתקה מילה-במילה רק אם הסטייג'ינג ריק והישן מלא.,פוסט WP קיים · אין defaults.php חדש בלי אסקלציה,http://eyalamit-co-il-2026.s887.upress.link/42-%d7%94%d7%98%d7%95%d7%a8-%d7%a9%d7%9c-%d7%90%d7%99%d7%99%d7%9c-%d7%a2%d7%9e%d7%99%d7%aa-%d7%90%d7%97%d7%93-%d7%91%d7%a1%d7%a4%d7%98%d7%9e%d7%91%d7%a8/,,R2-074 · פוסט · https://www.eyalamit.co.il/42-%d7%94%d7%98%d7%95%d7%a8-%d7%a9%d7%9c-%d7%90%d7%99%d7%99%d7%9c-%d7%a2%d7%9e%d7%99%d7%aa-%d7%90%d7%97%d7%93-%d7%91%d7%a1%d7%a4%d7%98%d7%9e%d7%91%d7%a8/,,
עמוד · (43) הטור של אייל עמית- ,R2-075,POST-01,—,,,,בוצע,—,ברור,"הצגה כמו שחי/ישן, בלי ניסוח",אין סקירה — פוסט ארכיון חי,"סבב 2 גל 3: להעלות מה שיש. בלי ניסוח, בלי קיצור.",אותו path ב-200. בייטים מהאתר הישן/חי אם חסר. בלי ניסוח.,אימות נחיתה. העתקה מילה-במילה רק אם הסטייג'ינג ריק והישן מלא.,פוסט WP קיים · אין defaults.php חדש בלי אסקלציה,http://eyalamit-co-il-2026.s887.upress.link/43-%d7%94%d7%98%d7%95%d7%a8-%d7%a9%d7%9c-%d7%90%d7%99%d7%99%d7%9c-%d7%a2%d7%9e%d7%99%d7%aa-%d7%90%d7%93%d7%95%d7%9f-%d7%a1%d7%9c%d7%99%d7%97%d7%95%d7%aa/,,R2-075 · פוסט · https://www.eyalamit.co.il/43-%d7%94%d7%98%d7%95%d7%a8-%d7%a9%d7%9c-%d7%90%d7%99%d7%99%d7%9c-%d7%a2%d7%9e%d7%99%d7%aa-%d7%90%d7%93%d7%95%d7%9f-%d7%a1%d7%9c%d7%99%d7%97%d7%95%d7%aa/,,
עמוד · (45) הטור של אייל עמית- ,R2-076,POST-01,—,,,,בוצע,—,ברור,"הצגה כמו שחי/ישן, בלי ניסוח",אין סקירה — פוסט ארכיון חי,"סבב 2 גל 3: להעלות מה שיש. בלי ניסוח, בלי קיצור.",אותו path ב-200. בייטים מהאתר הישן/חי אם חסר. בלי ניסוח.,אימות נחיתה. העתקה מילה-במילה רק אם הסטייג'ינג ריק והישן מלא.,פוסט WP קיים · אין defaults.php חדש בלי אסקלציה,http://eyalamit-co-il-2026.s887.upress.link/45-%d7%94%d7%98%d7%95%d7%a8-%d7%a9%d7%9c-%d7%90%d7%99%d7%99%d7%9c-%d7%a2%d7%9e%d7%99%d7%aa-%d7%a4%d7%a8%d7%95%d7%a4%d7%95%d7%a8%d7%a6%d7%99%d7%95%d7%aa/,,R2-076 · פוסט · https://www.eyalamit.co.il/45-%d7%94%d7%98%d7%95%d7%a8-%d7%a9%d7%9c-%d7%90%d7%99%d7%99%d7%9c-%d7%a2%d7%9e%d7%99%d7%aa-%d7%a4%d7%a8%d7%95%d7%a4%d7%95%d7%a8%d7%a6%d7%99%d7%95%d7%aa/,,
עמוד · זמן חלום (וידאו בלוג) – ,R2-077,POST-01,—,,,,בוצע,—,ברור,"הצגה כמו שחי/ישן, בלי ניסוח",אין סקירה — פוסט ארכיון חי,"סבב 2 גל 3: להעלות מה שיש. בלי ניסוח, בלי קיצור.",אותו path ב-200. בייטים מהאתר הישן/חי אם חסר. בלי ניסוח.,אימות נחיתה. העתקה מילה-במילה רק אם הסטייג'ינג ריק והישן מלא.,פוסט WP קיים · אין defaults.php חדש בלי אסקלציה,http://eyalamit-co-il-2026.s887.upress.link/47-%d7%94%d7%98%d7%95%d7%a8-%d7%a9%d7%9c-%d7%90%d7%99%d7%99%d7%9c-%d7%a2%d7%9e%d7%99%d7%aa-%d7%96%d7%9e%d7%9f-%d7%97%d7%9c%d7%95%d7%9d/,,R2-077 · פוסט · https://www.eyalamit.co.il/47-%d7%94%d7%98%d7%95%d7%a8-%d7%a9%d7%9c-%d7%90%d7%99%d7%99%d7%9c-%d7%a2%d7%9e%d7%99%d7%aa-%d7%96%d7%9e%d7%9f-%d7%97%d7%9c%d7%95%d7%9d/,,
עמוד · (49) הטור של אייל עמית- ,R2-078,POST-01,—,,,,בוצע,—,ברור,"הצגה כמו שחי/ישן, בלי ניסוח",אין סקירה — פוסט ארכיון חי,"סבב 2 גל 3: להעלות מה שיש. בלי ניסוח, בלי קיצור.",אותו path ב-200. בייטים מהאתר הישן/חי אם חסר. בלי ניסוח.,אימות נחיתה. העתקה מילה-במילה רק אם הסטייג'ינג ריק והישן מלא.,פוסט WP קיים · אין defaults.php חדש בלי אסקלציה,http://eyalamit-co-il-2026.s887.upress.link/49-%d7%94%d7%98%d7%95%d7%a8-%d7%a9%d7%9c-%d7%90%d7%99%d7%99%d7%9c-%d7%a2%d7%9e%d7%99%d7%aa-%d7%a7%d7%95%d7%9e%d7%99%d7%a7-%d7%a8%d7%9c%d7%99%d7%a3/,,R2-078 · פוסט · https://www.eyalamit.co.il/49-%d7%94%d7%98%d7%95%d7%a8-%d7%a9%d7%9c-%d7%90%d7%99%d7%99%d7%9c-%d7%a2%d7%9e%d7%99%d7%aa-%d7%a7%d7%95%d7%9e%d7%99%d7%a7-%d7%a8%d7%9c%d7%99%d7%a3/,,
עמוד · (51) הטור של אייל עמית- ,R2-079,POST-01,—,,,,בוצע,—,ברור,"הצגה כמו שחי/ישן, בלי ניסוח",אין סקירה — פוסט ארכיון חי,"סבב 2 גל 3: להעלות מה שיש. בלי ניסוח, בלי קיצור.",אותו path ב-200. בייטים מהאתר הישן/חי אם חסר. בלי ניסוח.,אימות נחיתה. העתקה מילה-במילה רק אם הסטייג'ינג ריק והישן מלא.,פוסט WP קיים · אין defaults.php חדש בלי אסקלציה,http://eyalamit-co-il-2026.s887.upress.link/51-%d7%94%d7%98%d7%95%d7%a8-%d7%a9%d7%9c-%d7%90%d7%99%d7%99%d7%9c-%d7%a2%d7%9e%d7%99%d7%aa-%d7%90%d7%a7%d7%a1%d7%98%d7%a8%d7%99%d7%9d-%d7%96%d7%94-%d7%a0%d7%a2%d7%99%d7%9d/,,R2-079 · פוסט · https://www.eyalamit.co.il/51-%d7%94%d7%98%d7%95%d7%a8-%d7%a9%d7%9c-%d7%90%d7%99%d7%99%d7%9c-%d7%a2%d7%9e%d7%99%d7%aa-%d7%90%d7%a7%d7%a1%d7%98%d7%a8%d7%99%d7%9d-%d7%96%d7%94-%d7%a0%d7%a2%d7%99%d7%9d/,,
"עמוד · פרוייקט ""מטיילים מצטלמים",R2-080,POST-01,—,,,,בוצע,—,ברור,"הצגה כמו שחי/ישן, בלי ניסוח",אין סקירה — פוסט ארכיון חי,"סבב 2 גל 3: להעלות מה שיש. בלי ניסוח, בלי קיצור.",אותו path ב-200. בייטים מהאתר הישן/חי אם חסר. בלי ניסוח.,אימות נחיתה. העתקה מילה-במילה רק אם הסטייג'ינג ריק והישן מלא.,פוסט WP קיים · אין defaults.php חדש בלי אסקלציה,http://eyalamit-co-il-2026.s887.upress.link/60-%d7%94%d7%98%d7%95%d7%a8-%d7%a9%d7%9c-%d7%90%d7%99%d7%99%d7%9c-%d7%a2%d7%9e%d7%99%d7%aa-%d7%90%d7%99%d7%99-%d7%90%d7%9d-%d7%91%d7%a7/,,R2-080 · פוסט · https://www.eyalamit.co.il/60-%d7%94%d7%98%d7%95%d7%a8-%d7%a9%d7%9c-%d7%90%d7%99%d7%99%d7%9c-%d7%a2%d7%9e%d7%99%d7%aa-%d7%90%d7%99%d7%99-%d7%90%d7%9d-%d7%91%d7%a7/,,
עמוד · הצהרת נגישות,R2-003,LEG-01,קרא את טיוטת הנגישות. אשר הדבקה או עצור.,,,,ממתין להכרעת נימרוד,נימרוד,לא ברור,טיוטת מחקר נגישות — בלי הדבקה,אחרי אישור נימרוד,גל 4 חסימה: אין הדבקה לפני שראית את שלוש הטיוטות.,טיוטה לפי דין ישראלי + מה שנכון לאתר.,GO-W4-PASTE או HOLD-W4. לא PHP עד אז.,DRAFT-R2-003-ACCESSIBILITY-2026-08-25.md,http://eyalamit-co-il-2026.s887.upress.link/accessibility/,GO-W4-PASTE · HOLD-W4,R2-003 · E-R2-05,,
עמוד · מדיניות פרטיות,R2-016,LEG-01,קרא את טיוטת הפרטיות. אשר הדבקה או עצור.,,,,ממתין להכרעת נימרוד,נימרוד,לא ברור,טיוטת מחקר פרטיות — בלי הדבקה,אחרי אישור נימרוד,גל 4 חסימה.,טיוטה לפי חוק הגנת הפרטיות + מה שנכון לאתר.,GO-W4-PASTE או HOLD-W4.,DRAFT-R2-016-PRIVACY-2026-08-25.md,http://eyalamit-co-il-2026.s887.upress.link/privacy/,GO-W4-PASTE · HOLD-W4,R2-016 · E-R2-05,,
עמוד · תקנון,R2-022,LEG-01,קרא את טיוטת התקנון. אשר הדבקה או עצור.,,,,ממתין להכרעת נימרוד,נימרוד,לא ברור,טיוטת מחקר תקנון — בלי הדבקה,אחרי אישור נימרוד,גל 4 חסימה.,טיוטה שתואמת אתר בלי סל מקומי.,GO-W4-PASTE או HOLD-W4.,DRAFT-R2-022-TERMS-2026-08-25.md,http://eyalamit-co-il-2026.s887.upress.link/terms/,GO-W4-PASTE · HOLD-W4,R2-022 · E-R2-05,,
עמוד · אודות אייל עמית,R2-001,ARC-01,יש ביוגרפיה קצרה באודות ועמוד ארוך באייל עמית. מה משאירים לגולש?,,,,ממתין לאייל,אייל,לא ברור,ארכיון חי + סימון על העץ,E-R2-01,גל 5: להשאיר חי. לא להמציא חבילה. לא 301 מאודות.,URL חי על העץ. שאלה לאייל בלבד.,סימון E-R2 על העץ הגרפי. בלי PHP.,TREE-S006-R2-GRAPHIC-2026-08-25.md,http://eyalamit-co-il-2026.s887.upress.link/about/,301 מאודות אל אייל עמית · להשאיר שני עמודים · למזג את הקצר לתוך הארוך,R2-001 · E-R2-01,,
עמוד · כתבות היסטוריות,R2-006,ARC-01,כתבות היסטוריות חיות כ-placeholder. לאשר כארכיון חי?,,,,ממתין לאייל,אייל,לא ברור,ארכיון חי + סימון על העץ,E-R2-04,גל 5: להשאיר חי. לא להמציא חבילה. לא 301 מאודות.,URL חי על העץ. שאלה לאייל בלבד.,סימון E-R2 על העץ הגרפי. בלי PHP.,TREE-S006-R2-GRAPHIC-2026-08-25.md,http://eyalamit-co-il-2026.s887.upress.link/historical-articles/,אושר כארכיון · יש תיקון (פרט),R2-006 · E-R2-04,,
עמוד · קורסים (סקולר - חיצוני),R2-007,ARC-01,העמוד חי כ-placeholder בלי קישורי רכישה. מה עושים?,,,,ממתין לאייל,אייל,לא ברור,ארכיון חי + סימון על העץ,E-R2-03,גל 5: להשאיר חי. לא להמציא חבילה. לא 301 מאודות.,URL חי על העץ. שאלה לאייל בלבד.,סימון E-R2 על העץ הגרפי. בלי PHP.,TREE-S006-R2-GRAPHIC-2026-08-25.md,http://eyalamit-co-il-2026.s887.upress.link/learning/courses-external/,להשאיר כארכיון · לספק קישורים · להסתיר מהתפריט,R2-007 · E-R2-03,,
עמוד · עיתונות,R2-015,ARC-01,עיתונות חיה בלי חבילת 13.8. לאשר כארכיון חי?,,,,ממתין לאייל,אייל,לא ברור,ארכיון חי + סימון על העץ,E-R2-04,גל 5: להשאיר חי. לא להמציא חבילה. לא 301 מאודות.,URL חי על העץ. שאלה לאייל בלבד.,סימון E-R2 על העץ הגרפי. בלי PHP.,TREE-S006-R2-GRAPHIC-2026-08-25.md,http://eyalamit-co-il-2026.s887.upress.link/press/,אושר כארכיון · יש תיקון (פרט),R2-015 · E-R2-04,,
עמוד · שירותים,R2-017,ARC-01,שירותים חיים בלי חבילת 13.8. לאשר כארכיון חי?,,,,ממתין לאייל,אייל,לא ברור,ארכיון חי + סימון על העץ,E-R2-04,גל 5: להשאיר חי. לא להמציא חבילה. לא 301 מאודות.,URL חי על העץ. שאלה לאייל בלבד.,סימון E-R2 על העץ הגרפי. בלי PHP.,TREE-S006-R2-GRAPHIC-2026-08-25.md,http://eyalamit-co-il-2026.s887.upress.link/services/,אושר כארכיון · יש תיקון (פרט),R2-017 · E-R2-04,,
עמוד · הופעות - מורשת מופע,R2-021,ARC-01,הופעות חיות בלי חבילת 13.8. לאשר כארכיון חי?,,,,ממתין לאייל,אייל,לא ברור,ארכיון חי + סימון על העץ,E-R2-04,גל 5: להשאיר חי. לא להמציא חבילה. לא 301 מאודות.,URL חי על העץ. שאלה לאייל בלבד.,סימון E-R2 על העץ הגרפי. בלי PHP.,TREE-S006-R2-GRAPHIC-2026-08-25.md,http://eyalamit-co-il-2026.s887.upress.link/shows-heritage/,אושר כארכיון · יש תיקון (פרט),R2-021 · E-R2-04,,
עמוד · תודה,R2-023,ARC-01,תודה חיה בלי חבילת 13.8. לאשר כארכיון חי?,,,,ממתין לאייל,אייל,לא ברור,ארכיון חי + סימון על העץ,E-R2-04,גל 5: להשאיר חי. לא להמציא חבילה. לא 301 מאודות.,URL חי על העץ. שאלה לאייל בלבד.,סימון E-R2 על העץ הגרפי. בלי PHP.,TREE-S006-R2-GRAPHIC-2026-08-25.md,http://eyalamit-co-il-2026.s887.upress.link/thank-you/,אושר כארכיון · יש תיקון (פרט),R2-023 · E-R2-04,,
